timestamp,timestamp_ms,method,scenario,est_x,est_y,gt_x,gt_y,error_m,raw_error_m,is_outlier
2026-04-01T21:22:31.890Z,1775078551890,rssi,Tag in the middle - C3,6.0800,2.9800,4.8000,4.7700,2.2006,2.2006,0
2026-04-01T21:22:33.660Z,1775078553660,rssi,Tag in the middle - C3,6.8400,1.8700,4.8000,4.7700,3.5456,3.5456,0
2026-04-01T21:22:34.449Z,1775078554449,raw,Tag in the middle - C3,6.0800,2.9800,4.8000,4.7700,2.2006,2.2006,0
2026-04-01T21:22:35.041Z,1775078555041,raw,Tag in the middle - C3,6.7400,1.9700,4.8000,4.7700,3.4064,3.4064,0
2026-04-01T21:22:35.637Z,1775078555637,kalman,Tag in the middle - C3,6.1000,2.9500,4.8000,4.7700,2.2366,2.2366,0
2026-04-01T21:22:36.220Z,1775078556220,kalman,Tag in the middle - C3,6.7700,1.9400,4.8000,4.7700,3.4482,3.4482,0
2026-04-01T21:22:36.795Z,1775078556795,fp,Tag in the middle - C3,4.3050,8.9415,4.8000,4.7700,4.2008,4.2008,0
2026-04-01T21:22:37.357Z,1775078557357,gp,Tag in the middle - C3,3.0500,6.3300,4.8000,4.7700,2.3444,2.3444,0
2026-04-01T21:22:37.925Z,1775078557925,rssi,Tag in the middle - C3,6.2600,2.7800,4.8000,4.7700,2.4681,2.4681,0
2026-04-01T21:22:38.493Z,1775078558493,rssi,Tag in the middle - C3,6.8400,1.8700,4.8000,4.7700,3.5456,3.5456,0
2026-04-01T21:22:39.068Z,1775078559068,raw,Tag in the middle - C3,6.0800,2.9800,4.8000,4.7700,2.2006,2.2006,0
2026-04-01T21:22:39.653Z,1775078559653,raw,Tag in the middle - C3,6.7400,1.9700,4.8000,4.7700,3.4064,3.4064,0
2026-04-01T21:22:40.440Z,1775078560440,kalman,Tag in the middle - C3,6.0900,2.9600,4.8000,4.7700,2.2227,2.2227,0
2026-04-01T21:22:41.202Z,1775078561202,kalman,Tag in the middle - C3,6.7600,1.9600,4.8000,4.7700,3.4260,3.4260,0
2026-04-01T21:22:41.964Z,1775078561964,fp,Tag in the middle - C3,4.3050,8.9415,4.8000,4.7700,4.2008,4.2008,0
2026-04-01T21:22:42.752Z,1775078562752,gp,Tag in the middle - C3,3.0500,6.3300,4.8000,4.7700,2.3444,2.3444,0
2026-04-01T21:23:52.447Z,1775078632447,rssi,Tag in the middle - C3,5.8200,2.8500,4.8000,4.7700,2.1741,2.1741,0
2026-04-01T21:23:53.040Z,1775078633040,rssi,Tag in the middle - C3,6.4800,2.0000,4.8000,4.7700,3.2396,3.2396,0
2026-04-01T21:23:53.624Z,1775078633624,raw,Tag in the middle - C3,5.8200,2.8500,4.8000,4.7700,2.1741,2.1741,0
2026-04-01T21:23:54.195Z,1775078634195,raw,Tag in the middle - C3,6.4300,1.8800,4.8000,4.7700,3.3180,3.3180,0
2026-04-01T21:23:54.782Z,1775078634782,kalman,Tag in the middle - C3,5.8900,2.9300,4.8000,4.7700,2.1386,2.1386,0
2026-04-01T21:23:55.371Z,1775078635371,kalman,Tag in the middle - C3,6.5300,1.9500,4.8000,4.7700,3.3084,3.3084,0
2026-04-01T21:23:55.964Z,1775078635964,fp,Tag in the middle - C3,4.3050,4.9675,4.8000,4.7700,0.5329,0.5329,0
2026-04-01T21:23:56.539Z,1775078636539,gp,Tag in the middle - C3,2.6900,5.8100,4.8000,4.7700,2.3524,2.3524,0
2026-04-01T21:23:57.104Z,1775078637104,rssi,Tag in the middle - C3,5.8700,3.1000,4.8000,4.7700,1.9834,1.9834,0
2026-04-01T21:23:57.673Z,1775078637673,rssi,Tag in the middle - C3,6.4800,2.0000,4.8000,4.7700,3.2396,3.2396,0
2026-04-01T21:23:58.254Z,1775078638254,raw,Tag in the middle - C3,5.8200,2.8500,4.8000,4.7700,2.1741,2.1741,0
2026-04-01T21:23:58.837Z,1775078638837,raw,Tag in the middle - C3,6.4300,1.8800,4.8000,4.7700,3.3180,3.3180,0
2026-04-01T21:23:59.428Z,1775078639428,kalman,Tag in the middle - C3,5.8600,2.9000,4.8000,4.7700,2.1495,2.1495,0
2026-04-01T21:24:00.002Z,1775078640002,kalman,Tag in the middle - C3,6.4900,1.9300,4.8000,4.7700,3.3048,3.3048,0
2026-04-01T21:24:00.568Z,1775078640568,fp,Tag in the middle - C3,4.3050,4.9675,4.8000,4.7700,0.5329,0.5329,0
2026-04-01T21:24:01.126Z,1775078641126,gp,Tag in the middle - C3,2.6900,5.8100,4.8000,4.7700,2.3524,2.3524,0
2026-04-01T21:25:33.894Z,1775078733894,rssi,Tag in the middle - C3,5.2500,2.2800,4.8000,4.7700,2.5303,2.5303,0
2026-04-01T21:25:34.483Z,1775078734483,rssi,Tag in the middle - C3,5.9800,1.4800,4.8000,4.7700,3.4952,3.4952,0
2026-04-01T21:25:35.076Z,1775078735076,raw,Tag in the middle - C3,5.5800,2.3600,4.8000,4.7700,2.5331,2.5331,0
2026-04-01T21:25:35.645Z,1775078735645,raw,Tag in the middle - C3,6.0900,1.4600,4.8000,4.7700,3.5525,3.5525,0
2026-04-01T21:25:36.221Z,1775078736221,kalman,Tag in the middle - C3,5.6100,2.4500,4.8000,4.7700,2.4573,2.4573,0
2026-04-01T21:25:36.808Z,1775078736808,kalman,Tag in the middle - C3,6.1500,1.5300,4.8000,4.7700,3.5100,3.5100,0
2026-04-01T21:25:37.385Z,1775078737385,fp,Tag in the middle - C3,2.5860,4.9675,4.8000,4.7700,2.2228,2.2228,0
2026-04-01T21:25:37.966Z,1775078737966,gp,Tag in the middle - C3,2.2200,5.5300,4.8000,4.7700,2.6896,2.6896,0
2026-04-01T21:25:38.557Z,1775078738557,rssi,Tag in the middle - C3,5.7100,2.4800,4.8000,4.7700,2.4642,2.4642,0
2026-04-01T21:25:39.145Z,1775078739145,rssi,Tag in the middle - C3,6.1800,1.5100,4.8000,4.7700,3.5401,3.5401,0
2026-04-01T21:25:39.694Z,1775078739694,raw,Tag in the middle - C3,5.5800,2.3600,4.8000,4.7700,2.5331,2.5331,0
2026-04-01T21:25:40.289Z,1775078740289,raw,Tag in the middle - C3,6.0900,1.4600,4.8000,4.7700,3.5525,3.5525,0
2026-04-01T21:25:40.849Z,1775078740849,kalman,Tag in the middle - C3,5.6000,2.4200,4.8000,4.7700,2.4824,2.4824,0
2026-04-01T21:25:41.433Z,1775078741433,kalman,Tag in the middle - C3,6.1300,1.5000,4.8000,4.7700,3.5301,3.5301,0
2026-04-01T21:25:42.022Z,1775078742022,fp,Tag in the middle - C3,2.5860,4.9675,4.8000,4.7700,2.2228,2.2228,0
2026-04-01T21:25:42.590Z,1775078742590,gp,Tag in the middle - C3,2.2200,5.5300,4.8000,4.7700,2.6896,2.6896,0
2026-04-01T21:27:15.330Z,1775078835330,rssi,Tag in the middle - C3,6.0800,3.0100,4.8000,4.7700,2.1762,2.1762,0
2026-04-01T21:27:15.918Z,1775078835918,rssi,Tag in the middle - C3,6.7800,1.9600,4.8000,4.7700,3.4375,3.4375,0
2026-04-01T21:27:16.495Z,1775078836495,raw,Tag in the middle - C3,5.9000,3.2500,4.8000,4.7700,1.8763,1.8763,0
2026-04-01T21:27:17.049Z,1775078837049,raw,Tag in the middle - C3,6.5400,2.2600,4.8000,4.7700,3.0541,3.0541,0
2026-04-01T21:27:17.617Z,1775078837617,kalman,Tag in the middle - C3,5.9600,3.0200,4.8000,4.7700,2.0995,2.0995,0
2026-04-01T21:27:18.198Z,1775078838198,kalman,Tag in the middle - C3,6.6000,2.0300,4.8000,4.7700,3.2784,3.2784,0
2026-04-01T21:27:18.756Z,1775078838756,fp,Tag in the middle - C3,4.3050,6.9545,4.8000,4.7700,2.2399,2.2399,0
2026-04-01T21:27:19.317Z,1775078839317,gp,Tag in the middle - C3,3.0600,5.8400,4.8000,4.7700,2.0427,2.0427,0
2026-04-01T21:27:19.876Z,1775078839876,rssi,Tag in the middle - C3,6.1600,2.9400,4.8000,4.7700,2.2800,2.2800,0
2026-04-01T21:27:20.466Z,1775078840466,rssi,Tag in the middle - C3,6.6800,2.0900,4.8000,4.7700,3.2737,3.2737,0
2026-04-01T21:27:21.054Z,1775078841054,raw,Tag in the middle - C3,5.9000,3.2500,4.8000,4.7700,1.8763,1.8763,0
2026-04-01T21:27:21.643Z,1775078841643,raw,Tag in the middle - C3,6.5400,2.2600,4.8000,4.7700,3.0541,3.0541,0
2026-04-01T21:27:22.202Z,1775078842202,kalman,Tag in the middle - C3,5.9400,3.1100,4.8000,4.7700,2.0138,2.0138,0
2026-04-01T21:27:22.759Z,1775078842759,kalman,Tag in the middle - C3,6.5800,2.1200,4.8000,4.7700,3.1923,3.1923,0
2026-04-01T21:27:23.346Z,1775078843346,fp,Tag in the middle - C3,4.3050,6.9545,4.8000,4.7700,2.2399,2.2399,0
2026-04-01T21:27:23.974Z,1775078843974,gp,Tag in the middle - C3,3.0600,5.8400,4.8000,4.7700,2.0427,2.0427,0
2026-04-01T21:28:33.725Z,1775078913725,rssi,Tag in the middle - C3,5.4900,3.8600,4.8000,4.7700,1.1420,1.1420,0
2026-04-01T21:28:34.345Z,1775078914345,rssi,Tag in the middle - C3,6.2200,2.8600,4.8000,4.7700,2.3800,2.3800,0
2026-04-01T21:28:34.974Z,1775078914974,raw,Tag in the middle - C3,5.4900,3.8600,4.8000,4.7700,1.1420,1.1420,0
2026-04-01T21:28:35.596Z,1775078915596,raw,Tag in the middle - C3,6.0600,2.9600,4.8000,4.7700,2.2054,2.2054,0
2026-04-01T21:28:36.178Z,1775078916178,kalman,Tag in the middle - C3,5.6600,3.6400,4.8000,4.7700,1.4200,1.4200,0
2026-04-01T21:28:36.744Z,1775078916744,kalman,Tag in the middle - C3,6.2600,2.6900,4.8000,4.7700,2.5413,2.5413,0
2026-04-01T21:28:37.316Z,1775078917316,fp,Tag in the middle - C3,4.3050,6.9545,4.8000,4.7700,2.2399,2.2399,0
2026-04-01T21:28:37.898Z,1775078917898,gp,Tag in the middle - C3,3.3500,4.9700,4.8000,4.7700,1.4637,1.4637,0
2026-04-01T21:28:38.469Z,1775078918469,rssi,Tag in the middle - C3,5.7500,3.7200,4.8000,4.7700,1.4160,1.4160,0
2026-04-01T21:28:39.239Z,1775078919239,rssi,Tag in the middle - C3,6.2200,2.8600,4.8000,4.7700,2.3800,2.3800,0
2026-04-01T21:28:40.009Z,1775078920009,raw,Tag in the middle - C3,5.4900,3.8600,4.8000,4.7700,1.1420,1.1420,0
2026-04-01T21:28:40.590Z,1775078920590,raw,Tag in the middle - C3,6.0600,2.9600,4.8000,4.7700,2.2054,2.2054,0
2026-04-01T21:28:41.158Z,1775078921158,kalman,Tag in the middle - C3,5.6000,3.7300,4.8000,4.7700,1.3121,1.3121,0
2026-04-01T21:28:41.741Z,1775078921741,kalman,Tag in the middle - C3,6.1800,2.7900,4.8000,4.7700,2.4135,2.4135,0
2026-04-01T21:28:42.316Z,1775078922316,fp,Tag in the middle - C3,4.3050,6.9545,4.8000,4.7700,2.2399,2.2399,0
2026-04-01T21:28:42.894Z,1775078922894,gp,Tag in the middle - C3,3.3500,4.9700,4.8000,4.7700,1.4637,1.4637,0
2026-04-01T21:30:15.732Z,1775079015732,rssi,Tag in the middle - C3,5.4800,3.5000,4.8000,4.7700,1.4406,1.4406,0
2026-04-01T21:30:16.321Z,1775079016321,rssi,Tag in the middle - C3,6.0800,2.5400,4.8000,4.7700,2.5712,2.5712,0
2026-04-01T21:30:16.885Z,1775079016885,raw,Tag in the middle - C3,5.6300,3.2900,4.8000,4.7700,1.6969,1.6969,0
2026-04-01T21:30:17.457Z,1775079017457,raw,Tag in the middle - C3,6.2600,2.3600,4.8000,4.7700,2.8177,2.8177,0
2026-04-01T21:30:18.034Z,1775079018034,kalman,Tag in the middle - C3,5.5700,3.4000,4.8000,4.7700,1.5716,1.5716,0
2026-04-01T21:30:18.624Z,1775079018624,kalman,Tag in the middle - C3,6.1900,2.4700,4.8000,4.7700,2.6874,2.6874,0
2026-04-01T21:30:19.193Z,1775079019193,fp,Tag in the middle - C3,0.8620,6.9545,4.8000,4.7700,4.5033,4.5033,0
2026-04-01T21:30:19.759Z,1775079019759,gp,Tag in the middle - C3,2.6400,4.4300,4.8000,4.7700,2.1866,2.1866,0
2026-04-01T21:30:20.335Z,1775079020335,rssi,Tag in the middle - C3,5.4900,3.3900,4.8000,4.7700,1.5429,1.5429,0
2026-04-01T21:30:20.904Z,1775079020904,rssi,Tag in the middle - C3,6.1800,2.4200,4.8000,4.7700,2.7252,2.7252,0
2026-04-01T21:30:21.494Z,1775079021494,raw,Tag in the middle - C3,5.6300,3.2900,4.8000,4.7700,1.6969,1.6969,0
2026-04-01T21:30:22.068Z,1775079022068,raw,Tag in the middle - C3,6.2600,2.3600,4.8000,4.7700,2.8177,2.8177,0
2026-04-01T21:30:22.633Z,1775079022633,kalman,Tag in the middle - C3,5.5900,3.3600,4.8000,4.7700,1.6162,1.6162,0
2026-04-01T21:30:23.198Z,1775079023198,kalman,Tag in the middle - C3,6.2200,2.4300,4.8000,4.7700,2.7372,2.7372,0
2026-04-01T21:30:23.793Z,1775079023793,fp,Tag in the middle - C3,0.8620,6.9545,4.8000,4.7700,4.5033,4.5033,0
2026-04-01T21:30:24.373Z,1775079024373,gp,Tag in the middle - C3,2.6400,4.4300,4.8000,4.7700,2.1866,2.1866,0
2026-04-01T21:31:34.214Z,1775079094214,rssi,Tag in the middle - C3,5.9300,3.4200,4.8000,4.7700,1.7605,1.7605,0
2026-04-01T21:31:35.008Z,1775079095008,rssi,Tag in the middle - C3,6.6300,2.4100,4.8000,4.7700,2.9864,2.9864,0
2026-04-01T21:31:35.556Z,1775079095556,raw,Tag in the middle - C3,5.9300,3.4200,4.8000,4.7700,1.7605,1.7605,0
2026-04-01T21:31:36.117Z,1775079096117,raw,Tag in the middle - C3,6.6000,2.4300,4.8000,4.7700,2.9522,2.9522,0
2026-04-01T21:31:36.686Z,1775079096686,kalman,Tag in the middle - C3,5.8700,3.4000,4.8000,4.7700,1.7383,1.7383,0
2026-04-01T21:31:37.264Z,1775079097264,kalman,Tag in the middle - C3,6.5300,2.4200,4.8000,4.7700,2.9181,2.9181,0
2026-04-01T21:31:37.830Z,1775079097830,fp,Tag in the middle - C3,4.3050,6.9545,4.8000,4.7700,2.2399,2.2399,0
2026-04-01T21:31:38.392Z,1775079098392,gp,Tag in the middle - C3,3.2200,5.5900,4.8000,4.7700,1.7801,1.7801,0
2026-04-01T21:31:38.954Z,1775079098954,rssi,Tag in the middle - C3,5.9900,3.4000,4.8000,4.7700,1.8147,1.8147,0
2026-04-01T21:31:39.713Z,1775079099713,rssi,Tag in the middle - C3,6.6300,2.4100,4.8000,4.7700,2.9864,2.9864,0
2026-04-01T21:31:40.524Z,1775079100524,raw,Tag in the middle - C3,5.9300,3.4200,4.8000,4.7700,1.7605,1.7605,0
2026-04-01T21:31:41.104Z,1775079101104,raw,Tag in the middle - C3,6.6000,2.4300,4.8000,4.7700,2.9522,2.9522,0
2026-04-01T21:31:41.675Z,1775079101675,kalman,Tag in the middle - C3,5.9000,3.4100,4.8000,4.7700,1.7492,1.7492,0
2026-04-01T21:31:42.433Z,1775079102433,kalman,Tag in the middle - C3,6.5600,2.4200,4.8000,4.7700,2.9360,2.9360,0
2026-04-01T21:31:43.017Z,1775079103017,fp,Tag in the middle - C3,4.3050,6.9545,4.8000,4.7700,2.2399,2.2399,0
2026-04-01T21:31:43.609Z,1775079103609,gp,Tag in the middle - C3,3.2200,5.5900,4.8000,4.7700,1.7801,1.7801,0
2026-04-01T21:33:16.399Z,1775079196399,rssi,Tag in the middle - C3,6.0800,3.3900,4.8000,4.7700,1.8822,1.8822,0
2026-04-01T21:33:17.208Z,1775079197208,rssi,Tag in the middle - C3,6.7000,2.5700,4.8000,4.7700,2.9069,2.9069,0
2026-04-01T21:33:17.774Z,1775079197774,raw,Tag in the middle - C3,6.0500,3.4400,4.8000,4.7700,1.8252,1.8252,0
2026-04-01T21:33:18.346Z,1775079198346,raw,Tag in the middle - C3,6.7300,2.4400,4.8000,4.7700,3.0255,3.0255,0
2026-04-01T21:33:18.930Z,1775079198930,kalman,Tag in the middle - C3,6.0200,3.5000,4.8000,4.7700,1.7611,1.7611,0
2026-04-01T21:33:19.709Z,1775079199709,kalman,Tag in the middle - C3,6.6900,2.5000,4.8000,4.7700,2.9538,2.9538,0
2026-04-01T21:33:20.298Z,1775079200298,fp,Tag in the middle - C3,4.3050,6.9545,4.8000,4.7700,2.2399,2.2399,0
2026-04-01T21:33:20.864Z,1775079200864,gp,Tag in the middle - C3,3.2700,5.7500,4.8000,4.7700,1.8169,1.8169,0
2026-04-01T21:33:21.635Z,1775079201635,rssi,Tag in the middle - C3,5.9800,3.7600,4.8000,4.7700,1.5532,1.5532,0
2026-04-01T21:33:22.221Z,1775079202221,rssi,Tag in the middle - C3,6.6800,2.6000,4.8000,4.7700,2.8711,2.8711,0
2026-04-01T21:33:22.803Z,1775079202803,raw,Tag in the middle - C3,6.0500,3.4400,4.8000,4.7700,1.8252,1.8252,0
2026-04-01T21:33:23.382Z,1775079203382,raw,Tag in the middle - C3,6.7300,2.4400,4.8000,4.7700,3.0255,3.0255,0
2026-04-01T21:33:23.947Z,1775079203947,kalman,Tag in the middle - C3,6.0300,3.4800,4.8000,4.7700,1.7824,1.7824,0
2026-04-01T21:33:24.514Z,1775079204514,kalman,Tag in the middle - C3,6.7100,2.4800,4.8000,4.7700,2.9820,2.9820,0
2026-04-01T21:33:25.088Z,1775079205088,fp,Tag in the middle - C3,4.3050,6.9545,4.8000,4.7700,2.2399,2.2399,0
2026-04-01T21:33:25.671Z,1775079205671,gp,Tag in the middle - C3,3.2700,5.7500,4.8000,4.7700,1.8169,1.8169,0
2026-04-01T21:35:28.272Z,1775079328272,rssi,Tag in the middle - C3,5.9700,3.0800,4.8000,4.7700,2.0555,2.0555,0
2026-04-01T21:35:28.859Z,1775079328859,rssi,Tag in the middle - C3,6.6400,2.0900,4.8000,4.7700,3.2508,3.2508,0
2026-04-01T21:35:29.659Z,1775079329659,raw,Tag in the middle - C3,5.9700,3.0800,4.8000,4.7700,2.0555,2.0555,0
2026-04-01T21:35:30.288Z,1775079330288,raw,Tag in the middle - C3,6.6400,2.0900,4.8000,4.7700,3.2508,3.2508,0
2026-04-01T21:35:30.889Z,1775079330889,kalman,Tag in the middle - C3,5.9700,3.0800,4.8000,4.7700,2.0555,2.0555,0
2026-04-01T21:35:31.625Z,1775079331625,kalman,Tag in the middle - C3,6.6400,2.0900,4.8000,4.7700,3.2508,3.2508,0
2026-04-01T21:35:32.244Z,1775079332244,fp,Tag in the middle - C3,4.3050,6.9545,4.8000,4.7700,2.2399,2.2399,0
2026-04-01T21:35:32.819Z,1775079332819,gp,Tag in the middle - C3,3.0500,5.8300,4.8000,4.7700,2.0460,2.0460,0
2026-04-01T21:35:33.395Z,1775079333395,rssi,Tag in the middle - C3,5.9700,3.0800,4.8000,4.7700,2.0555,2.0555,0
2026-04-01T21:35:33.952Z,1775079333952,rssi,Tag in the middle - C3,6.6400,2.0900,4.8000,4.7700,3.2508,3.2508,0
2026-04-01T21:35:34.716Z,1775079334716,raw,Tag in the middle - C3,5.9700,3.0800,4.8000,4.7700,2.0555,2.0555,0
2026-04-01T21:35:35.491Z,1775079335491,raw,Tag in the middle - C3,6.6400,2.0900,4.8000,4.7700,3.2508,3.2508,0
2026-04-01T21:35:36.072Z,1775079336072,kalman,Tag in the middle - C3,5.9700,3.0800,4.8000,4.7700,2.0555,2.0555,0
2026-04-01T21:35:36.634Z,1775079336634,kalman,Tag in the middle - C3,6.6400,2.0900,4.8000,4.7700,3.2508,3.2508,0
2026-04-01T21:35:37.213Z,1775079337213,fp,Tag in the middle - C3,4.3050,6.9545,4.8000,4.7700,2.2399,2.2399,0
2026-04-01T21:35:37.800Z,1775079337800,gp,Tag in the middle - C3,3.0500,5.8300,4.8000,4.7700,2.0460,2.0460,0
2026-04-01T21:36:47.567Z,1775079407567,rssi,Tag in the middle - C3,6.0100,3.0100,4.8000,4.7700,2.1358,2.1358,0
2026-04-01T21:36:48.363Z,1775079408363,rssi,Tag in the middle - C3,6.7400,1.9500,4.8000,4.7700,3.4229,3.4229,0
2026-04-01T21:36:49.148Z,1775079409148,raw,Tag in the middle - C3,6.0100,3.0100,4.8000,4.7700,2.1358,2.1358,0
2026-04-01T21:36:49.752Z,1775079409752,raw,Tag in the middle - C3,6.6900,2.0200,4.8000,4.7700,3.3369,3.3369,0
2026-04-01T21:36:50.379Z,1775079410379,kalman,Tag in the middle - C3,6.0200,3.0000,4.8000,4.7700,2.1497,2.1497,0
2026-04-01T21:36:50.971Z,1775079410971,kalman,Tag in the middle - C3,6.7000,2.0000,4.8000,4.7700,3.3590,3.3590,0
2026-04-01T21:36:51.553Z,1775079411553,fp,Tag in the middle - C3,0.8620,6.9545,4.8000,4.7700,4.5033,4.5033,0
2026-04-01T21:36:52.125Z,1775079412125,gp,Tag in the middle - C3,2.8800,5.6400,4.8000,4.7700,2.1079,2.1079,0
2026-04-01T21:36:52.677Z,1775079412677,rssi,Tag in the middle - C3,6.1000,2.8900,4.8000,4.7700,2.2857,2.2857,0
2026-04-01T21:36:53.245Z,1775079413245,rssi,Tag in the middle - C3,6.7400,1.9500,4.8000,4.7700,3.4229,3.4229,0
2026-04-01T21:36:53.831Z,1775079413831,raw,Tag in the middle - C3,6.0100,3.0100,4.8000,4.7700,2.1358,2.1358,0
2026-04-01T21:36:54.412Z,1775079414412,raw,Tag in the middle - C3,6.6900,2.0200,4.8000,4.7700,3.3369,3.3369,0
2026-04-01T21:36:54.999Z,1775079414999,kalman,Tag in the middle - C3,6.0200,3.0000,4.8000,4.7700,2.1497,2.1497,0
2026-04-01T21:36:55.561Z,1775079415561,kalman,Tag in the middle - C3,6.7000,2.0100,4.8000,4.7700,3.3508,3.3508,0
2026-04-01T21:36:56.148Z,1775079416148,fp,Tag in the middle - C3,0.8620,6.9545,4.8000,4.7700,4.5033,4.5033,0
2026-04-01T21:36:56.743Z,1775079416743,gp,Tag in the middle - C3,2.8800,5.6400,4.8000,4.7700,2.1079,2.1079,0
2026-04-01T21:38:29.495Z,1775079509495,rssi,Tag in the middle - C3,6.1000,3.3600,4.8000,4.7700,1.9178,1.9178,0
2026-04-01T21:38:30.289Z,1775079510289,rssi,Tag in the middle - C3,6.7900,2.3100,4.8000,4.7700,3.1641,3.1641,0
2026-04-01T21:38:30.870Z,1775079510870,raw,Tag in the middle - C3,6.0400,3.3300,4.8000,4.7700,1.9003,1.9003,0
2026-04-01T21:38:31.668Z,1775079511668,raw,Tag in the middle - C3,6.7000,2.3200,4.8000,4.7700,3.1004,3.1004,0
2026-04-01T21:38:32.262Z,1775079512262,kalman,Tag in the middle - C3,6.0700,3.2800,4.8000,4.7700,1.9578,1.9578,0
2026-04-01T21:38:32.854Z,1775079512854,kalman,Tag in the middle - C3,6.7400,2.2700,4.8000,4.7700,3.1644,3.1644,0
2026-04-01T21:38:33.444Z,1775079513444,fp,Tag in the middle - C3,4.3050,6.9545,4.8000,4.7700,2.2399,2.2399,0
2026-04-01T21:38:34.003Z,1775079514003,gp,Tag in the middle - C3,3.4300,6.1500,4.8000,4.7700,1.9446,1.9446,0
2026-04-01T21:38:34.565Z,1775079514565,rssi,Tag in the middle - C3,6.1400,3.3000,4.8000,4.7700,1.9891,1.9891,0
2026-04-01T21:38:35.139Z,1775079515139,rssi,Tag in the middle - C3,6.7600,2.3000,4.8000,4.7700,3.1532,3.1532,0
2026-04-01T21:38:35.709Z,1775079515709,raw,Tag in the middle - C3,6.0400,3.3300,4.8000,4.7700,1.9003,1.9003,0
2026-04-01T21:38:36.298Z,1775079516298,raw,Tag in the middle - C3,6.7000,2.3200,4.8000,4.7700,3.1004,3.1004,0
2026-04-01T21:38:36.872Z,1775079516872,kalman,Tag in the middle - C3,6.0600,3.3000,4.8000,4.7700,1.9361,1.9361,0
2026-04-01T21:38:37.442Z,1775079517442,kalman,Tag in the middle - C3,6.7300,2.2900,4.8000,4.7700,3.1425,3.1425,0
2026-04-01T21:38:38.033Z,1775079518033,fp,Tag in the middle - C3,4.3050,6.9545,4.8000,4.7700,2.2399,2.2399,0
2026-04-01T21:38:38.606Z,1775079518606,gp,Tag in the middle - C3,3.4300,6.1500,4.8000,4.7700,1.9446,1.9446,0
2026-04-01T21:40:11.397Z,1775079611397,rssi,Tag in the middle - C3,6.2600,3.1400,4.8000,4.7700,2.1883,2.1883,0
2026-04-01T21:40:12.235Z,1775079612235,rssi,Tag in the middle - C3,6.9500,2.1000,4.8000,4.7700,3.4280,3.4280,0
2026-04-01T21:40:13.025Z,1775079613025,raw,Tag in the middle - C3,6.2600,3.1400,4.8000,4.7700,2.1883,2.1883,0
2026-04-01T21:40:13.614Z,1775079613614,raw,Tag in the middle - C3,6.9700,2.1000,4.8000,4.7700,3.4406,3.4406,0
2026-04-01T21:40:14.197Z,1775079614197,kalman,Tag in the middle - C3,6.2100,3.1700,4.8000,4.7700,2.1326,2.1326,0
2026-04-01T21:40:14.796Z,1775079614796,kalman,Tag in the middle - C3,6.9000,2.1400,4.8000,4.7700,3.3655,3.3655,0
2026-04-01T21:40:15.383Z,1775079615383,fp,Tag in the middle - C3,4.3050,6.9545,4.8000,4.7700,2.2399,2.2399,0
2026-04-01T21:40:15.937Z,1775079615937,gp,Tag in the middle - C3,3.3500,6.5500,4.8000,4.7700,2.2958,2.2958,0
2026-04-01T21:40:16.700Z,1775079616700,rssi,Tag in the middle - C3,6.2300,3.1200,4.8000,4.7700,2.1834,2.1834,0
2026-04-01T21:40:17.274Z,1775079617274,rssi,Tag in the middle - C3,6.9500,2.1000,4.8000,4.7700,3.4280,3.4280,0
2026-04-01T21:40:17.843Z,1775079617843,raw,Tag in the middle - C3,6.2600,3.1400,4.8000,4.7700,2.1883,2.1883,0
2026-04-01T21:40:18.424Z,1775079618424,raw,Tag in the middle - C3,6.9700,2.1000,4.8000,4.7700,3.4406,3.4406,0
2026-04-01T21:40:18.983Z,1775079618983,kalman,Tag in the middle - C3,6.2300,3.1600,4.8000,4.7700,2.1534,2.1534,0
2026-04-01T21:40:19.536Z,1775079619536,kalman,Tag in the middle - C3,6.9300,2.1300,4.8000,4.7700,3.3921,3.3921,0
2026-04-01T21:40:20.095Z,1775079620095,fp,Tag in the middle - C3,4.3050,6.9545,4.8000,4.7700,2.2399,2.2399,0
2026-04-01T21:40:20.685Z,1775079620685,gp,Tag in the middle - C3,3.3500,6.5500,4.8000,4.7700,2.2958,2.2958,0
2026-04-01T21:41:30.389Z,1775079690389,rssi,Tag in the middle - C3,5.6800,4.2800,4.8000,4.7700,1.0072,1.0072,0
2026-04-01T21:41:31.001Z,1775079691001,rssi,Tag in the middle - C3,6.1500,3.6200,4.8000,4.7700,1.7734,1.7734,0
2026-04-01T21:41:31.576Z,1775079691576,raw,Tag in the middle - C3,5.6800,4.2800,4.8000,4.7700,1.0072,1.0072,0
2026-04-01T21:41:32.158Z,1775079692158,raw,Tag in the middle - C3,6.1400,3.4500,4.8000,4.7700,1.8810,1.8810,0
2026-04-01T21:41:32.738Z,1775079692738,kalman,Tag in the middle - C3,5.7900,4.0400,4.8000,4.7700,1.2300,1.2300,0
2026-04-01T21:41:33.337Z,1775079693337,kalman,Tag in the middle - C3,6.3200,3.1400,4.8000,4.7700,2.2287,2.2287,0
2026-04-01T21:41:33.937Z,1775079693937,fp,Tag in the middle - C3,4.3050,4.9675,4.8000,4.7700,0.5329,0.5329,0
2026-04-01T21:41:34.507Z,1775079694507,gp,Tag in the middle - C3,3.7700,7.6900,4.8000,4.7700,3.0963,3.0963,0
2026-04-01T21:41:35.272Z,1775079695272,rssi,Tag in the middle - C3,5.6900,4.5700,4.8000,4.7700,0.9122,0.9122,0
2026-04-01T21:41:35.829Z,1775079695829,rssi,Tag in the middle - C3,6.1500,3.6200,4.8000,4.7700,1.7734,1.7734,0
2026-04-01T21:41:36.399Z,1775079696399,raw,Tag in the middle - C3,5.6800,4.2800,4.8000,4.7700,1.0072,1.0072,0
2026-04-01T21:41:36.979Z,1775079696979,raw,Tag in the middle - C3,6.1400,3.4500,4.8000,4.7700,1.8810,1.8810,0
2026-04-01T21:41:37.561Z,1775079697561,kalman,Tag in the middle - C3,5.7500,4.1300,4.8000,4.7700,1.1455,1.1455,0
2026-04-01T21:41:38.126Z,1775079698126,kalman,Tag in the middle - C3,6.2500,3.2500,4.8000,4.7700,2.1007,2.1007,0
2026-04-01T21:41:38.677Z,1775079698677,fp,Tag in the middle - C3,4.3050,4.9675,4.8000,4.7700,0.5329,0.5329,0
2026-04-01T21:41:39.239Z,1775079699239,gp,Tag in the middle - C3,3.7700,7.6900,4.8000,4.7700,3.0963,3.0963,0
2026-04-01T21:43:12.038Z,1775079792038,rssi,Tag in the middle - C3,5.3200,4.6200,4.8000,4.7700,0.5412,0.5412,0
2026-04-01T21:43:12.658Z,1775079792658,rssi,Tag in the middle - C3,5.5400,3.8500,4.8000,4.7700,1.1807,1.1807,0
2026-04-01T21:43:13.246Z,1775079793246,raw,Tag in the middle - C3,5.4400,4.5400,4.8000,4.7700,0.6801,0.6801,0
2026-04-01T21:43:13.824Z,1775079793824,raw,Tag in the middle - C3,5.8100,3.8200,4.8000,4.7700,1.3866,1.3866,0
2026-04-01T21:43:14.421Z,1775079794421,kalman,Tag in the middle - C3,5.4000,4.4900,4.8000,4.7700,0.6621,0.6621,0
2026-04-01T21:43:15.031Z,1775079795031,kalman,Tag in the middle - C3,5.7600,3.7500,4.8000,4.7700,1.4007,1.4007,0
2026-04-01T21:43:15.634Z,1775079795634,fp,Tag in the middle - C3,4.3050,4.9675,4.8000,4.7700,0.5329,0.5329,0
2026-04-01T21:43:16.220Z,1775079796220,gp,Tag in the middle - C3,3.4900,7.8100,4.8000,4.7700,3.3102,3.3102,0
2026-04-01T21:43:16.795Z,1775079796795,rssi,Tag in the middle - C3,5.1600,4.5000,4.8000,4.7700,0.4500,0.4500,0
2026-04-01T21:43:17.362Z,1775079797362,rssi,Tag in the middle - C3,5.6300,3.8000,4.8000,4.7700,1.2766,1.2766,0
2026-04-01T21:43:17.943Z,1775079797943,raw,Tag in the middle - C3,5.4400,4.5400,4.8000,4.7700,0.6801,0.6801,0
2026-04-01T21:43:18.541Z,1775079798541,raw,Tag in the middle - C3,5.8100,3.8200,4.8000,4.7700,1.3866,1.3866,0
2026-04-01T21:43:19.122Z,1775079799122,kalman,Tag in the middle - C3,5.4200,4.5100,4.8000,4.7700,0.6723,0.6723,0
2026-04-01T21:43:19.703Z,1775079799703,kalman,Tag in the middle - C3,5.7800,3.7800,4.8000,4.7700,1.3930,1.3930,0
2026-04-01T21:43:20.289Z,1775079800289,fp,Tag in the middle - C3,4.3050,4.9675,4.8000,4.7700,0.5329,0.5329,0
2026-04-01T21:43:20.868Z,1775079800868,gp,Tag in the middle - C3,3.4900,7.8100,4.8000,4.7700,3.3102,3.3102,0
2026-04-01T21:44:30.555Z,1775079870555,rssi,Tag in the middle - C3,4.0800,4.5900,4.8000,4.7700,0.7422,0.7422,0
2026-04-01T21:44:31.148Z,1775079871148,rssi,Tag in the middle - C3,3.9100,3.9800,4.8000,4.7700,1.1900,1.1900,0
2026-04-01T21:44:31.744Z,1775079871744,raw,Tag in the middle - C3,4.0800,4.5900,4.8000,4.7700,0.7422,0.7422,0
2026-04-01T21:44:32.435Z,1775079872435,raw,Tag in the middle - C3,4.1000,3.9400,4.8000,4.7700,1.0858,1.0858,0
2026-04-01T21:44:33.121Z,1775079873121,kalman,Tag in the middle - C3,4.3100,4.5000,4.8000,4.7700,0.5595,0.5595,0
2026-04-01T21:44:33.799Z,1775079873799,kalman,Tag in the middle - C3,4.4000,3.8100,4.8000,4.7700,1.0400,1.0400,0
2026-04-01T21:44:34.468Z,1775079874468,fp,Tag in the middle - C3,4.3050,6.9545,4.8000,4.7700,2.2399,2.2399,0
2026-04-01T21:44:35.051Z,1775079875051,gp,Tag in the middle - C3,2.8800,5.2000,4.8000,4.7700,1.9676,1.9676,0
2026-04-01T21:44:35.623Z,1775079875623,rssi,Tag in the middle - C3,3.7500,4.6100,4.8000,4.7700,1.0621,1.0621,0
2026-04-01T21:44:36.192Z,1775079876192,rssi,Tag in the middle - C3,3.9100,3.9800,4.8000,4.7700,1.1900,1.1900,0
2026-04-01T21:44:36.759Z,1775079876759,raw,Tag in the middle - C3,4.0800,4.5900,4.8000,4.7700,0.7422,0.7422,0
2026-04-01T21:44:37.340Z,1775079877340,raw,Tag in the middle - C3,4.1000,3.9400,4.8000,4.7700,1.0858,1.0858,0
2026-04-01T21:44:37.929Z,1775079877929,kalman,Tag in the middle - C3,4.2200,4.5300,4.8000,4.7700,0.6277,0.6277,0
2026-04-01T21:44:38.493Z,1775079878493,kalman,Tag in the middle - C3,4.2800,3.8600,4.8000,4.7700,1.0481,1.0481,0
2026-04-01T21:44:39.045Z,1775079879045,fp,Tag in the middle - C3,4.3050,6.9545,4.8000,4.7700,2.2399,2.2399,0
2026-04-01T21:44:39.592Z,1775079879592,gp,Tag in the middle - C3,2.8800,5.2000,4.8000,4.7700,1.9676,1.9676,0
2026-04-01T21:46:12.325Z,1775079972325,rssi,Tag in the middle - C3,4.0700,5.3600,4.8000,4.7700,0.9386,0.9386,0
2026-04-01T21:46:12.941Z,1775079972941,rssi,Tag in the middle - C3,4.1100,4.9000,4.8000,4.7700,0.7021,0.7021,0
2026-04-01T21:46:13.534Z,1775079973534,raw,Tag in the middle - C3,4.1300,5.4800,4.8000,4.7700,0.9762,0.9762,0
2026-04-01T21:46:14.131Z,1775079974131,raw,Tag in the middle - C3,4.1900,5.1000,4.8000,4.7700,0.6935,0.6935,0
2026-04-01T21:46:14.719Z,1775079974719,kalman,Tag in the middle - C3,4.1300,5.2800,4.8000,4.7700,0.8420,0.8420,0
2026-04-01T21:46:15.292Z,1775079975292,kalman,Tag in the middle - C3,4.1800,4.8400,4.8000,4.7700,0.6239,0.6239,0
2026-04-01T21:46:15.864Z,1775079975864,fp,Tag in the middle - C3,4.3055,0.9935,4.8000,4.7700,3.8087,3.8087,0
2026-04-01T21:46:16.445Z,1775079976445,gp,Tag in the middle - C3,3.8000,3.3800,4.8000,4.7700,1.7123,1.7123,0
2026-04-01T21:46:17.027Z,1775079977027,rssi,Tag in the middle - C3,4.0700,5.2900,4.8000,4.7700,0.8963,0.8963,0
2026-04-01T21:46:17.602Z,1775079977602,rssi,Tag in the middle - C3,4.1500,4.9800,4.8000,4.7700,0.6831,0.6831,0
2026-04-01T21:46:18.162Z,1775079978162,raw,Tag in the middle - C3,4.1300,5.4800,4.8000,4.7700,0.9762,0.9762,0
2026-04-01T21:46:18.726Z,1775079978726,raw,Tag in the middle - C3,4.1900,5.1000,4.8000,4.7700,0.6935,0.6935,0
2026-04-01T21:46:19.283Z,1775079979283,kalman,Tag in the middle - C3,4.1300,5.3600,4.8000,4.7700,0.8927,0.8927,0
2026-04-01T21:46:19.868Z,1775079979868,kalman,Tag in the middle - C3,4.1900,4.9400,4.8000,4.7700,0.6332,0.6332,0
2026-04-01T21:46:20.453Z,1775079980453,fp,Tag in the middle - C3,4.3055,0.9935,4.8000,4.7700,3.8087,3.8087,0
2026-04-01T21:46:21.018Z,1775079981018,gp,Tag in the middle - C3,3.8000,3.3800,4.8000,4.7700,1.7123,1.7123,0
2026-04-01T21:47:53.754Z,1775080073754,rssi,Tag in the middle - C3,3.5500,6.4900,4.8200,3.7700,3.0019,3.0019,0
2026-04-01T21:47:54.571Z,1775080074571,rssi,Tag in the middle - C3,3.2900,6.4400,4.8200,3.7700,3.0773,3.0773,0
2026-04-01T21:47:55.141Z,1775080075141,raw,Tag in the middle - C3,3.5500,6.4900,4.8200,3.7700,3.0019,3.0019,0
2026-04-01T21:47:55.926Z,1775080075926,raw,Tag in the middle - C3,3.3700,6.5000,4.8200,3.7700,3.0912,3.0912,0
2026-04-01T21:47:56.506Z,1775080076506,kalman,Tag in the middle - C3,3.6500,6.2000,4.8200,3.7700,2.6970,2.6970,0
2026-04-01T21:47:57.094Z,1775080077094,kalman,Tag in the middle - C3,3.5200,6.1100,4.8200,3.7700,2.6769,2.6769,0
2026-04-01T21:47:57.680Z,1775080077680,fp,Tag in the middle - C3,4.3055,0.9935,4.8200,3.7700,2.8238,2.8238,0
2026-04-01T21:47:58.244Z,1775080078244,gp,Tag in the middle - C3,4.1700,3.4700,4.8200,3.7700,0.7159,0.7159,0
2026-04-01T21:47:58.809Z,1775080078809,rssi,Tag in the middle - C3,3.4400,6.3800,4.8200,3.7700,2.9524,2.9524,0
2026-04-01T21:47:59.572Z,1775080079572,rssi,Tag in the middle - C3,3.2900,6.4400,4.8200,3.7700,3.0773,3.0773,0
2026-04-01T21:48:00.344Z,1775080080344,raw,Tag in the middle - C3,3.5500,6.4900,4.8200,3.7700,3.0019,3.0019,0
2026-04-01T21:48:00.916Z,1775080080916,raw,Tag in the middle - C3,3.3700,6.5000,4.8200,3.7700,3.0912,3.0912,0
2026-04-01T21:48:01.489Z,1775080081489,kalman,Tag in the middle - C3,3.6100,6.3200,4.8200,3.7700,2.8225,2.8225,0
2026-04-01T21:48:02.038Z,1775080082038,kalman,Tag in the middle - C3,3.4600,6.2600,4.8200,3.7700,2.8372,2.8372,0
2026-04-01T21:48:02.599Z,1775080082599,fp,Tag in the middle - C3,4.3055,0.9935,4.8200,3.7700,2.8238,2.8238,0
2026-04-01T21:48:03.177Z,1775080083177,gp,Tag in the middle - C3,4.1700,3.4700,4.8200,3.7700,0.7159,0.7159,0
2026-04-01T21:49:12.931Z,1775080152931,rssi,Tag in the middle - C3,3.7600,6.5800,4.8200,3.7700,3.0033,3.0033,0
2026-04-01T21:49:13.714Z,1775080153714,rssi,Tag in the middle - C3,3.5500,6.7400,4.8200,3.7700,3.2301,3.2301,0
2026-04-01T21:49:14.283Z,1775080154283,raw,Tag in the middle - C3,3.7600,6.5800,4.8200,3.7700,3.0033,3.0033,0
2026-04-01T21:49:15.062Z,1775080155062,raw,Tag in the middle - C3,3.6300,6.5800,4.8200,3.7700,3.0516,3.0516,0
2026-04-01T21:49:15.637Z,1775080155637,kalman,Tag in the middle - C3,3.7000,6.5700,4.8200,3.7700,3.0157,3.0157,0
2026-04-01T21:49:16.199Z,1775080156199,kalman,Tag in the middle - C3,3.5500,6.5800,4.8200,3.7700,3.0837,3.0837,0
2026-04-01T21:49:16.759Z,1775080156759,fp,Tag in the middle - C3,4.3055,0.9935,4.8200,3.7700,2.8238,2.8238,0
2026-04-01T21:49:17.318Z,1775080157318,gp,Tag in the middle - C3,4.2900,4.7400,4.8200,3.7700,1.1054,1.1054,0
2026-04-01T21:49:17.879Z,1775080157879,rssi,Tag in the middle - C3,3.6500,6.8200,4.8200,3.7700,3.2667,3.2667,0
2026-04-01T21:49:18.475Z,1775080158475,rssi,Tag in the middle - C3,3.5500,6.7400,4.8200,3.7700,3.2301,3.2301,0
2026-04-01T21:49:19.065Z,1775080159065,raw,Tag in the middle - C3,3.7600,6.5800,4.8200,3.7700,3.0033,3.0033,0
2026-04-01T21:49:19.633Z,1775080159633,raw,Tag in the middle - C3,3.6300,6.5800,4.8200,3.7700,3.0516,3.0516,0
2026-04-01T21:49:20.192Z,1775080160192,kalman,Tag in the middle - C3,3.7200,6.5700,4.8200,3.7700,3.0083,3.0083,0
2026-04-01T21:49:20.756Z,1775080160756,kalman,Tag in the middle - C3,3.5800,6.5800,4.8200,3.7700,3.0714,3.0714,0
2026-04-01T21:49:21.311Z,1775080161311,fp,Tag in the middle - C3,4.3055,0.9935,4.8200,3.7700,2.8238,2.8238,0
2026-04-01T21:49:21.889Z,1775080161889,gp,Tag in the middle - C3,4.2900,4.7400,4.8200,3.7700,1.1054,1.1054,0
2026-04-01T21:50:54.630Z,1775080254630,rssi,Tag in the middle - C3,3.5400,6.4000,4.8200,3.7700,2.9249,2.9249,0
2026-04-01T21:50:55.218Z,1775080255218,rssi,Tag in the middle - C3,3.4700,6.6100,4.8200,3.7700,3.1445,3.1445,0
2026-04-01T21:50:55.784Z,1775080255784,raw,Tag in the middle - C3,3.7700,6.5900,4.8200,3.7700,3.0091,3.0091,0
2026-04-01T21:50:56.361Z,1775080256361,raw,Tag in the middle - C3,3.6300,6.5800,4.8200,3.7700,3.0516,3.0516,0
2026-04-01T21:50:56.940Z,1775080256940,kalman,Tag in the middle - C3,3.7200,6.6000,4.8200,3.7700,3.0363,3.0363,0
2026-04-01T21:50:57.523Z,1775080257523,kalman,Tag in the middle - C3,3.5800,6.6100,4.8200,3.7700,3.0989,3.0989,0
2026-04-01T21:50:58.092Z,1775080258092,fp,Tag in the middle - C3,4.3055,0.9935,4.8200,3.7700,2.8238,2.8238,0
2026-04-01T21:50:58.653Z,1775080258653,gp,Tag in the middle - C3,4.4000,4.6600,4.8200,3.7700,0.9841,0.9841,0
2026-04-01T21:50:59.211Z,1775080259211,rssi,Tag in the middle - C3,3.7300,6.7500,4.8200,3.7700,3.1731,3.1731,0
2026-04-01T21:50:59.798Z,1775080259798,rssi,Tag in the middle - C3,3.6100,6.7000,4.8200,3.7700,3.1700,3.1700,0
2026-04-01T21:51:00.403Z,1775080260403,raw,Tag in the middle - C3,3.7700,6.5900,4.8200,3.7700,3.0091,3.0091,0
2026-04-01T21:51:00.997Z,1775080260997,raw,Tag in the middle - C3,3.6300,6.5800,4.8200,3.7700,3.0516,3.0516,0
2026-04-01T21:51:01.576Z,1775080261576,kalman,Tag in the middle - C3,3.7400,6.5900,4.8200,3.7700,3.0197,3.0197,0
2026-04-01T21:51:02.132Z,1775080262132,kalman,Tag in the middle - C3,3.6000,6.6000,4.8200,3.7700,3.0818,3.0818,0
2026-04-01T21:51:02.707Z,1775080262707,fp,Tag in the middle - C3,4.3055,0.9935,4.8200,3.7700,2.8238,2.8238,0
2026-04-01T21:51:03.274Z,1775080263274,gp,Tag in the middle - C3,4.4000,4.6600,4.8200,3.7700,0.9841,0.9841,0
2026-04-01T21:52:12.970Z,1775080332970,rssi,Tag in the middle - C3,3.9000,7.1500,4.8200,3.7700,3.5030,3.5030,0
2026-04-01T21:52:13.563Z,1775080333563,rssi,Tag in the middle - C3,3.7500,7.3400,4.8200,3.7700,3.7269,3.7269,0
2026-04-01T21:52:14.128Z,1775080334128,raw,Tag in the middle - C3,3.9000,7.1500,4.8200,3.7700,3.5030,3.5030,0
2026-04-01T21:52:14.680Z,1775080334680,raw,Tag in the middle - C3,3.7800,7.3200,4.8200,3.7700,3.6992,3.6992,0
2026-04-01T21:52:15.259Z,1775080335259,kalman,Tag in the middle - C3,3.8700,7.0400,4.8200,3.7700,3.4052,3.4052,0
2026-04-01T21:52:15.843Z,1775080335843,kalman,Tag in the middle - C3,3.7400,7.1800,4.8200,3.7700,3.5769,3.5769,0
2026-04-01T21:52:16.435Z,1775080336435,fp,Tag in the middle - C3,4.3050,6.9545,4.8200,3.7700,3.2259,3.2259,0
2026-04-01T21:52:17.001Z,1775080337001,gp,Tag in the middle - C3,4.1500,6.3800,4.8200,3.7700,2.6946,2.6946,0
2026-04-01T21:52:17.572Z,1775080337572,rssi,Tag in the middle - C3,3.8700,7.1800,4.8200,3.7700,3.5399,3.5399,0
2026-04-01T21:52:18.365Z,1775080338365,rssi,Tag in the middle - C3,3.7500,7.3400,4.8200,3.7700,3.7269,3.7269,0
2026-04-01T21:52:18.948Z,1775080338948,raw,Tag in the middle - C3,3.9000,7.1500,4.8200,3.7700,3.5030,3.5030,0
2026-04-01T21:52:19.532Z,1775080339532,raw,Tag in the middle - C3,3.7800,7.3200,4.8200,3.7700,3.6992,3.6992,0
2026-04-01T21:52:20.109Z,1775080340109,kalman,Tag in the middle - C3,3.8800,7.0800,4.8200,3.7700,3.4409,3.4409,0
2026-04-01T21:52:20.699Z,1775080340699,kalman,Tag in the middle - C3,3.7500,7.2400,4.8200,3.7700,3.6312,3.6312,0
2026-04-01T21:52:21.259Z,1775080341259,fp,Tag in the middle - C3,4.3050,6.9545,4.8200,3.7700,3.2259,3.2259,0
2026-04-01T21:52:21.822Z,1775080341822,gp,Tag in the middle - C3,4.1500,6.3800,4.8200,3.7700,2.6946,2.6946,0
2026-04-01T21:53:54.696Z,1775080434696,rssi,Tag in the middle - C3,3.8900,6.3100,4.8200,3.7700,2.7049,2.7049,0
2026-04-01T21:53:55.298Z,1775080435298,rssi,Tag in the middle - C3,3.8200,6.2700,4.8200,3.7700,2.6926,2.6926,0
2026-04-01T21:53:55.848Z,1775080435848,raw,Tag in the middle - C3,3.8600,6.4100,4.8200,3.7700,2.8091,2.8091,0
2026-04-01T21:53:56.405Z,1775080436405,raw,Tag in the middle - C3,3.7800,6.3500,4.8200,3.7700,2.7817,2.7817,0
2026-04-01T21:53:56.991Z,1775080436991,kalman,Tag in the middle - C3,3.8800,6.4800,4.8200,3.7700,2.8684,2.8684,0
2026-04-01T21:53:57.574Z,1775080437574,kalman,Tag in the middle - C3,3.8000,6.4500,4.8200,3.7700,2.8675,2.8675,0
2026-04-01T21:53:58.144Z,1775080438144,fp,Tag in the middle - C3,4.3055,0.9935,4.8200,3.7700,2.8238,2.8238,0
2026-04-01T21:53:58.694Z,1775080438694,gp,Tag in the middle - C3,4.1900,4.4900,4.8200,3.7700,0.9567,0.9567,0
2026-04-01T21:53:59.244Z,1775080439244,rssi,Tag in the middle - C3,3.8800,6.3700,4.8200,3.7700,2.7647,2.7647,0
2026-04-01T21:53:59.801Z,1775080439801,rssi,Tag in the middle - C3,3.8000,6.3300,4.8200,3.7700,2.7557,2.7557,0
2026-04-01T21:54:00.631Z,1775080440631,raw,Tag in the middle - C3,3.8600,6.4100,4.8200,3.7700,2.8091,2.8091,0
2026-04-01T21:54:01.210Z,1775080441210,raw,Tag in the middle - C3,3.7800,6.3500,4.8200,3.7700,2.7817,2.7817,0
2026-04-01T21:54:01.766Z,1775080441766,kalman,Tag in the middle - C3,3.8700,6.4500,4.8200,3.7700,2.8434,2.8434,0
2026-04-01T21:54:02.517Z,1775080442517,kalman,Tag in the middle - C3,3.7900,6.4100,4.8200,3.7700,2.8338,2.8338,0
2026-04-01T21:54:03.081Z,1775080443081,fp,Tag in the middle - C3,4.3055,0.9935,4.8200,3.7700,2.8238,2.8238,0
2026-04-01T21:54:03.648Z,1775080443648,gp,Tag in the middle - C3,4.1900,4.4900,4.8200,3.7700,0.9567,0.9567,0
2026-04-01T21:55:13.357Z,1775080513357,rssi,Tag in the middle - C3,4.0200,6.3900,4.8200,3.7700,2.7394,2.7394,0
2026-04-01T21:55:14.141Z,1775080514141,rssi,Tag in the middle - C3,4.0500,6.2300,4.8200,3.7700,2.5777,2.5777,0
2026-04-01T21:55:14.880Z,1775080514880,raw,Tag in the middle - C3,4.1600,6.1700,4.8200,3.7700,2.4891,2.4891,0
2026-04-01T21:55:15.443Z,1775080515443,raw,Tag in the middle - C3,4.1900,5.9900,4.8200,3.7700,2.3077,2.3077,0
2026-04-01T21:55:16.016Z,1775080516016,kalman,Tag in the middle - C3,4.0300,6.3400,4.8200,3.7700,2.6887,2.6887,0
2026-04-01T21:55:16.578Z,1775080516578,kalman,Tag in the middle - C3,4.0100,6.2400,4.8200,3.7700,2.5994,2.5994,0
2026-04-01T21:55:17.132Z,1775080517132,fp,Tag in the middle - C3,4.3055,0.9935,4.8200,3.7700,2.8238,2.8238,0
2026-04-01T21:55:17.716Z,1775080517716,gp,Tag in the middle - C3,4.2700,4.4800,4.8200,3.7700,0.8981,0.8981,0
2026-04-01T21:55:18.302Z,1775080518302,rssi,Tag in the middle - C3,4.1000,6.2900,4.8200,3.7700,2.6208,2.6208,0
2026-04-01T21:55:18.884Z,1775080518884,rssi,Tag in the middle - C3,4.1500,6.0800,4.8200,3.7700,2.4052,2.4052,0
2026-04-01T21:55:19.479Z,1775080519479,raw,Tag in the middle - C3,4.1600,6.1700,4.8200,3.7700,2.4891,2.4891,0
2026-04-01T21:55:20.081Z,1775080520081,raw,Tag in the middle - C3,4.1900,5.9900,4.8200,3.7700,2.3077,2.3077,0
2026-04-01T21:55:20.668Z,1775080520668,kalman,Tag in the middle - C3,4.0800,6.2800,4.8200,3.7700,2.6168,2.6168,0
2026-04-01T21:55:21.266Z,1775080521266,kalman,Tag in the middle - C3,4.0800,6.1400,4.8200,3.7700,2.4828,2.4828,0
2026-04-01T21:55:21.835Z,1775080521835,fp,Tag in the middle - C3,4.3055,0.9935,4.8200,3.7700,2.8238,2.8238,0
2026-04-01T21:55:22.455Z,1775080522455,gp,Tag in the middle - C3,4.2700,4.4800,4.8200,3.7700,0.8981,0.8981,0
2026-04-01T21:56:32.287Z,1775080592287,rssi,Tag in the middle - C3,4.5800,5.4600,4.8200,3.7700,1.7070,1.7070,0
2026-04-01T21:56:32.892Z,1775080592892,rssi,Tag in the middle - C3,4.7500,5.1200,4.8200,3.7700,1.3518,1.3518,0
2026-04-01T21:56:33.468Z,1775080593468,raw,Tag in the middle - C3,4.5800,5.4600,4.8200,3.7700,1.7070,1.7070,0
2026-04-01T21:56:34.054Z,1775080594054,raw,Tag in the middle - C3,4.8100,5.0100,4.8200,3.7700,1.2400,1.2400,0
2026-04-01T21:56:34.645Z,1775080594645,kalman,Tag in the middle - C3,4.4400,5.6800,4.8200,3.7700,1.9474,1.9474,0
2026-04-01T21:56:35.218Z,1775080595218,kalman,Tag in the middle - C3,4.6100,5.3200,4.8200,3.7700,1.5642,1.5642,0
2026-04-01T21:56:35.792Z,1775080595792,fp,Tag in the middle - C3,4.3055,0.9935,4.8200,3.7700,2.8238,2.8238,0
2026-04-01T21:56:36.360Z,1775080596360,gp,Tag in the middle - C3,4.1000,3.5900,4.8200,3.7700,0.7422,0.7422,0
2026-04-01T21:56:36.930Z,1775080596930,rssi,Tag in the middle - C3,4.4800,5.6000,4.8200,3.7700,1.8613,1.8613,0
2026-04-01T21:56:37.698Z,1775080597698,rssi,Tag in the middle - C3,4.7500,5.1200,4.8200,3.7700,1.3518,1.3518,0
2026-04-01T21:56:38.270Z,1775080598270,raw,Tag in the middle - C3,4.5800,5.4600,4.8200,3.7700,1.7070,1.7070,0
2026-04-01T21:56:38.824Z,1775080598824,raw,Tag in the middle - C3,4.8100,5.0100,4.8200,3.7700,1.2400,1.2400,0
2026-04-01T21:56:39.384Z,1775080599384,kalman,Tag in the middle - C3,4.5000,5.5900,4.8200,3.7700,1.8479,1.8479,0
2026-04-01T21:56:39.961Z,1775080599961,kalman,Tag in the middle - C3,4.6900,5.2000,4.8200,3.7700,1.4359,1.4359,0
2026-04-01T21:56:40.549Z,1775080600549,fp,Tag in the middle - C3,4.3055,0.9935,4.8200,3.7700,2.8238,2.8238,0
2026-04-01T21:56:41.135Z,1775080601135,gp,Tag in the middle - C3,4.1000,3.5900,4.8200,3.7700,0.7422,0.7422,0
2026-04-01T21:57:50.794Z,1775080670794,rssi,Tag in the middle - C3,4.1900,6.2000,4.8200,3.7700,2.5103,2.5103,0
2026-04-01T21:57:51.606Z,1775080671606,rssi,Tag in the middle - C3,4.2400,6.0400,4.8200,3.7700,2.3429,2.3429,0
2026-04-01T21:57:52.177Z,1775080672177,raw,Tag in the middle - C3,4.1900,6.2000,4.8200,3.7700,2.5103,2.5103,0
2026-04-01T21:57:52.957Z,1775080672957,raw,Tag in the middle - C3,4.2400,6.0400,4.8200,3.7700,2.3429,2.3429,0
2026-04-01T21:57:53.548Z,1775080673548,kalman,Tag in the middle - C3,4.2600,6.0600,4.8200,3.7700,2.3575,2.3575,0
2026-04-01T21:57:54.136Z,1775080674136,kalman,Tag in the middle - C3,4.3400,5.8500,4.8200,3.7700,2.1347,2.1347,0
2026-04-01T21:57:54.717Z,1775080674717,fp,Tag in the middle - C3,4.3055,0.9935,4.8200,3.7700,2.8238,2.8238,0
2026-04-01T21:57:55.280Z,1775080675280,gp,Tag in the middle - C3,4.3200,3.8200,4.8200,3.7700,0.5025,0.5025,0
2026-04-01T21:57:55.843Z,1775080675843,rssi,Tag in the middle - C3,4.1900,6.2000,4.8200,3.7700,2.5103,2.5103,0
2026-04-01T21:57:56.614Z,1775080676614,rssi,Tag in the middle - C3,4.2400,6.0400,4.8200,3.7700,2.3429,2.3429,0
2026-04-01T21:57:57.393Z,1775080677393,raw,Tag in the middle - C3,4.1900,6.2000,4.8200,3.7700,2.5103,2.5103,0
2026-04-01T21:57:57.971Z,1775080677971,raw,Tag in the middle - C3,4.2400,6.0400,4.8200,3.7700,2.3429,2.3429,0
2026-04-01T21:57:58.547Z,1775080678547,kalman,Tag in the middle - C3,4.2300,6.1200,4.8200,3.7700,2.4229,2.4229,0
2026-04-01T21:57:59.098Z,1775080679098,kalman,Tag in the middle - C3,4.3000,5.9200,4.8200,3.7700,2.2120,2.2120,0
2026-04-01T21:57:59.669Z,1775080679669,fp,Tag in the middle - C3,4.3055,0.9935,4.8200,3.7700,2.8238,2.8238,0
2026-04-01T21:58:00.249Z,1775080680249,gp,Tag in the middle - C3,4.3200,3.8200,4.8200,3.7700,0.5025,0.5025,0
2026-04-01T21:59:33.033Z,1775080773033,rssi,Tag in the middle - C3,4.0800,5.9300,4.8200,3.7700,2.2832,2.2832,0
2026-04-01T21:59:33.649Z,1775080773649,rssi,Tag in the middle - C3,4.0900,5.5400,4.8200,3.7700,1.9146,1.9146,0
2026-04-01T21:59:34.234Z,1775080774234,raw,Tag in the middle - C3,3.9100,5.3000,4.8200,3.7700,1.7802,1.7802,0
2026-04-01T21:59:34.830Z,1775080774830,raw,Tag in the middle - C3,3.9200,4.9200,4.8200,3.7700,1.4603,1.4603,0
2026-04-01T21:59:35.461Z,1775080775461,kalman,Tag in the middle - C3,4.0100,5.5900,4.8200,3.7700,1.9921,1.9921,0
2026-04-01T21:59:36.226Z,1775080776226,kalman,Tag in the middle - C3,4.0500,5.2800,4.8200,3.7700,1.6950,1.6950,0
2026-04-01T21:59:36.859Z,1775080776859,fp,Tag in the middle - C3,4.3050,2.9805,4.8200,3.7700,0.9426,0.9426,0
2026-04-01T21:59:37.480Z,1775080777480,gp,Tag in the middle - C3,3.5700,1.8000,4.8200,3.7700,2.3331,2.3331,0
2026-04-01T21:59:38.060Z,1775080778060,rssi,Tag in the middle - C3,4.0200,5.6300,4.8200,3.7700,2.0247,2.0247,0
2026-04-01T21:59:38.653Z,1775080778653,rssi,Tag in the middle - C3,3.9900,5.1400,4.8200,3.7700,1.6018,1.6018,0
2026-04-01T21:59:39.254Z,1775080779254,raw,Tag in the middle - C3,3.9100,5.3000,4.8200,3.7700,1.7802,1.7802,0
2026-04-01T21:59:39.862Z,1775080779862,raw,Tag in the middle - C3,3.9200,4.9200,4.8200,3.7700,1.4603,1.4603,0
2026-04-01T21:59:40.437Z,1775080780437,kalman,Tag in the middle - C3,3.9700,5.4800,4.8200,3.7700,1.9096,1.9096,0
2026-04-01T21:59:41.021Z,1775080781021,kalman,Tag in the middle - C3,4.0000,5.1400,4.8200,3.7700,1.5967,1.5967,0
2026-04-01T21:59:41.602Z,1775080781602,fp,Tag in the middle - C3,4.3050,2.9805,4.8200,3.7700,0.9426,0.9426,0
2026-04-01T21:59:42.178Z,1775080782178,gp,Tag in the middle - C3,3.5700,1.8000,4.8200,3.7700,2.3331,2.3331,0
2026-04-01T22:00:51.913Z,1775080851913,rssi,Tag in the middle - C3,4.3200,6.3900,4.8200,3.7700,2.6673,2.6673,0
2026-04-01T22:00:52.515Z,1775080852515,rssi,Tag in the middle - C3,4.3900,6.2600,4.8200,3.7700,2.5269,2.5269,0
2026-04-01T22:00:53.106Z,1775080853106,raw,Tag in the middle - C3,4.3200,6.3900,4.8200,3.7700,2.6673,2.6673,0
2026-04-01T22:00:53.693Z,1775080853693,raw,Tag in the middle - C3,4.3800,6.2500,4.8200,3.7700,2.5187,2.5187,0
2026-04-01T22:00:54.289Z,1775080854289,kalman,Tag in the middle - C3,4.2600,6.2000,4.8200,3.7700,2.4937,2.4937,0
2026-04-01T22:00:54.884Z,1775080854884,kalman,Tag in the middle - C3,4.3300,6.0200,4.8200,3.7700,2.3027,2.3027,0
2026-04-01T22:00:55.479Z,1775080855479,fp,Tag in the middle - C3,4.3055,0.9935,4.8200,3.7700,2.8238,2.8238,0
2026-04-01T22:00:56.068Z,1775080856068,gp,Tag in the middle - C3,4.6100,4.2200,4.8200,3.7700,0.4966,0.4966,0
2026-04-01T22:00:56.623Z,1775080856623,rssi,Tag in the middle - C3,4.3200,6.4100,4.8200,3.7700,2.6869,2.6869,0
2026-04-01T22:00:57.199Z,1775080857199,rssi,Tag in the middle - C3,4.3900,6.2600,4.8200,3.7700,2.5269,2.5269,0
2026-04-01T22:00:57.754Z,1775080857754,raw,Tag in the middle - C3,4.3200,6.3900,4.8200,3.7700,2.6673,2.6673,0
2026-04-01T22:00:58.318Z,1775080858318,raw,Tag in the middle - C3,4.3800,6.2500,4.8200,3.7700,2.5187,2.5187,0
2026-04-01T22:00:58.897Z,1775080858897,kalman,Tag in the middle - C3,4.2800,6.2700,4.8200,3.7700,2.5577,2.5577,0
2026-04-01T22:00:59.497Z,1775080859497,kalman,Tag in the middle - C3,4.3500,6.1100,4.8200,3.7700,2.3867,2.3867,0
2026-04-01T22:01:00.056Z,1775080860056,fp,Tag in the middle - C3,4.3055,0.9935,4.8200,3.7700,2.8238,2.8238,0
2026-04-01T22:01:00.606Z,1775080860606,gp,Tag in the middle - C3,4.6100,4.2200,4.8200,3.7700,0.4966,0.4966,0
2026-04-01T22:02:33.345Z,1775080953345,rssi,Tag in the middle - C3,3.1600,6.1500,4.8200,3.7700,2.9017,2.9017,0
2026-04-01T22:02:33.987Z,1775080953987,rssi,Tag in the middle - C3,3.0200,6.1900,4.8200,3.7700,3.0160,3.0160,0
2026-04-01T22:02:34.558Z,1775080954558,raw,Tag in the middle - C3,3.5400,6.0600,4.8200,3.7700,2.6235,2.6235,0
2026-04-01T22:02:35.143Z,1775080955143,raw,Tag in the middle - C3,3.4100,5.9900,4.8200,3.7700,2.6299,2.6299,0
2026-04-01T22:02:35.731Z,1775080955731,kalman,Tag in the middle - C3,3.5400,6.1600,4.8200,3.7700,2.7112,2.7112,0
2026-04-01T22:02:36.321Z,1775080956321,kalman,Tag in the middle - C3,3.4000,6.1200,4.8200,3.7700,2.7457,2.7457,0
2026-04-01T22:02:36.913Z,1775080956913,fp,Tag in the middle - C3,4.3055,0.9935,4.8200,3.7700,2.8238,2.8238,0
2026-04-01T22:02:37.493Z,1775080957493,gp,Tag in the middle - C3,3.8300,1.3000,4.8200,3.7700,2.6610,2.6610,0
2026-04-01T22:02:38.246Z,1775080958246,rssi,Tag in the middle - C3,3.3400,6.2200,4.8200,3.7700,2.8623,2.8623,0
2026-04-01T22:02:38.896Z,1775080958896,rssi,Tag in the middle - C3,3.2700,6.1100,4.8200,3.7700,2.8068,2.8068,0
2026-04-01T22:02:39.519Z,1775080959519,raw,Tag in the middle - C3,3.5400,6.0600,4.8200,3.7700,2.6235,2.6235,0
2026-04-01T22:02:40.226Z,1775080960226,raw,Tag in the middle - C3,3.4100,5.9900,4.8200,3.7700,2.6299,2.6299,0
2026-04-01T22:02:40.980Z,1775080960980,kalman,Tag in the middle - C3,3.5400,6.1200,4.8200,3.7700,2.6760,2.6760,0
2026-04-01T22:02:41.635Z,1775080961635,kalman,Tag in the middle - C3,3.4000,6.0700,4.8200,3.7700,2.7030,2.7030,0
2026-04-01T22:02:42.243Z,1775080962243,fp,Tag in the middle - C3,4.3055,0.9935,4.8200,3.7700,2.8238,2.8238,0
2026-04-01T22:02:42.846Z,1775080962846,gp,Tag in the middle - C3,3.8300,1.3000,4.8200,3.7700,2.6610,2.6610,0
2026-04-01T22:03:52.663Z,1775081032663,rssi,Tag in the middle - C3,3.9200,6.5800,4.8200,3.7700,2.9506,2.9506,0
2026-04-01T22:03:53.272Z,1775081033272,rssi,Tag in the middle - C3,3.7100,6.6900,4.8200,3.7700,3.1239,3.1239,0
2026-04-01T22:03:53.868Z,1775081033868,raw,Tag in the middle - C3,3.9200,6.5800,4.8200,3.7700,2.9506,2.9506,0
2026-04-01T22:03:54.452Z,1775081034452,raw,Tag in the middle - C3,3.8300,6.5400,4.8200,3.7700,2.9416,2.9416,0
2026-04-01T22:03:55.064Z,1775081035064,kalman,Tag in the middle - C3,3.7900,6.5100,4.8200,3.7700,2.9272,2.9272,0
2026-04-01T22:03:55.660Z,1775081035660,kalman,Tag in the middle - C3,3.6700,6.4800,4.8200,3.7700,2.9439,2.9439,0
2026-04-01T22:03:56.254Z,1775081036254,fp,Tag in the middle - C3,4.3055,0.9935,4.8200,3.7700,2.8238,2.8238,0
2026-04-01T22:03:56.832Z,1775081036832,gp,Tag in the middle - C3,4.4600,5.3300,4.8200,3.7700,1.6010,1.6010,0
2026-04-01T22:03:57.403Z,1775081037403,rssi,Tag in the middle - C3,3.7700,6.8000,4.8200,3.7700,3.2068,3.2068,0
2026-04-01T22:03:57.971Z,1775081037971,rssi,Tag in the middle - C3,3.7100,6.6900,4.8200,3.7700,3.1239,3.1239,0
2026-04-01T22:03:58.559Z,1775081038559,raw,Tag in the middle - C3,3.9200,6.5800,4.8200,3.7700,2.9506,2.9506,0
2026-04-01T22:03:59.149Z,1775081039149,raw,Tag in the middle - C3,3.8300,6.5400,4.8200,3.7700,2.9416,2.9416,0
2026-04-01T22:03:59.747Z,1775081039747,kalman,Tag in the middle - C3,3.8400,6.5400,4.8200,3.7700,2.9382,2.9382,0
2026-04-01T22:04:00.591Z,1775081040591,kalman,Tag in the middle - C3,3.7300,6.5100,4.8200,3.7700,2.9488,2.9488,0
2026-04-01T22:04:01.191Z,1775081041191,fp,Tag in the middle - C3,4.3055,0.9935,4.8200,3.7700,2.8238,2.8238,0
2026-04-01T22:04:01.783Z,1775081041783,gp,Tag in the middle - C3,4.4600,5.3300,4.8200,3.7700,1.6010,1.6010,0
2026-04-01T22:05:34.576Z,1775081134576,rssi,Tag in the middle - C3,5.3200,4.6500,4.8200,3.7700,1.0121,1.0121,0
2026-04-01T22:05:35.187Z,1775081135187,rssi,Tag in the middle - C3,5.7900,3.8600,4.8200,3.7700,0.9742,0.9742,0
2026-04-01T22:05:35.742Z,1775081135742,raw,Tag in the middle - C3,5.5200,4.3300,4.8200,3.7700,0.8964,0.8964,0
2026-04-01T22:05:36.307Z,1775081136307,raw,Tag in the middle - C3,6.0700,3.4700,4.8200,3.7700,1.2855,1.2855,0
2026-04-01T22:05:36.881Z,1775081136881,kalman,Tag in the middle - C3,5.1900,4.7600,4.8200,3.7700,1.0569,1.0569,0
2026-04-01T22:05:37.462Z,1775081137462,kalman,Tag in the middle - C3,5.6400,4.0300,4.8200,3.7700,0.8602,0.8602,0
2026-04-01T22:05:38.033Z,1775081138033,fp,Tag in the middle - C3,4.3050,6.9545,4.8200,3.7700,3.2259,3.2259,0
2026-04-01T22:05:38.594Z,1775081138594,gp,Tag in the middle - C3,3.8800,5.3600,4.8200,3.7700,1.8471,1.8471,0
2026-04-01T22:05:39.153Z,1775081139153,rssi,Tag in the middle - C3,5.2700,4.6000,4.8200,3.7700,0.9441,0.9441,0
2026-04-01T22:05:39.726Z,1775081139726,rssi,Tag in the middle - C3,5.9200,3.6500,4.8200,3.7700,1.1065,1.1065,0
2026-04-01T22:05:40.326Z,1775081140326,raw,Tag in the middle - C3,5.5200,4.3300,4.8200,3.7700,0.8964,0.8964,0
2026-04-01T22:05:40.929Z,1775081140929,raw,Tag in the middle - C3,6.0700,3.4700,4.8200,3.7700,1.2855,1.2855,0
2026-04-01T22:05:41.512Z,1775081141512,kalman,Tag in the middle - C3,5.3200,4.5900,4.8200,3.7700,0.9604,0.9604,0
2026-04-01T22:05:42.083Z,1775081142083,kalman,Tag in the middle - C3,5.8100,3.8100,4.8200,3.7700,0.9908,0.9908,0
2026-04-01T22:05:42.648Z,1775081142648,fp,Tag in the middle - C3,4.3050,6.9545,4.8200,3.7700,3.2259,3.2259,0
2026-04-01T22:05:43.227Z,1775081143227,gp,Tag in the middle - C3,3.8800,5.3600,4.8200,3.7700,1.8471,1.8471,0
2026-04-01T22:07:16.016Z,1775081236016,rssi,Tag in the middle - C3,5.1800,4.0500,4.8200,3.7700,0.4561,0.4561,0
2026-04-01T22:07:16.611Z,1775081236611,rssi,Tag in the middle - C3,5.5900,3.2100,4.8200,3.7700,0.9521,0.9521,0
2026-04-01T22:07:17.165Z,1775081237165,raw,Tag in the middle - C3,5.1800,4.0500,4.8200,3.7700,0.4561,0.4561,0
2026-04-01T22:07:17.731Z,1775081237731,raw,Tag in the middle - C3,5.6800,3.2400,4.8200,3.7700,1.0102,1.0102,0
2026-04-01T22:07:18.294Z,1775081238294,kalman,Tag in the middle - C3,5.1900,4.1600,4.8200,3.7700,0.5376,0.5376,0
2026-04-01T22:07:18.873Z,1775081238873,kalman,Tag in the middle - C3,5.6800,3.3500,4.8200,3.7700,0.9571,0.9571,0
2026-04-01T22:07:19.448Z,1775081239448,fp,Tag in the middle - C3,4.3050,6.9545,4.8200,3.7700,3.2259,3.2259,0
2026-04-01T22:07:19.998Z,1775081239998,gp,Tag in the middle - C3,3.1100,4.4200,4.8200,3.7700,1.8294,1.8294,0
2026-04-01T22:07:20.551Z,1775081240551,rssi,Tag in the middle - C3,5.0400,3.9800,4.8200,3.7700,0.3041,0.3041,0
2026-04-01T22:07:21.116Z,1775081241116,rssi,Tag in the middle - C3,5.5900,3.2100,4.8200,3.7700,0.9521,0.9521,0
2026-04-01T22:07:21.695Z,1775081241695,raw,Tag in the middle - C3,5.1800,4.0500,4.8200,3.7700,0.4561,0.4561,0
2026-04-01T22:07:22.286Z,1775081242286,raw,Tag in the middle - C3,5.6800,3.2400,4.8200,3.7700,1.0102,1.0102,0
2026-04-01T22:07:22.866Z,1775081242866,kalman,Tag in the middle - C3,5.1900,4.1200,4.8200,3.7700,0.5093,0.5093,0
2026-04-01T22:07:23.437Z,1775081243437,kalman,Tag in the middle - C3,5.6800,3.3100,4.8200,3.7700,0.9753,0.9753,0
2026-04-01T22:07:24.044Z,1775081244044,fp,Tag in the middle - C3,4.3050,6.9545,4.8200,3.7700,3.2259,3.2259,0
2026-04-01T22:07:24.625Z,1775081244625,gp,Tag in the middle - C3,3.1100,4.4200,4.8200,3.7700,1.8294,1.8294,0
2026-04-01T22:08:34.393Z,1775081314393,rssi,Tag in the middle - C3,5.5600,4.3800,4.8200,3.7700,0.9590,0.9590,0
2026-04-01T22:08:35.184Z,1775081315184,rssi,Tag in the middle - C3,6.0500,3.6400,4.8200,3.7700,1.2369,1.2369,0
2026-04-01T22:08:35.773Z,1775081315773,raw,Tag in the middle - C3,5.5600,4.3800,4.8200,3.7700,0.9590,0.9590,0
2026-04-01T22:08:36.356Z,1775081316356,raw,Tag in the middle - C3,6.1100,3.5200,4.8200,3.7700,1.3140,1.3140,0
2026-04-01T22:08:36.953Z,1775081316953,kalman,Tag in the middle - C3,5.4600,4.3700,4.8200,3.7700,0.8773,0.8773,0
2026-04-01T22:08:37.549Z,1775081317549,kalman,Tag in the middle - C3,6.0000,3.5300,4.8200,3.7700,1.2042,1.2042,0
2026-04-01T22:08:38.136Z,1775081318136,fp,Tag in the middle - C3,4.3050,6.9545,4.8200,3.7700,3.2259,3.2259,0
2026-04-01T22:08:38.702Z,1775081318702,gp,Tag in the middle - C3,4.0000,5.8100,4.8200,3.7700,2.1986,2.1986,0
2026-04-01T22:08:39.267Z,1775081319267,rssi,Tag in the middle - C3,5.4600,4.5700,4.8200,3.7700,1.0245,1.0245,0
2026-04-01T22:08:39.848Z,1775081319848,rssi,Tag in the middle - C3,6.0500,3.6400,4.8200,3.7700,1.2369,1.2369,0
2026-04-01T22:08:40.425Z,1775081320425,raw,Tag in the middle - C3,5.5600,4.3800,4.8200,3.7700,0.9590,0.9590,0
2026-04-01T22:08:41.007Z,1775081321007,raw,Tag in the middle - C3,6.1100,3.5200,4.8200,3.7700,1.3140,1.3140,0
2026-04-01T22:08:41.588Z,1775081321588,kalman,Tag in the middle - C3,5.5000,4.3800,4.8200,3.7700,0.9135,0.9135,0
2026-04-01T22:08:42.143Z,1775081322143,kalman,Tag in the middle - C3,6.0500,3.5300,4.8200,3.7700,1.2532,1.2532,0
2026-04-01T22:08:42.714Z,1775081322714,fp,Tag in the middle - C3,4.3050,6.9545,4.8200,3.7700,3.2259,3.2259,0
2026-04-01T22:08:43.313Z,1775081323313,gp,Tag in the middle - C3,4.0000,5.8100,4.8200,3.7700,2.1986,2.1986,0
2026-04-01T22:10:16.093Z,1775081416093,rssi,Tag in the middle - C3,5.1000,4.9600,4.8200,3.7700,1.2225,1.2225,0
2026-04-01T22:10:16.889Z,1775081416889,rssi,Tag in the middle - C3,5.4700,4.4500,4.8200,3.7700,0.9407,0.9407,0
2026-04-01T22:10:17.500Z,1775081417500,raw,Tag in the middle - C3,5.0700,5.0000,4.8200,3.7700,1.2551,1.2551,0
2026-04-01T22:10:18.090Z,1775081418090,raw,Tag in the middle - C3,5.4900,4.3600,4.8200,3.7700,0.8927,0.8927,0
2026-04-01T22:10:18.706Z,1775081418706,kalman,Tag in the middle - C3,5.1300,4.9400,4.8200,3.7700,1.2104,1.2104,0
2026-04-01T22:10:19.328Z,1775081419328,kalman,Tag in the middle - C3,5.5600,4.2800,4.8200,3.7700,0.8987,0.8987,0
2026-04-01T22:10:19.909Z,1775081419909,fp,Tag in the middle - C3,4.3055,0.9935,4.8200,3.7700,2.8238,2.8238,0
2026-04-01T22:10:20.506Z,1775081420506,gp,Tag in the middle - C3,3.8800,4.3700,4.8200,3.7700,1.1152,1.1152,0
2026-04-01T22:10:21.279Z,1775081421279,rssi,Tag in the middle - C3,5.0200,5.1800,4.8200,3.7700,1.4241,1.4241,0
2026-04-01T22:10:21.847Z,1775081421847,rssi,Tag in the middle - C3,5.4500,4.4800,4.8200,3.7700,0.9492,0.9492,0
2026-04-01T22:10:22.638Z,1775081422638,raw,Tag in the middle - C3,5.0700,5.0000,4.8200,3.7700,1.2551,1.2551,0
2026-04-01T22:10:23.431Z,1775081423431,raw,Tag in the middle - C3,5.4900,4.3600,4.8200,3.7700,0.8927,0.8927,0
2026-04-01T22:10:23.984Z,1775081423984,kalman,Tag in the middle - C3,5.1100,4.9700,4.8200,3.7700,1.2345,1.2345,0
2026-04-01T22:10:24.566Z,1775081424566,kalman,Tag in the middle - C3,5.5400,4.3100,4.8200,3.7700,0.9000,0.9000,0
2026-04-01T22:10:25.124Z,1775081425124,fp,Tag in the middle - C3,4.3055,0.9935,4.8200,3.7700,2.8238,2.8238,0
2026-04-01T22:10:25.710Z,1775081425710,gp,Tag in the middle - C3,3.8800,4.3700,4.8200,3.7700,1.1152,1.1152,0
2026-04-01T22:11:35.423Z,1775081495423,rssi,Tag in the middle - C3,5.4100,4.4900,4.8200,3.7700,0.9309,0.9309,0
2026-04-01T22:11:36.024Z,1775081496024,rssi,Tag in the middle - C3,5.7400,3.8400,4.8200,3.7700,0.9227,0.9227,0
2026-04-01T22:11:36.582Z,1775081496582,raw,Tag in the middle - C3,5.4100,4.4900,4.8200,3.7700,0.9309,0.9309,0
2026-04-01T22:11:37.149Z,1775081497149,raw,Tag in the middle - C3,5.9400,3.6700,4.8200,3.7700,1.1245,1.1245,0
2026-04-01T22:11:37.725Z,1775081497725,kalman,Tag in the middle - C3,5.2700,4.6400,4.8200,3.7700,0.9795,0.9795,0
2026-04-01T22:11:38.317Z,1775081498317,kalman,Tag in the middle - C3,5.7600,3.8800,4.8200,3.7700,0.9464,0.9464,0
2026-04-01T22:11:38.885Z,1775081498885,fp,Tag in the middle - C3,4.3050,6.9545,4.8200,3.7700,3.2259,3.2259,0
2026-04-01T22:11:39.443Z,1775081499443,gp,Tag in the middle - C3,3.9400,5.5100,4.8200,3.7700,1.9499,1.9499,0
2026-04-01T22:11:40.006Z,1775081500006,rssi,Tag in the middle - C3,5.1000,4.7200,4.8200,3.7700,0.9904,0.9904,0
2026-04-01T22:11:40.586Z,1775081500586,rssi,Tag in the middle - C3,5.7400,3.8400,4.8200,3.7700,0.9227,0.9227,0
2026-04-01T22:11:41.158Z,1775081501158,raw,Tag in the middle - C3,5.4100,4.4900,4.8200,3.7700,0.9309,0.9309,0
2026-04-01T22:11:41.750Z,1775081501750,raw,Tag in the middle - C3,5.9400,3.6700,4.8200,3.7700,1.1245,1.1245,0
2026-04-01T22:11:42.309Z,1775081502309,kalman,Tag in the middle - C3,5.3300,4.5800,4.8200,3.7700,0.9572,0.9572,0
2026-04-01T22:11:42.866Z,1775081502866,kalman,Tag in the middle - C3,5.8300,3.8000,4.8200,3.7700,1.0104,1.0104,0
2026-04-01T22:11:43.415Z,1775081503415,fp,Tag in the middle - C3,4.3050,6.9545,4.8200,3.7700,3.2259,3.2259,0
2026-04-01T22:11:44.029Z,1775081504029,gp,Tag in the middle - C3,3.9400,5.5100,4.8200,3.7700,1.9499,1.9499,0
2026-04-01T22:13:16.852Z,1775081596852,rssi,Tag in the middle - C3,4.7400,4.7800,4.8200,3.7700,1.0132,1.0132,0
2026-04-01T22:13:17.475Z,1775081597475,rssi,Tag in the middle - C3,5.1800,4.1200,4.8200,3.7700,0.5021,0.5021,0
2026-04-01T22:13:18.057Z,1775081598057,raw,Tag in the middle - C3,4.7800,4.8000,4.8200,3.7700,1.0308,1.0308,0
2026-04-01T22:13:18.644Z,1775081598644,raw,Tag in the middle - C3,5.1600,4.2200,4.8200,3.7700,0.5640,0.5640,0
2026-04-01T22:13:19.229Z,1775081599229,kalman,Tag in the middle - C3,4.8600,4.7300,4.8200,3.7700,0.9608,0.9608,0
2026-04-01T22:13:19.832Z,1775081599832,kalman,Tag in the middle - C3,5.2700,4.1100,4.8200,3.7700,0.5640,0.5640,0
2026-04-01T22:13:20.418Z,1775081600418,fp,Tag in the middle - C3,4.3050,6.9545,4.8200,3.7700,3.2259,3.2259,0
2026-04-01T22:13:20.991Z,1775081600991,gp,Tag in the middle - C3,2.8800,3.8700,4.8200,3.7700,1.9426,1.9426,0
2026-04-01T22:13:21.551Z,1775081601551,rssi,Tag in the middle - C3,4.8400,4.6700,4.8200,3.7700,0.9002,0.9002,0
2026-04-01T22:13:22.137Z,1775081602137,rssi,Tag in the middle - C3,5.2000,4.1300,4.8200,3.7700,0.5235,0.5235,0
2026-04-01T22:13:22.688Z,1775081602688,raw,Tag in the middle - C3,4.7800,4.8000,4.8200,3.7700,1.0308,1.0308,0
2026-04-01T22:13:23.261Z,1775081603261,raw,Tag in the middle - C3,5.1600,4.2200,4.8200,3.7700,0.5640,0.5640,0
2026-04-01T22:13:23.844Z,1775081603844,kalman,Tag in the middle - C3,4.8300,4.7600,4.8200,3.7700,0.9901,0.9901,0
2026-04-01T22:13:24.410Z,1775081604410,kalman,Tag in the middle - C3,5.2200,4.1500,4.8200,3.7700,0.5517,0.5517,0
2026-04-01T22:13:24.974Z,1775081604974,fp,Tag in the middle - C3,4.3050,6.9545,4.8200,3.7700,3.2259,3.2259,0
2026-04-01T22:13:25.558Z,1775081605558,gp,Tag in the middle - C3,2.8800,3.8700,4.8200,3.7700,1.9426,1.9426,0
2026-04-01T22:14:58.264Z,1775081698264,rssi,Tag in the middle - C3,4.9400,4.2900,4.8200,3.7700,0.5337,0.5337,0
2026-04-01T22:14:58.862Z,1775081698862,rssi,Tag in the middle - C3,5.3700,3.6200,4.8200,3.7700,0.5701,0.5701,0
2026-04-01T22:14:59.429Z,1775081699429,raw,Tag in the middle - C3,4.9400,4.2900,4.8200,3.7700,0.5337,0.5337,0
2026-04-01T22:15:00.017Z,1775081700017,raw,Tag in the middle - C3,5.4000,3.5900,4.8200,3.7700,0.6073,0.6073,0
2026-04-01T22:15:00.627Z,1775081700627,kalman,Tag in the middle - C3,4.9100,4.4100,4.8200,3.7700,0.6463,0.6463,0
2026-04-01T22:15:01.241Z,1775081701241,kalman,Tag in the middle - C3,5.3500,3.7300,4.8200,3.7700,0.5315,0.5315,0
2026-04-01T22:15:01.843Z,1775081701843,fp,Tag in the middle - C3,2.5860,6.9545,4.8200,3.7700,3.8900,3.8900,0
2026-04-01T22:15:02.414Z,1775081702414,gp,Tag in the middle - C3,2.4200,4.3300,4.8200,3.7700,2.4645,2.4645,0
2026-04-01T22:15:02.982Z,1775081702982,rssi,Tag in the middle - C3,4.8900,4.3300,4.8200,3.7700,0.5644,0.5644,0
2026-04-01T22:15:03.555Z,1775081703555,rssi,Tag in the middle - C3,5.3700,3.6200,4.8200,3.7700,0.5701,0.5701,0
2026-04-01T22:15:04.129Z,1775081704129,raw,Tag in the middle - C3,4.9400,4.2900,4.8200,3.7700,0.5337,0.5337,0
2026-04-01T22:15:04.720Z,1775081704720,raw,Tag in the middle - C3,5.4000,3.5900,4.8200,3.7700,0.6073,0.6073,0
2026-04-01T22:15:05.298Z,1775081705298,kalman,Tag in the middle - C3,4.9200,4.3600,4.8200,3.7700,0.5984,0.5984,0
2026-04-01T22:15:05.882Z,1775081705882,kalman,Tag in the middle - C3,5.3700,3.6700,4.8200,3.7700,0.5590,0.5590,0
2026-04-01T22:15:06.439Z,1775081706439,fp,Tag in the middle - C3,2.5860,6.9545,4.8200,3.7700,3.8900,3.8900,0
2026-04-01T22:15:07.007Z,1775081707007,gp,Tag in the middle - C3,2.4200,4.3300,4.8200,3.7700,2.4645,2.4645,0
2026-04-01T22:16:16.682Z,1775081776682,rssi,Tag in the middle - C3,4.9100,5.4200,4.8200,3.7700,1.6525,1.6525,0
2026-04-01T22:16:17.479Z,1775081777479,rssi,Tag in the middle - C3,5.2500,4.9100,4.8200,3.7700,1.2184,1.2184,0
2026-04-01T22:16:18.053Z,1775081778053,raw,Tag in the middle - C3,4.9100,5.4200,4.8200,3.7700,1.6525,1.6525,0
2026-04-01T22:16:18.841Z,1775081778841,raw,Tag in the middle - C3,5.2500,4.9200,4.8200,3.7700,1.2278,1.2278,0
2026-04-01T22:16:19.444Z,1775081779444,kalman,Tag in the middle - C3,4.9300,5.1800,4.8200,3.7700,1.4143,1.4143,0
2026-04-01T22:16:20.027Z,1775081780027,kalman,Tag in the middle - C3,5.3100,4.6300,4.8200,3.7700,0.9898,0.9898,0
2026-04-01T22:16:20.622Z,1775081780622,fp,Tag in the middle - C3,4.3055,0.9935,4.8200,3.7700,2.8238,2.8238,0
2026-04-01T22:16:21.202Z,1775081781202,gp,Tag in the middle - C3,3.6900,4.9700,4.8200,3.7700,1.6483,1.6483,0
2026-04-01T22:16:21.758Z,1775081781758,rssi,Tag in the middle - C3,4.9000,5.4000,4.8200,3.7700,1.6320,1.6320,0
2026-04-01T22:16:22.330Z,1775081782330,rssi,Tag in the middle - C3,5.2500,4.9100,4.8200,3.7700,1.2184,1.2184,0
2026-04-01T22:16:22.920Z,1775081782920,raw,Tag in the middle - C3,4.9100,5.4200,4.8200,3.7700,1.6525,1.6525,0
2026-04-01T22:16:23.501Z,1775081783501,raw,Tag in the middle - C3,5.2500,4.9200,4.8200,3.7700,1.2278,1.2278,0
2026-04-01T22:16:24.086Z,1775081784086,kalman,Tag in the middle - C3,4.9200,5.2700,4.8200,3.7700,1.5033,1.5033,0
2026-04-01T22:16:24.654Z,1775081784654,kalman,Tag in the middle - C3,5.2900,4.7400,4.8200,3.7700,1.0779,1.0779,0
2026-04-01T22:16:25.244Z,1775081785244,fp,Tag in the middle - C3,4.3055,0.9935,4.8200,3.7700,2.8238,2.8238,0
2026-04-01T22:16:25.830Z,1775081785830,gp,Tag in the middle - C3,3.6900,4.9700,4.8200,3.7700,1.6483,1.6483,0
2026-04-01T22:17:58.628Z,1775081878628,rssi,Tag in the middle - C3,4.7700,5.6000,4.8200,3.7700,1.8307,1.8307,0
2026-04-01T22:17:59.417Z,1775081879417,rssi,Tag in the middle - C3,5.1200,4.9900,4.8200,3.7700,1.2563,1.2563,0
2026-04-01T22:18:00.194Z,1775081880194,raw,Tag in the middle - C3,4.7600,5.5100,4.8200,3.7700,1.7410,1.7410,0
2026-04-01T22:18:00.759Z,1775081880759,raw,Tag in the middle - C3,5.0500,5.0500,4.8200,3.7700,1.3005,1.3005,0
2026-04-01T22:18:01.332Z,1775081881332,kalman,Tag in the middle - C3,4.8100,5.4500,4.8200,3.7700,1.6800,1.6800,0
2026-04-01T22:18:01.911Z,1775081881911,kalman,Tag in the middle - C3,5.1200,4.9700,4.8200,3.7700,1.2369,1.2369,0
2026-04-01T22:18:02.463Z,1775081882463,fp,Tag in the middle - C3,4.3050,6.9545,4.8200,3.7700,3.2259,3.2259,0
2026-04-01T22:18:03.021Z,1775081883021,gp,Tag in the middle - C3,4.0100,4.4800,4.8200,3.7700,1.0771,1.0771,0
2026-04-01T22:18:03.582Z,1775081883582,rssi,Tag in the middle - C3,4.8500,5.3400,4.8200,3.7700,1.5703,1.5703,0
2026-04-01T22:18:04.367Z,1775081884367,rssi,Tag in the middle - C3,5.1200,4.9300,4.8200,3.7700,1.1982,1.1982,0
2026-04-01T22:18:05.163Z,1775081885163,raw,Tag in the middle - C3,4.7600,5.5100,4.8200,3.7700,1.7410,1.7410,0
2026-04-01T22:18:05.727Z,1775081885727,raw,Tag in the middle - C3,5.0500,5.0500,4.8200,3.7700,1.3005,1.3005,0
2026-04-01T22:18:06.297Z,1775081886297,kalman,Tag in the middle - C3,4.7900,5.4700,4.8200,3.7700,1.7003,1.7003,0
2026-04-01T22:18:06.863Z,1775081886863,kalman,Tag in the middle - C3,5.0900,5.0000,4.8200,3.7700,1.2593,1.2593,0
2026-04-01T22:18:07.443Z,1775081887443,fp,Tag in the middle - C3,4.3050,6.9545,4.8200,3.7700,3.2259,3.2259,0
2026-04-01T22:18:08.023Z,1775081888023,gp,Tag in the middle - C3,4.0100,4.4800,4.8200,3.7700,1.0771,1.0771,0
2026-04-01T22:19:17.707Z,1775081957707,rssi,Tag in the middle - C3,4.8400,4.8400,4.8200,3.7700,1.0702,1.0702,0
2026-04-01T22:19:18.304Z,1775081958304,rssi,Tag in the middle - C3,5.1600,4.4400,4.8200,3.7700,0.7513,0.7513,0
2026-04-01T22:19:18.889Z,1775081958889,raw,Tag in the middle - C3,4.8400,4.8400,4.8200,3.7700,1.0702,1.0702,0
2026-04-01T22:19:19.458Z,1775081959458,raw,Tag in the middle - C3,5.2400,4.2600,4.8200,3.7700,0.6454,0.6454,0
2026-04-01T22:19:20.050Z,1775081960050,kalman,Tag in the middle - C3,4.8000,5.0500,4.8200,3.7700,1.2802,1.2802,0
2026-04-01T22:19:20.635Z,1775081960635,kalman,Tag in the middle - C3,5.1700,4.5000,4.8200,3.7700,0.8096,0.8096,0
2026-04-01T22:19:21.200Z,1775081961200,fp,Tag in the middle - C3,4.3055,0.9935,4.8200,3.7700,2.8238,2.8238,0
2026-04-01T22:19:21.774Z,1775081961774,gp,Tag in the middle - C3,3.1500,3.1400,4.8200,3.7700,1.7849,1.7849,0
2026-04-01T22:19:22.345Z,1775081962345,rssi,Tag in the middle - C3,4.7300,5.1300,4.8200,3.7700,1.3630,1.3630,0
2026-04-01T22:19:22.923Z,1775081962923,rssi,Tag in the middle - C3,5.1600,4.4400,4.8200,3.7700,0.7513,0.7513,0
2026-04-01T22:19:23.500Z,1775081963500,raw,Tag in the middle - C3,4.8400,4.8400,4.8200,3.7700,1.0702,1.0702,0
2026-04-01T22:19:24.063Z,1775081964063,raw,Tag in the middle - C3,5.2400,4.2600,4.8200,3.7700,0.6454,0.6454,0
2026-04-01T22:19:24.623Z,1775081964623,kalman,Tag in the middle - C3,4.8200,4.9600,4.8200,3.7700,1.1900,1.1900,0
2026-04-01T22:19:25.389Z,1775081965389,kalman,Tag in the middle - C3,5.1900,4.4100,4.8200,3.7700,0.7393,0.7393,0
2026-04-01T22:19:25.959Z,1775081965959,fp,Tag in the middle - C3,4.3055,0.9935,4.8200,3.7700,2.8238,2.8238,0
2026-04-01T22:19:26.518Z,1775081966518,gp,Tag in the middle - C3,3.1500,3.1400,4.8200,3.7700,1.7849,1.7849,0
2026-04-01T22:20:59.276Z,1775082059276,rssi,Tag in the middle - C3,3.4900,6.0400,4.8200,3.7700,2.6309,2.6309,0
2026-04-01T22:21:00.054Z,1775082060054,rssi,Tag in the middle - C3,3.4600,5.9400,4.8200,3.7700,2.5610,2.5610,0
2026-04-01T22:21:00.607Z,1775082060607,raw,Tag in the middle - C3,3.7200,5.8100,4.8200,3.7700,2.3177,2.3177,0
2026-04-01T22:21:01.264Z,1775082061264,raw,Tag in the middle - C3,3.7200,5.7300,4.8200,3.7700,2.2476,2.2476,0
2026-04-01T22:21:02.071Z,1775082062071,kalman,Tag in the middle - C3,3.8100,5.7600,4.8200,3.7700,2.2316,2.2316,0
2026-04-01T22:21:02.649Z,1775082062649,kalman,Tag in the middle - C3,3.8300,5.6400,4.8200,3.7700,2.1159,2.1159,0
2026-04-01T22:21:03.225Z,1775082063225,fp,Tag in the middle - C3,4.3055,0.9935,4.8200,3.7700,2.8238,2.8238,0
2026-04-01T22:21:03.804Z,1775082063804,gp,Tag in the middle - C3,2.9500,0.9400,4.8200,3.7700,3.3920,3.3920,0
2026-04-01T22:21:04.378Z,1775082064378,rssi,Tag in the middle - C3,3.5900,5.9000,4.8200,3.7700,2.4596,2.4596,0
2026-04-01T22:21:04.962Z,1775082064962,rssi,Tag in the middle - C3,3.6200,5.7800,4.8200,3.7700,2.3410,2.3410,0
2026-04-01T22:21:05.549Z,1775082065549,raw,Tag in the middle - C3,3.7200,5.8100,4.8200,3.7700,2.3177,2.3177,0
2026-04-01T22:21:06.120Z,1775082066120,raw,Tag in the middle - C3,3.7200,5.7300,4.8200,3.7700,2.2476,2.2476,0
2026-04-01T22:21:06.710Z,1775082066710,kalman,Tag in the middle - C3,3.7700,5.7800,4.8200,3.7700,2.2677,2.2677,0
2026-04-01T22:21:07.279Z,1775082067279,kalman,Tag in the middle - C3,3.7800,5.6700,4.8200,3.7700,2.1660,2.1660,0
2026-04-01T22:21:07.842Z,1775082067842,fp,Tag in the middle - C3,4.3055,0.9935,4.8200,3.7700,2.8238,2.8238,0
2026-04-01T22:21:08.390Z,1775082068390,gp,Tag in the middle - C3,2.9500,0.9400,4.8200,3.7700,3.3920,3.3920,0
2026-04-01T22:22:18.090Z,1775082138090,rssi,Tag in the middle - C3,5.2600,4.5400,4.8200,3.7700,0.8868,0.8868,0
2026-04-01T22:22:18.696Z,1775082138696,rssi,Tag in the middle - C3,5.8100,3.7800,4.8200,3.7700,0.9901,0.9901,0
2026-04-01T22:22:19.274Z,1775082139274,raw,Tag in the middle - C3,5.2600,4.5400,4.8200,3.7700,0.8868,0.8868,0
2026-04-01T22:22:19.858Z,1775082139858,raw,Tag in the middle - C3,5.7700,3.8100,4.8200,3.7700,0.9508,0.9508,0
2026-04-01T22:22:20.460Z,1775082140460,kalman,Tag in the middle - C3,4.9400,4.8400,4.8200,3.7700,1.0767,1.0767,0
2026-04-01T22:22:21.048Z,1775082141048,kalman,Tag in the middle - C3,5.3600,4.2300,4.8200,3.7700,0.7094,0.7094,0
2026-04-01T22:22:21.649Z,1775082141649,fp,Tag in the middle - C3,2.5860,6.9545,4.8200,3.7700,3.8900,3.8900,0
2026-04-01T22:22:22.213Z,1775082142213,gp,Tag in the middle - C3,2.8800,5.6500,4.8200,3.7700,2.7015,2.7015,0
2026-04-01T22:22:22.780Z,1775082142780,rssi,Tag in the middle - C3,5.3200,4.5000,4.8200,3.7700,0.8848,0.8848,0
2026-04-01T22:22:23.357Z,1775082143357,rssi,Tag in the middle - C3,5.8100,3.7800,4.8200,3.7700,0.9901,0.9901,0
2026-04-01T22:22:23.933Z,1775082143933,raw,Tag in the middle - C3,5.2600,4.5400,4.8200,3.7700,0.8868,0.8868,0
2026-04-01T22:22:24.534Z,1775082144534,raw,Tag in the middle - C3,5.7700,3.8100,4.8200,3.7700,0.9508,0.9508,0
2026-04-01T22:22:25.107Z,1775082145107,kalman,Tag in the middle - C3,5.0700,4.7200,4.8200,3.7700,0.9823,0.9823,0
2026-04-01T22:22:25.671Z,1775082145671,kalman,Tag in the middle - C3,5.5300,4.0700,4.8200,3.7700,0.7708,0.7708,0
2026-04-01T22:22:26.238Z,1775082146238,fp,Tag in the middle - C3,2.5860,6.9545,4.8200,3.7700,3.8900,3.8900,0
2026-04-01T22:22:26.814Z,1775082146814,gp,Tag in the middle - C3,2.8800,5.6500,4.8200,3.7700,2.7015,2.7015,0
2026-04-01T22:23:36.499Z,1775082216499,rssi,Tag in the middle - C3,4.5800,5.2700,4.8200,3.7700,1.5191,1.5191,0
2026-04-01T22:23:37.085Z,1775082217085,rssi,Tag in the middle - C3,4.6600,4.9700,4.8200,3.7700,1.2106,1.2106,0
2026-04-01T22:23:37.650Z,1775082217650,raw,Tag in the middle - C3,4.3400,5.3300,4.8200,3.7700,1.6322,1.6322,0
2026-04-01T22:23:38.225Z,1775082218225,raw,Tag in the middle - C3,4.5200,4.9300,4.8200,3.7700,1.1982,1.1982,0
2026-04-01T22:23:38.800Z,1775082218800,kalman,Tag in the middle - C3,4.5600,5.2100,4.8200,3.7700,1.4633,1.4633,0
2026-04-01T22:23:39.386Z,1775082219386,kalman,Tag in the middle - C3,4.8400,4.7500,4.8200,3.7700,0.9802,0.9802,0
2026-04-01T22:23:39.940Z,1775082219940,fp,Tag in the middle - C3,4.3050,6.9545,4.8200,3.7700,3.2259,3.2259,0
2026-04-01T22:23:40.488Z,1775082220488,gp,Tag in the middle - C3,3.2000,3.7500,4.8200,3.7700,1.6201,1.6201,0
2026-04-01T22:23:41.038Z,1775082221038,rssi,Tag in the middle - C3,4.2800,5.4400,4.8200,3.7700,1.7551,1.7551,0
2026-04-01T22:23:41.602Z,1775082221602,rssi,Tag in the middle - C3,4.4800,5.0100,4.8200,3.7700,1.2858,1.2858,0
2026-04-01T22:23:42.387Z,1775082222387,raw,Tag in the middle - C3,4.3400,5.3300,4.8200,3.7700,1.6322,1.6322,0
2026-04-01T22:23:42.965Z,1775082222965,raw,Tag in the middle - C3,4.5200,4.9300,4.8200,3.7700,1.1982,1.1982,0
2026-04-01T22:23:43.524Z,1775082223524,kalman,Tag in the middle - C3,4.4700,5.2600,4.8200,3.7700,1.5306,1.5306,0
2026-04-01T22:23:44.292Z,1775082224292,kalman,Tag in the middle - C3,4.7200,4.8200,4.8200,3.7700,1.0548,1.0548,0
2026-04-01T22:23:44.865Z,1775082224865,fp,Tag in the middle - C3,4.3050,6.9545,4.8200,3.7700,3.2259,3.2259,0
2026-04-01T22:23:45.446Z,1775082225446,gp,Tag in the middle - C3,3.2000,3.7500,4.8200,3.7700,1.6201,1.6201,0
2026-04-01T22:24:55.229Z,1775082295229,rssi,Tag in the middle - C3,4.5700,4.8500,4.8200,3.7700,1.1086,1.1086,0
2026-04-01T22:24:55.837Z,1775082295837,rssi,Tag in the middle - C3,4.8300,4.3000,4.8200,3.7700,0.5301,0.5301,0
2026-04-01T22:24:56.436Z,1775082296436,raw,Tag in the middle - C3,4.5700,4.8500,4.8200,3.7700,1.1086,1.1086,0
2026-04-01T22:24:57.017Z,1775082297017,raw,Tag in the middle - C3,4.8800,4.3000,4.8200,3.7700,0.5334,0.5334,0
2026-04-01T22:24:57.598Z,1775082297598,kalman,Tag in the middle - C3,4.5300,4.9300,4.8200,3.7700,1.1957,1.1957,0
2026-04-01T22:24:58.194Z,1775082298194,kalman,Tag in the middle - C3,4.8200,4.4200,4.8200,3.7700,0.6500,0.6500,0
2026-04-01T22:24:58.783Z,1775082298783,fp,Tag in the middle - C3,0.8620,6.9545,4.8200,3.7700,5.0800,5.0800,0
2026-04-01T22:24:59.350Z,1775082299350,gp,Tag in the middle - C3,2.9100,3.3100,4.8200,3.7700,1.9646,1.9646,0
2026-04-01T22:24:59.910Z,1775082299910,rssi,Tag in the middle - C3,4.4900,4.8200,4.8200,3.7700,1.1006,1.1006,0
2026-04-01T22:25:00.668Z,1775082300668,rssi,Tag in the middle - C3,4.8300,4.3000,4.8200,3.7700,0.5301,0.5301,0
2026-04-01T22:25:01.469Z,1775082301469,raw,Tag in the middle - C3,4.5700,4.8500,4.8200,3.7700,1.1086,1.1086,0
2026-04-01T22:25:02.265Z,1775082302265,raw,Tag in the middle - C3,4.8800,4.3000,4.8200,3.7700,0.5334,0.5334,0
2026-04-01T22:25:02.828Z,1775082302828,kalman,Tag in the middle - C3,4.5500,4.9000,4.8200,3.7700,1.1618,1.1618,0
2026-04-01T22:25:03.410Z,1775082303410,kalman,Tag in the middle - C3,4.8400,4.3700,4.8200,3.7700,0.6003,0.6003,0
2026-04-01T22:25:03.973Z,1775082303973,fp,Tag in the middle - C3,0.8620,6.9545,4.8200,3.7700,5.0800,5.0800,0
2026-04-01T22:25:04.568Z,1775082304568,gp,Tag in the middle - C3,2.9100,3.3100,4.8200,3.7700,1.9646,1.9646,0
2026-04-01T22:26:37.433Z,1775082397433,rssi,Tag in the middle - C3,5.0300,4.5800,4.8200,3.7700,0.8368,0.8368,0
2026-04-01T22:26:38.225Z,1775082398225,rssi,Tag in the middle - C3,5.5700,3.7700,4.8200,3.7700,0.7500,0.7500,0
2026-04-01T22:26:38.779Z,1775082398779,raw,Tag in the middle - C3,5.0500,4.6400,4.8200,3.7700,0.8999,0.8999,0
2026-04-01T22:26:39.534Z,1775082399534,raw,Tag in the middle - C3,5.5100,3.9600,4.8200,3.7700,0.7157,0.7157,0
2026-04-01T22:26:40.102Z,1775082400102,kalman,Tag in the middle - C3,5.0100,4.6200,4.8200,3.7700,0.8710,0.8710,0
2026-04-01T22:26:40.665Z,1775082400665,kalman,Tag in the middle - C3,5.4500,3.9400,4.8200,3.7700,0.6525,0.6525,0
2026-04-01T22:26:41.231Z,1775082401231,fp,Tag in the middle - C3,4.3050,6.9545,4.8200,3.7700,3.2259,3.2259,0
2026-04-01T22:26:41.812Z,1775082401812,gp,Tag in the middle - C3,3.3900,3.7800,4.8200,3.7700,1.4300,1.4300,0
2026-04-01T22:26:42.619Z,1775082402619,rssi,Tag in the middle - C3,5.1600,4.4000,4.8200,3.7700,0.7159,0.7159,0
2026-04-01T22:26:43.217Z,1775082403217,rssi,Tag in the middle - C3,5.5800,3.8000,4.8200,3.7700,0.7606,0.7606,0
2026-04-01T22:26:43.819Z,1775082403819,raw,Tag in the middle - C3,5.0500,4.6400,4.8200,3.7700,0.8999,0.8999,0
2026-04-01T22:26:44.406Z,1775082404406,raw,Tag in the middle - C3,5.5100,3.9600,4.8200,3.7700,0.7157,0.7157,0
2026-04-01T22:26:44.979Z,1775082404979,kalman,Tag in the middle - C3,5.0200,4.6300,4.8200,3.7700,0.8829,0.8829,0
2026-04-01T22:26:45.538Z,1775082405538,kalman,Tag in the middle - C3,5.4700,3.9500,4.8200,3.7700,0.6745,0.6745,0
2026-04-01T22:26:46.103Z,1775082406103,fp,Tag in the middle - C3,4.3050,6.9545,4.8200,3.7700,3.2259,3.2259,0
2026-04-01T22:26:46.697Z,1775082406697,gp,Tag in the middle - C3,3.3900,3.7800,4.8200,3.7700,1.4300,1.4300,0
2026-04-01T22:27:56.419Z,1775082476419,rssi,Tag in the middle - C3,5.3000,4.2600,4.8200,3.7700,0.6859,0.6859,0
2026-04-01T22:27:57.199Z,1775082477199,rssi,Tag in the middle - C3,5.8300,3.4000,4.8200,3.7700,1.0756,1.0756,0
2026-04-01T22:27:57.768Z,1775082477768,raw,Tag in the middle - C3,5.3000,4.2600,4.8200,3.7700,0.6859,0.6859,0
2026-04-01T22:27:58.542Z,1775082478542,raw,Tag in the middle - C3,5.8000,3.4300,4.8200,3.7700,1.0373,1.0373,0
2026-04-01T22:27:59.146Z,1775082479146,kalman,Tag in the middle - C3,5.2500,4.3200,4.8200,3.7700,0.6981,0.6981,0
2026-04-01T22:27:59.733Z,1775082479733,kalman,Tag in the middle - C3,5.7500,3.5100,4.8200,3.7700,0.9657,0.9657,0
2026-04-01T22:28:00.311Z,1775082480311,fp,Tag in the middle - C3,4.3050,6.9545,4.8200,3.7700,3.2259,3.2259,0
2026-04-01T22:28:00.879Z,1775082480879,gp,Tag in the middle - C3,3.6400,4.6100,4.8200,3.7700,1.4484,1.4484,0
2026-04-01T22:28:01.639Z,1775082481639,rssi,Tag in the middle - C3,5.3600,4.2200,4.8200,3.7700,0.7029,0.7029,0
2026-04-01T22:28:02.199Z,1775082482199,rssi,Tag in the middle - C3,5.8300,3.4000,4.8200,3.7700,1.0756,1.0756,0
2026-04-01T22:28:02.769Z,1775082482769,raw,Tag in the middle - C3,5.3000,4.2600,4.8200,3.7700,0.6859,0.6859,0
2026-04-01T22:28:03.346Z,1775082483346,raw,Tag in the middle - C3,5.8000,3.4300,4.8200,3.7700,1.0373,1.0373,0
2026-04-01T22:28:03.920Z,1775082483920,kalman,Tag in the middle - C3,5.2700,4.2900,4.8200,3.7700,0.6877,0.6877,0
2026-04-01T22:28:04.488Z,1775082484488,kalman,Tag in the middle - C3,5.7700,3.4800,4.8200,3.7700,0.9933,0.9933,0
2026-04-01T22:28:05.051Z,1775082485051,fp,Tag in the middle - C3,4.3050,6.9545,4.8200,3.7700,3.2259,3.2259,0
2026-04-01T22:28:05.629Z,1775082485629,gp,Tag in the middle - C3,3.6400,4.6100,4.8200,3.7700,1.4484,1.4484,0
2026-04-01T22:29:38.423Z,1775082578423,rssi,Tag in the middle - C3,3.7400,6.1100,4.8200,3.7700,2.5772,2.5772,0
2026-04-01T22:29:39.227Z,1775082579227,rssi,Tag in the middle - C3,3.5800,6.1300,4.8200,3.7700,2.6659,2.6659,0
2026-04-01T22:29:40.006Z,1775082580006,raw,Tag in the middle - C3,3.8600,5.5500,4.8200,3.7700,2.0224,2.0224,0
2026-04-01T22:29:40.595Z,1775082580595,raw,Tag in the middle - C3,3.8500,5.2500,4.8200,3.7700,1.7695,1.7695,0
2026-04-01T22:29:41.247Z,1775082581247,kalman,Tag in the middle - C3,3.9800,5.6200,4.8200,3.7700,2.0318,2.0318,0
2026-04-01T22:29:41.842Z,1775082581842,kalman,Tag in the middle - C3,4.0100,5.3400,4.8200,3.7700,1.7666,1.7666,0
2026-04-01T22:29:42.416Z,1775082582416,fp,Tag in the middle - C3,4.3055,0.9935,4.8200,3.7700,2.8238,2.8238,0
2026-04-01T22:29:43.001Z,1775082583001,gp,Tag in the middle - C3,3.2000,3.5700,4.8200,3.7700,1.6323,1.6323,0
2026-04-01T22:29:43.589Z,1775082583589,rssi,Tag in the middle - C3,3.6200,6.2600,4.8200,3.7700,2.7641,2.7641,0
2026-04-01T22:29:44.149Z,1775082584149,rssi,Tag in the middle - C3,3.6800,5.7400,4.8200,3.7700,2.2761,2.2761,0
2026-04-01T22:29:44.695Z,1775082584695,raw,Tag in the middle - C3,3.8600,5.5500,4.8200,3.7700,2.0224,2.0224,0
2026-04-01T22:29:45.245Z,1775082585245,raw,Tag in the middle - C3,3.8500,5.2500,4.8200,3.7700,1.7695,1.7695,0
2026-04-01T22:29:45.813Z,1775082585813,kalman,Tag in the middle - C3,3.9300,5.5900,4.8200,3.7700,2.0260,2.0260,0
2026-04-01T22:29:46.407Z,1775082586407,kalman,Tag in the middle - C3,3.9500,5.3100,4.8200,3.7700,1.7688,1.7688,0
2026-04-01T22:29:46.977Z,1775082586977,fp,Tag in the middle - C3,4.3055,0.9935,4.8200,3.7700,2.8238,2.8238,0
2026-04-01T22:29:47.538Z,1775082587538,gp,Tag in the middle - C3,3.2000,3.5700,4.8200,3.7700,1.6323,1.6323,0
2026-04-01T22:30:57.438Z,1775082657438,rssi,Tag in the middle - C3,4.1500,5.0300,4.8200,3.7700,1.4271,1.4271,0
2026-04-01T22:30:58.259Z,1775082658259,rssi,Tag in the middle - C3,4.3200,4.6300,4.8200,3.7700,0.9948,0.9948,0
2026-04-01T22:30:58.844Z,1775082658844,raw,Tag in the middle - C3,4.1500,5.0300,4.8200,3.7700,1.4271,1.4271,0
2026-04-01T22:30:59.490Z,1775082659490,raw,Tag in the middle - C3,4.3200,4.6300,4.8200,3.7700,0.9948,0.9948,0
2026-04-01T22:31:00.120Z,1775082660120,kalman,Tag in the middle - C3,4.0900,5.1600,4.8200,3.7700,1.5700,1.5700,0
2026-04-01T22:31:00.994Z,1775082660994,kalman,Tag in the middle - C3,4.2300,4.7800,4.8200,3.7700,1.1697,1.1697,0
2026-04-01T22:31:01.632Z,1775082661632,fp,Tag in the middle - C3,4.3055,0.9935,4.8200,3.7700,2.8238,2.8238,0
2026-04-01T22:31:02.387Z,1775082662387,gp,Tag in the middle - C3,3.1100,0.7800,4.8200,3.7700,3.4444,3.4444,0
2026-04-01T22:31:03.449Z,1775082663449,rssi,Tag in the middle - C3,4.1500,5.0300,4.8200,3.7700,1.4271,1.4271,0
2026-04-01T22:31:04.316Z,1775082664316,rssi,Tag in the middle - C3,4.3200,4.6300,4.8200,3.7700,0.9948,0.9948,0
2026-04-01T22:31:05.351Z,1775082665351,raw,Tag in the middle - C3,4.1500,5.0300,4.8200,3.7700,1.4271,1.4271,0
2026-04-01T22:31:06.322Z,1775082666322,raw,Tag in the middle - C3,4.3200,4.6300,4.8200,3.7700,0.9948,0.9948,0
2026-04-01T22:31:07.105Z,1775082667105,kalman,Tag in the middle - C3,4.1100,5.1100,4.8200,3.7700,1.5165,1.5165,0
2026-04-01T22:31:07.788Z,1775082667788,kalman,Tag in the middle - C3,4.2600,4.7200,4.8200,3.7700,1.1028,1.1028,0
2026-04-01T22:31:08.485Z,1775082668485,fp,Tag in the middle - C3,4.3055,0.9935,4.8200,3.7700,2.8238,2.8238,0
2026-04-01T22:31:09.170Z,1775082669170,gp,Tag in the middle - C3,3.1100,0.7800,4.8200,3.7700,3.4444,3.4444,0
2026-04-05T02:19:44.611Z,1775355584611,rssi,,14.9300,38.3900,0.0000,0.0000,10.0000,41.1910,1
2026-04-05T02:19:46.170Z,1775355586170,raw,,14.9300,38.3900,0.0000,0.0000,10.0000,41.1910,1
2026-04-05T02:19:46.510Z,1775355586510,kalman,,14.9200,38.3700,0.0000,0.0000,10.0000,41.1687,1
2026-04-05T02:20:55.969Z,1775355655969,rssi,,14.9100,38.3300,0.0000,0.0000,10.0000,41.1278,1
2026-04-05T02:20:56.356Z,1775355656356,raw,,14.9300,38.3900,0.0000,0.0000,10.0000,41.1910,1
2026-04-05T02:20:56.762Z,1775355656762,kalman,,14.9000,38.3000,0.0000,0.0000,10.0000,41.0962,1
2026-04-05T02:22:06.146Z,1775355726146,rssi,,14.8800,38.2000,0.0000,0.0000,10.0000,40.9958,1
2026-04-05T02:22:06.582Z,1775355726582,raw,,14.9300,38.3900,0.0000,0.0000,10.0000,41.1910,1
2026-04-05T02:22:06.921Z,1775355726921,kalman,,14.9100,38.3400,0.0000,0.0000,10.0000,41.1371,1
2026-04-05T02:23:16.370Z,1775355796370,rssi,,11.1000,19.3400,0.0000,0.0000,10.0000,22.2990,1
2026-04-05T02:23:16.761Z,1775355796761,rssi,,10.5400,18.3100,0.0000,0.0000,10.0000,21.1269,1
2026-04-05T02:23:17.146Z,1775355797146,raw,,11.1000,19.3400,0.0000,0.0000,10.0000,22.2990,1
2026-04-05T02:23:17.508Z,1775355797508,raw,,10.5400,18.3100,0.0000,0.0000,10.0000,21.1269,1
2026-04-05T02:23:17.892Z,1775355797892,kalman,,11.1000,19.3400,0.0000,0.0000,10.0000,22.2990,1
2026-04-05T02:23:18.287Z,1775355798287,kalman,,10.5400,18.3100,0.0000,0.0000,10.0000,21.1269,1
2026-04-05T02:23:18.699Z,1775355798699,rssi,,14.8200,37.9400,0.0000,0.0000,10.0000,40.7318,1
2026-04-05T02:23:19.076Z,1775355799076,raw,,14.7700,37.7400,0.0000,0.0000,10.0000,40.5273,1
2026-04-05T02:23:19.433Z,1775355799433,kalman,,14.8100,37.9100,0.0000,0.0000,10.0000,40.7002,1
2026-04-05T02:23:19.814Z,1775355799814,rssi,,11.1000,19.3400,0.0000,0.0000,10.0000,22.2990,1
2026-04-05T02:23:20.219Z,1775355800219,rssi,,10.5400,18.3100,0.0000,0.0000,10.0000,21.1269,1
2026-04-05T02:23:20.589Z,1775355800589,raw,,11.1000,19.3400,0.0000,0.0000,10.0000,22.2990,1
2026-04-05T02:23:20.929Z,1775355800929,raw,,10.5400,18.3100,0.0000,0.0000,10.0000,21.1269,1
2026-04-05T02:23:21.309Z,1775355801309,kalman,,11.1000,19.3400,0.0000,0.0000,10.0000,22.2990,1
2026-04-05T02:23:21.683Z,1775355801683,kalman,,10.5400,18.3100,0.0000,0.0000,10.0000,21.1269,1
2026-04-05T02:24:54.181Z,1775355894181,rssi,,11.1800,19.9800,0.0000,0.0000,10.0000,22.8953,1
2026-04-05T02:24:54.794Z,1775355894794,rssi,,10.6200,18.8500,0.0000,0.0000,10.0000,21.6358,1
2026-04-05T02:24:55.148Z,1775355895148,raw,,11.2500,20.2200,0.0000,0.0000,10.0000,23.1389,1
2026-04-05T02:24:55.816Z,1775355895816,raw,,10.6800,19.0400,0.0000,0.0000,10.0000,21.8308,1
2026-04-05T02:24:56.186Z,1775355896186,kalman,,11.2000,20.0100,0.0000,0.0000,10.0000,22.9312,1
2026-04-05T02:24:56.561Z,1775355896561,kalman,,10.6400,18.8600,0.0000,0.0000,10.0000,21.6543,1
2026-04-05T02:24:56.943Z,1775355896943,rssi,,14.9600,38.5200,0.0000,0.0000,10.0000,41.3230,1
2026-04-05T02:24:57.296Z,1775355897296,raw,,15.0000,38.7000,0.0000,0.0000,10.0000,41.5053,1
2026-04-05T02:24:57.651Z,1775355897651,kalman,,14.9700,38.5900,0.0000,0.0000,10.0000,41.3919,1
2026-04-05T02:24:58.017Z,1775355898017,rssi,,11.2000,20.0200,0.0000,0.0000,10.0000,22.9399,1
2026-04-05T02:24:58.375Z,1775355898375,rssi,,10.6500,18.9500,0.0000,0.0000,10.0000,21.7376,1
2026-04-05T02:24:58.753Z,1775355898753,raw,,11.2500,20.2200,0.0000,0.0000,10.0000,23.1389,1
2026-04-05T02:24:59.119Z,1775355899119,raw,,10.6800,19.0400,0.0000,0.0000,10.0000,21.8308,1
2026-04-05T02:24:59.548Z,1775355899548,kalman,,11.2200,20.0900,0.0000,0.0000,10.0000,23.0108,1
2026-04-05T02:24:59.923Z,1775355899923,kalman,,10.6500,18.9300,0.0000,0.0000,10.0000,21.7202,1
2026-04-05T02:26:32.397Z,1775355992397,rssi,,11.2500,19.7800,0.0000,0.0000,10.0000,22.7555,1
2026-04-05T02:26:32.849Z,1775355992849,rssi,,10.6600,18.6900,0.0000,0.0000,10.0000,21.5163,1
2026-04-05T02:26:33.245Z,1775355993245,raw,,11.2400,19.8800,0.0000,0.0000,10.0000,22.8375,1
2026-04-05T02:26:33.637Z,1775355993637,raw,,10.6600,18.7700,0.0000,0.0000,10.0000,21.5858,1
2026-04-05T02:26:34.035Z,1775355994035,kalman,,11.2400,19.8700,0.0000,0.0000,10.0000,22.8288,1
2026-04-05T02:26:34.398Z,1775355994398,kalman,,10.6600,18.7600,0.0000,0.0000,10.0000,21.5771,1
2026-04-05T02:26:34.752Z,1775355994752,rssi,,15.0000,38.7000,0.0000,0.0000,10.0000,41.5053,1
2026-04-05T02:26:35.119Z,1775355995119,raw,,15.0000,38.7000,0.0000,0.0000,10.0000,41.5053,1
2026-04-05T02:26:35.470Z,1775355995470,kalman,,14.9900,38.6600,0.0000,0.0000,10.0000,41.4644,1
2026-04-05T02:26:35.824Z,1775355995824,rssi,,11.2300,19.7600,0.0000,0.0000,10.0000,22.7282,1
2026-04-05T02:26:36.181Z,1775355996181,rssi,,10.6500,18.7200,0.0000,0.0000,10.0000,21.5374,1
2026-04-05T02:26:36.534Z,1775355996534,raw,,11.2400,19.8800,0.0000,0.0000,10.0000,22.8375,1
2026-04-05T02:26:36.876Z,1775355996876,raw,,10.6600,18.7700,0.0000,0.0000,10.0000,21.5858,1
2026-04-05T02:26:37.230Z,1775355997230,kalman,,11.2400,19.8700,0.0000,0.0000,10.0000,22.8288,1
2026-04-05T02:26:37.591Z,1775355997591,kalman,,10.6600,18.7600,0.0000,0.0000,10.0000,21.5771,1
2026-04-05T02:28:10.138Z,1775356090138,rssi,,11.1500,19.5300,0.0000,0.0000,10.0000,22.4887,1
2026-04-05T02:28:10.525Z,1775356090525,rssi,,10.5900,18.5300,0.0000,0.0000,10.0000,21.3427,1
2026-04-05T02:28:10.865Z,1775356090865,raw,,11.1900,19.6400,0.0000,0.0000,10.0000,22.6041,1
2026-04-05T02:28:11.270Z,1775356091270,raw,,10.6100,18.5700,0.0000,0.0000,10.0000,21.3873,1
2026-04-05T02:28:11.628Z,1775356091628,kalman,,11.1800,19.6700,0.0000,0.0000,10.0000,22.6252,1
2026-04-05T02:28:11.999Z,1775356091999,kalman,,10.6100,18.5900,0.0000,0.0000,10.0000,21.4047,1
2026-04-05T02:28:12.346Z,1775356092346,rssi,,14.9600,38.5400,0.0000,0.0000,10.0000,41.3417,1
2026-04-05T02:28:12.734Z,1775356092734,raw,,14.9500,38.5000,0.0000,0.0000,10.0000,41.3008,1
2026-04-05T02:28:13.121Z,1775356093121,kalman,,14.9700,38.5600,0.0000,0.0000,10.0000,41.3639,1
2026-04-05T02:28:13.479Z,1775356093479,rssi,,11.1600,19.6900,0.0000,0.0000,10.0000,22.6328,1
2026-04-05T02:28:13.854Z,1775356093854,rssi,,10.6100,18.5800,0.0000,0.0000,10.0000,21.3960,1
2026-04-05T02:28:14.191Z,1775356094191,raw,,11.1900,19.6400,0.0000,0.0000,10.0000,22.6041,1
2026-04-05T02:28:14.568Z,1775356094568,raw,,10.6100,18.5700,0.0000,0.0000,10.0000,21.3873,1
2026-04-05T02:28:15.008Z,1775356095008,kalman,,11.1900,19.6600,0.0000,0.0000,10.0000,22.6215,1
2026-04-05T02:28:15.444Z,1775356095444,kalman,,10.6100,18.5800,0.0000,0.0000,10.0000,21.3960,1
2026-04-05T02:35:30.576Z,1775356530576,rssi,,15.0000,38.7000,0.0000,0.0000,10.0000,41.5053,1
2026-04-05T02:35:31.360Z,1775356531360,raw,,15.0000,38.7000,0.0000,0.0000,10.0000,41.5053,1
2026-04-05T02:35:31.691Z,1775356531691,kalman,,15.0100,38.7700,0.0000,0.0000,10.0000,41.5742,1
2026-04-05T02:35:32.034Z,1775356532034,rssi,,11.6000,20.4800,0.0000,0.0000,10.0000,23.5370,1
2026-04-05T02:35:32.432Z,1775356532432,rssi,,10.9400,19.2500,0.0000,0.0000,10.0000,22.1415,1
2026-04-05T02:35:32.776Z,1775356532776,raw,,11.6000,20.4800,0.0000,0.0000,10.0000,23.5370,1
2026-04-05T02:35:33.117Z,1775356533117,raw,,10.9800,19.4000,0.0000,0.0000,10.0000,22.2917,1
2026-04-05T02:35:33.478Z,1775356533478,kalman,,11.5900,20.4300,0.0000,0.0000,10.0000,23.4886,1
2026-04-05T02:35:33.824Z,1775356533824,kalman,,10.9700,19.3600,0.0000,0.0000,10.0000,22.2520,1
2026-04-05T02:35:34.167Z,1775356534167,rssi,,11.5200,20.1700,0.0000,0.0000,10.0000,23.2280,1
2026-04-05T02:35:34.503Z,1775356534503,rssi,,10.9400,19.2500,0.0000,0.0000,10.0000,22.1415,1
2026-04-05T02:35:34.842Z,1775356534842,raw,,11.6000,20.4800,0.0000,0.0000,10.0000,23.5370,1
2026-04-05T02:35:35.169Z,1775356535169,raw,,10.9800,19.4000,0.0000,0.0000,10.0000,22.2917,1
2026-04-05T02:35:35.724Z,1775356535724,kalman,,11.5900,20.4500,0.0000,0.0000,10.0000,23.5060,1
2026-04-05T02:35:36.324Z,1775356536324,kalman,,10.9700,19.3700,0.0000,0.0000,10.0000,22.2607,1
2026-04-05T02:37:26.136Z,1775356646136,rssi,,14.8000,37.8700,0.0000,0.0000,10.0000,40.6593,1
2026-04-05T02:37:26.566Z,1775356646566,raw,,14.7700,37.7400,0.0000,0.0000,10.0000,40.5273,1
2026-04-05T02:37:26.901Z,1775356646901,kalman,,14.7800,37.7800,0.0000,0.0000,10.0000,40.5682,1
2026-04-05T02:37:27.243Z,1775356647243,rssi,,11.3300,19.6700,0.0000,0.0000,10.0000,22.6997,1
2026-04-05T02:37:27.572Z,1775356647572,rssi,,10.7000,18.6800,0.0000,0.0000,10.0000,21.5275,1
2026-04-05T02:37:27.922Z,1775356647922,raw,,11.3000,19.9400,0.0000,0.0000,10.0000,22.9193,1
2026-04-05T02:37:28.269Z,1775356648269,raw,,10.7100,18.8400,0.0000,0.0000,10.0000,21.6714,1
2026-04-05T02:37:28.606Z,1775356648606,kalman,,11.3200,19.9000,0.0000,0.0000,10.0000,22.8944,1
2026-04-05T02:37:28.949Z,1775356648949,kalman,,10.7300,18.8200,0.0000,0.0000,10.0000,21.6639,1
2026-04-05T02:37:29.280Z,1775356649280,rssi,,11.2700,19.7900,0.0000,0.0000,10.0000,22.7740,1
2026-04-05T02:37:29.618Z,1775356649618,rssi,,10.6900,18.7700,0.0000,0.0000,10.0000,21.6007,1
2026-04-05T02:37:29.938Z,1775356649938,raw,,11.3000,19.9400,0.0000,0.0000,10.0000,22.9193,1
2026-04-05T02:37:30.289Z,1775356650289,raw,,10.7100,18.8400,0.0000,0.0000,10.0000,21.6714,1
2026-04-05T02:37:30.627Z,1775356650627,kalman,,11.3100,19.9200,0.0000,0.0000,10.0000,22.9068,1
2026-04-05T02:37:30.946Z,1775356650946,kalman,,10.7200,18.8300,0.0000,0.0000,10.0000,21.6677,1
2026-04-05T02:42:38.263Z,1775356958263,rssi,,14.8200,37.9400,0.0000,0.0000,10.0000,40.7318,1
2026-04-05T02:42:38.838Z,1775356958838,raw,,14.6900,37.3900,0.0000,0.0000,10.0000,40.1722,1
2026-04-05T02:42:39.379Z,1775356959379,kalman,,14.7600,37.7000,0.0000,0.0000,10.0000,40.4864,1
2026-04-05T02:42:39.701Z,1775356959701,rssi,,11.2100,20.5400,0.0000,0.0000,10.0000,23.3999,1
2026-04-05T02:42:40.041Z,1775356960041,rssi,,10.6300,19.1500,0.0000,0.0000,10.0000,21.9025,1
2026-04-05T02:42:40.383Z,1775356960383,raw,,11.1300,20.2500,0.0000,0.0000,10.0000,23.1071,1
2026-04-05T02:42:40.697Z,1775356960697,raw,,10.5900,19.0200,0.0000,0.0000,10.0000,21.7694,1
2026-04-05T02:42:41.020Z,1775356961020,kalman,,11.1900,20.4600,0.0000,0.0000,10.0000,23.3201,1
2026-04-05T02:42:41.342Z,1775356961342,kalman,,10.6400,19.2100,0.0000,0.0000,10.0000,21.9598,1
2026-04-05T02:42:41.674Z,1775356961674,rssi,,11.1300,20.2500,0.0000,0.0000,10.0000,23.1071,1
2026-04-05T02:42:42.004Z,1775356962004,rssi,,10.5900,19.0200,0.0000,0.0000,10.0000,21.7694,1
2026-04-05T02:42:42.322Z,1775356962322,raw,,11.1300,20.2500,0.0000,0.0000,10.0000,23.1071,1
2026-04-05T02:42:42.646Z,1775356962646,raw,,10.5900,19.0200,0.0000,0.0000,10.0000,21.7694,1
2026-04-05T02:42:42.973Z,1775356962973,kalman,,11.1600,20.3800,0.0000,0.0000,10.0000,23.2355,1
2026-04-05T02:42:43.298Z,1775356963298,kalman,,10.6200,19.1300,0.0000,0.0000,10.0000,21.8802,1
2026-04-05T02:44:15.895Z,1775357055895,rssi,,14.9000,38.2900,0.0000,0.0000,10.0000,41.0869,1
2026-04-05T02:46:15.015Z,1775357175015,raw,,14.9500,38.5000,0.0000,0.0000,10.0000,41.3008,1
2026-04-05T02:47:24.764Z,1775357244764,kalman,,14.9400,38.4300,0.0000,0.0000,10.0000,41.2319,1
2026-04-05T02:47:25.275Z,1775357245275,rssi,,11.4600,19.7400,0.0000,0.0000,10.0000,22.8254,1
2026-04-05T02:47:25.604Z,1775357245604,rssi,,10.8600,18.7800,0.0000,0.0000,10.0000,21.6940,1
2026-04-05T02:47:25.923Z,1775357245923,raw,,11.5300,20.0400,0.0000,0.0000,10.0000,23.1202,1
2026-04-05T02:47:26.254Z,1775357246254,raw,,10.9100,19.0000,0.0000,0.0000,10.0000,21.9095,1
2026-04-05T02:47:26.577Z,1775357246577,kalman,,11.4500,20.0300,0.0000,0.0000,10.0000,23.0717,1
2026-04-05T02:47:26.894Z,1775357246894,kalman,,10.8400,18.9600,0.0000,0.0000,10.0000,21.8400,1
2026-04-05T02:47:27.219Z,1775357247219,rssi,,11.5000,19.8600,0.0000,0.0000,10.0000,22.9493,1
2026-04-05T02:47:27.552Z,1775357247552,rssi,,10.8900,18.9200,0.0000,0.0000,10.0000,21.8302,1
2026-04-05T02:47:27.865Z,1775357247865,raw,,11.5300,20.0400,0.0000,0.0000,10.0000,23.1202,1
2026-04-05T02:47:28.204Z,1775357248204,raw,,10.9100,19.0000,0.0000,0.0000,10.0000,21.9095,1
2026-04-05T02:47:28.536Z,1775357248536,kalman,,11.4800,20.0300,0.0000,0.0000,10.0000,23.0866,1
2026-04-05T02:47:28.850Z,1775357248850,kalman,,10.8600,18.9800,0.0000,0.0000,10.0000,21.8673,1
2026-04-05T02:49:01.383Z,1775357341383,rssi,,14.9100,38.3300,0.0000,0.0000,10.0000,41.1278,1
2026-04-05T02:49:01.776Z,1775357341776,raw,,14.9000,38.2900,0.0000,0.0000,10.0000,41.0869,1
2026-04-05T02:49:02.568Z,1775357342568,kalman,,14.9000,38.2600,0.0000,0.0000,10.0000,41.0590,1
2026-04-05T02:49:02.880Z,1775357342880,rssi,,11.7000,20.2700,0.0000,0.0000,10.0000,23.4043,1
2026-04-05T02:49:03.193Z,1775357343193,rssi,,11.0300,19.2100,0.0000,0.0000,10.0000,22.1514,1
2026-04-05T02:49:03.508Z,1775357343508,raw,,11.7200,20.2300,0.0000,0.0000,10.0000,23.3797,1
2026-04-05T02:49:03.824Z,1775357343824,raw,,11.0900,19.2200,0.0000,0.0000,10.0000,22.1900,1
2026-04-05T02:49:04.146Z,1775357344146,kalman,,11.6600,20.2000,0.0000,0.0000,10.0000,23.3237,1
2026-04-05T02:49:04.470Z,1775357344470,kalman,,11.0300,19.1800,0.0000,0.0000,10.0000,22.1254,1
2026-04-05T02:49:04.796Z,1775357344796,rssi,,11.6200,20.1900,0.0000,0.0000,10.0000,23.2951,1
2026-04-05T02:49:05.182Z,1775357345182,rssi,,11.0400,19.1900,0.0000,0.0000,10.0000,22.1391,1
2026-04-05T02:49:05.507Z,1775357345507,raw,,11.7200,20.2300,0.0000,0.0000,10.0000,23.3797,1
2026-04-05T02:49:05.841Z,1775357345841,raw,,11.0900,19.2200,0.0000,0.0000,10.0000,22.1900,1
2026-04-05T02:49:06.165Z,1775357346165,kalman,,11.6800,20.2100,0.0000,0.0000,10.0000,23.3424,1
2026-04-05T02:49:06.802Z,1775357346802,kalman,,11.0500,19.2000,0.0000,0.0000,10.0000,22.1527,1
2026-04-05T02:50:39.357Z,1775357439357,rssi,,14.8600,38.1200,0.0000,0.0000,10.0000,40.9140,1
2026-04-05T02:50:40.043Z,1775357440043,raw,,14.8500,38.0700,0.0000,0.0000,10.0000,40.8638,1
2026-04-05T02:50:40.375Z,1775357440375,kalman,,14.9000,38.3000,0.0000,0.0000,10.0000,41.0962,1
2026-04-05T02:50:40.725Z,1775357440725,rssi,,11.1900,19.0500,0.0000,0.0000,10.0000,22.0934,1
2026-04-05T02:50:41.368Z,1775357441368,rssi,,10.5800,17.9900,0.0000,0.0000,10.0000,20.8705,1
2026-04-05T02:50:41.688Z,1775357441688,raw,,11.2300,19.2600,0.0000,0.0000,10.0000,22.2949,1
2026-04-05T02:50:42.029Z,1775357442029,raw,,10.6400,18.2900,0.0000,0.0000,10.0000,21.1597,1
2026-04-05T02:50:42.368Z,1775357442368,kalman,,11.2600,19.2100,0.0000,0.0000,10.0000,22.2668,1
2026-04-05T02:50:42.694Z,1775357442694,kalman,,10.6600,18.2500,0.0000,0.0000,10.0000,21.1352,1
2026-04-05T02:50:43.037Z,1775357443037,rssi,,11.1300,18.7400,0.0000,0.0000,10.0000,21.7960,1
2026-04-05T02:50:43.366Z,1775357443366,rssi,,10.6000,18.0700,0.0000,0.0000,10.0000,20.9496,1
2026-04-05T02:50:43.693Z,1775357443693,raw,,11.2300,19.2600,0.0000,0.0000,10.0000,22.2949,1
2026-04-05T02:50:44.077Z,1775357444077,raw,,10.6400,18.2900,0.0000,0.0000,10.0000,21.1597,1
2026-04-05T02:50:44.418Z,1775357444418,kalman,,11.2500,19.2300,0.0000,0.0000,10.0000,22.2790,1
2026-04-05T02:50:44.756Z,1775357444756,kalman,,10.6500,18.2700,0.0000,0.0000,10.0000,21.1475,1
2026-04-05T02:52:17.230Z,1775357537230,rssi,,14.3400,35.8900,0.0000,0.0000,10.0000,38.6488,1
2026-04-05T02:52:17.612Z,1775357537612,raw,,14.2000,35.2700,0.0000,0.0000,10.0000,38.0212,1
2026-04-05T02:52:17.950Z,1775357537950,kalman,,14.3700,36.0100,0.0000,0.0000,10.0000,38.7713,1
2026-04-05T02:52:18.279Z,1775357538279,rssi,,11.2800,19.0600,0.0000,0.0000,10.0000,22.1477,1
2026-04-05T02:52:18.607Z,1775357538607,rssi,,10.6900,18.1500,0.0000,0.0000,10.0000,21.0642,1
2026-04-05T02:52:18.926Z,1775357538926,raw,,11.2000,18.5300,0.0000,0.0000,10.0000,21.6518,1
2026-04-05T02:52:19.243Z,1775357539243,raw,,10.6100,17.7300,0.0000,0.0000,10.0000,20.6622,1
2026-04-05T02:52:19.576Z,1775357539576,kalman,,11.2400,18.8200,0.0000,0.0000,10.0000,21.9210,1
2026-04-05T02:52:19.920Z,1775357539920,kalman,,10.6400,17.9500,0.0000,0.0000,10.0000,20.8665,1
2026-04-05T02:52:20.261Z,1775357540261,rssi,,11.3000,19.0900,0.0000,0.0000,10.0000,22.1837,1
2026-04-05T02:52:20.594Z,1775357540594,rssi,,10.6500,17.9300,0.0000,0.0000,10.0000,20.8544,1
2026-04-05T02:52:20.928Z,1775357540928,raw,,11.2000,18.5300,0.0000,0.0000,10.0000,21.6518,1
2026-04-05T02:52:21.279Z,1775357541279,raw,,10.6100,17.7300,0.0000,0.0000,10.0000,20.6622,1
2026-04-05T02:52:21.598Z,1775357541598,kalman,,11.2200,18.7000,0.0000,0.0000,10.0000,21.8078,1
2026-04-05T02:52:21.921Z,1775357541921,kalman,,10.6300,17.8600,0.0000,0.0000,10.0000,20.7840,1
2026-04-05T02:53:54.336Z,1775357634336,rssi,,15.2800,39.9000,0.0000,0.0000,10.0000,42.7257,1
2026-04-05T02:53:54.717Z,1775357634717,raw,,15.4500,40.6300,0.0000,0.0000,10.0000,43.4684,1
2026-04-05T02:53:55.043Z,1775357635043,kalman,,15.4400,40.5900,0.0000,0.0000,10.0000,43.4274,1
2026-04-05T02:53:55.374Z,1775357635374,rssi,,12.0700,23.0700,0.0000,0.0000,10.0000,26.0367,1
2026-04-05T02:53:55.704Z,1775357635704,rssi,,11.3200,21.1200,0.0000,0.0000,10.0000,23.9624,1
2026-04-05T02:53:56.057Z,1775357636057,raw,,11.6200,20.6500,0.0000,0.0000,10.0000,23.6949,1
2026-04-05T02:53:56.389Z,1775357636389,raw,,11.0000,19.5600,0.0000,0.0000,10.0000,22.4409,1
2026-04-05T02:53:56.742Z,1775357636742,kalman,,11.6300,20.7600,0.0000,0.0000,10.0000,23.7957,1
2026-04-05T02:53:57.091Z,1775357637091,kalman,,11.0200,19.6700,0.0000,0.0000,10.0000,22.5466,1
2026-04-05T02:53:57.465Z,1775357637465,rssi,,11.7500,21.3600,0.0000,0.0000,10.0000,24.3785,1
2026-04-05T02:53:57.833Z,1775357637833,rssi,,11.0700,19.9000,0.0000,0.0000,10.0000,22.7718,1
2026-04-05T02:53:58.150Z,1775357638150,raw,,11.6200,20.6500,0.0000,0.0000,10.0000,23.6949,1
2026-04-05T02:53:58.508Z,1775357638508,raw,,11.0000,19.5600,0.0000,0.0000,10.0000,22.4409,1
2026-04-05T02:53:58.845Z,1775357638845,kalman,,11.6300,20.7200,0.0000,0.0000,10.0000,23.7608,1
2026-04-05T02:53:59.186Z,1775357639186,kalman,,11.0100,19.6300,0.0000,0.0000,10.0000,22.5068,1
2026-04-05T02:55:32.939Z,1775357732939,rssi,,15.6700,41.5700,0.0000,0.0000,10.0000,44.4254,1
2026-04-05T02:55:41.670Z,1775357741670,raw,,15.7100,41.7500,0.0000,0.0000,10.0000,44.6079,1
2026-04-05T02:55:49.018Z,1775357749018,kalman,,15.6900,41.6400,0.0000,0.0000,10.0000,44.4979,1
2026-04-05T02:55:54.834Z,1775357754834,rssi,,12.3600,23.7900,0.0000,0.0000,10.0000,26.8092,1
2026-04-05T02:56:00.937Z,1775357760937,rssi,,11.9900,23.6100,0.0000,0.0000,10.0000,26.4800,1
2026-04-05T02:56:13.139Z,1775357773139,raw,,12.3500,23.7000,0.0000,0.0000,10.0000,26.7248,1
2026-04-05T02:56:18.201Z,1775357778201,raw,,11.8400,22.9900,0.0000,0.0000,10.0000,25.8597,1
2026-04-05T02:56:28.069Z,1775357788069,kalman,,12.2800,23.4400,0.0000,0.0000,10.0000,26.4619,1
2026-04-05T02:56:37.495Z,1775357797495,kalman,,11.7700,22.6700,0.0000,0.0000,10.0000,25.5433,1
2026-04-05T02:56:46.549Z,1775357806549,rssi,,12.5500,24.6200,0.0000,0.0000,10.0000,27.6342,1
2026-04-05T02:56:54.886Z,1775357814886,rssi,,11.9800,23.5600,0.0000,0.0000,10.0000,26.4309,1
2026-04-05T02:57:00.366Z,1775357820366,raw,,12.3500,23.7000,0.0000,0.0000,10.0000,26.7248,1
2026-04-05T02:57:08.809Z,1775357828809,raw,,11.8400,22.9900,0.0000,0.0000,10.0000,25.8597,1
2026-04-05T02:57:20.839Z,1775357840839,kalman,,12.3100,23.5400,0.0000,0.0000,10.0000,26.5644,1
2026-04-05T02:57:32.632Z,1775357852632,kalman,,11.8000,22.7900,0.0000,0.0000,10.0000,25.6637,1
2026-04-05T02:58:49.157Z,1775357929157,rssi,,15.8000,42.1500,0.0000,0.0000,10.0000,45.0140,1
2026-04-05T02:58:52.957Z,1775357932957,raw,,15.8200,42.2300,0.0000,0.0000,10.0000,45.0960,1
2026-04-05T02:58:59.557Z,1775357939557,kalman,,15.8100,42.1600,0.0000,0.0000,10.0000,45.0269,1
2026-04-05T02:59:06.085Z,1775357946085,rssi,,12.4200,23.6800,0.0000,0.0000,10.0000,26.7395,1
2026-04-05T02:59:15.038Z,1775357955038,rssi,,11.9100,22.9800,0.0000,0.0000,10.0000,25.8830,1
2026-04-05T02:59:23.382Z,1775357963382,raw,,12.4200,23.8100,0.0000,0.0000,10.0000,26.8547,1
2026-04-05T02:59:37.767Z,1775357977767,raw,,11.9300,23.1700,0.0000,0.0000,10.0000,26.0610,1
2026-04-05T02:59:41.930Z,1775357981930,kalman,,12.4000,23.7100,0.0000,0.0000,10.0000,26.7568,1
2026-04-05T02:59:52.904Z,1775357992904,kalman,,11.9000,23.0400,0.0000,0.0000,10.0000,25.9317,1
2026-04-05T03:00:00.392Z,1775358000392,rssi,,12.4000,23.6100,0.0000,0.0000,10.0000,26.6682,1
2026-04-05T03:00:06.919Z,1775358006919,rssi,,11.9100,23.0500,0.0000,0.0000,10.0000,25.9451,1
2026-04-05T03:00:19.417Z,1775358019417,raw,,12.4200,23.8100,0.0000,0.0000,10.0000,26.8547,1
2026-04-05T03:00:29.815Z,1775358029815,raw,,11.9300,23.1700,0.0000,0.0000,10.0000,26.0610,1
2026-04-05T03:00:42.051Z,1775358042051,kalman,,12.4100,23.7500,0.0000,0.0000,10.0000,26.7968,1
2026-04-05T03:00:47.655Z,1775358047655,kalman,,11.9100,23.0900,0.0000,0.0000,10.0000,25.9807,1
2026-04-05T03:02:09.220Z,1775358129220,rssi,,15.7400,41.8600,0.0000,0.0000,10.0000,44.7214,1
2026-04-05T03:02:16.307Z,1775358136307,raw,,15.7100,41.7500,0.0000,0.0000,10.0000,44.6079,1
2026-04-05T03:02:20.558Z,1775358140558,kalman,,15.7400,41.8500,0.0000,0.0000,10.0000,44.7121,1
2026-04-05T03:02:20.883Z,1775358140883,rssi,,12.5400,24.3000,0.0000,0.0000,10.0000,27.3449,1
2026-04-05T03:02:21.224Z,1775358141224,rssi,,12.0900,23.8500,0.0000,0.0000,10.0000,26.7393,1
2026-04-05T03:02:21.898Z,1775358141898,raw,,12.5100,24.2600,0.0000,0.0000,10.0000,27.2956,1
2026-04-05T03:02:22.370Z,1775358142370,raw,,12.0400,23.7100,0.0000,0.0000,10.0000,26.5918,1
2026-04-05T03:02:22.744Z,1775358142744,kalman,,12.5100,24.2300,0.0000,0.0000,10.0000,27.2689,1
2026-04-05T03:02:23.090Z,1775358143090,kalman,,12.0400,23.6800,0.0000,0.0000,10.0000,26.5651,1
2026-04-05T03:02:23.471Z,1775358143471,rssi,,12.5500,24.4200,0.0000,0.0000,10.0000,27.4561,1
2026-04-05T03:02:23.865Z,1775358143865,rssi,,12.0700,23.8200,0.0000,0.0000,10.0000,26.7035,1
2026-04-05T03:02:24.284Z,1775358144284,raw,,12.5100,24.2600,0.0000,0.0000,10.0000,27.2956,1
2026-04-05T03:02:24.676Z,1775358144676,raw,,12.0400,23.7100,0.0000,0.0000,10.0000,26.5918,1
2026-04-05T03:02:25.109Z,1775358145109,kalman,,12.5100,24.2400,0.0000,0.0000,10.0000,27.2778,1
2026-04-05T03:02:25.827Z,1775358145827,kalman,,12.0400,23.7000,0.0000,0.0000,10.0000,26.5829,1
2026-04-05T03:03:35.707Z,1775358215707,rssi,,15.7900,42.1000,0.0000,0.0000,10.0000,44.9637,1
2026-04-05T03:03:36.381Z,1775358216381,raw,,15.8100,42.1700,0.0000,0.0000,10.0000,45.0363,1
2026-04-05T03:03:36.703Z,1775358216703,kalman,,15.8000,42.1400,0.0000,0.0000,10.0000,45.0047,1
2026-04-05T03:03:37.066Z,1775358217066,rssi,,12.6500,24.4200,0.0000,0.0000,10.0000,27.5020,1
2026-04-05T03:03:37.710Z,1775358217710,rssi,,12.2000,23.9700,0.0000,0.0000,10.0000,26.8961,1
2026-04-05T03:03:38.076Z,1775358218076,raw,,12.6200,24.2400,0.0000,0.0000,10.0000,27.3284,1
2026-04-05T03:03:38.467Z,1775358218467,raw,,12.1700,23.7900,0.0000,0.0000,10.0000,26.7221,1
2026-04-05T03:03:38.806Z,1775358218806,kalman,,12.6100,24.2900,0.0000,0.0000,10.0000,27.3682,1
2026-04-05T03:03:39.169Z,1775358219169,kalman,,12.1600,23.8400,0.0000,0.0000,10.0000,26.7621,1
2026-04-05T03:03:39.505Z,1775358219505,rssi,,12.6400,24.3300,0.0000,0.0000,10.0000,27.4175,1
2026-04-05T03:03:39.858Z,1775358219858,rssi,,12.1800,23.8500,0.0000,0.0000,10.0000,26.7801,1
2026-04-05T03:03:40.225Z,1775358220225,raw,,12.6200,24.2400,0.0000,0.0000,10.0000,27.3284,1
2026-04-05T03:03:40.768Z,1775358220768,raw,,12.1700,23.7900,0.0000,0.0000,10.0000,26.7221,1
2026-04-05T03:03:41.134Z,1775358221134,kalman,,12.6200,24.2700,0.0000,0.0000,10.0000,27.3550,1
2026-04-05T03:03:41.539Z,1775358221539,kalman,,12.1600,23.8200,0.0000,0.0000,10.0000,26.7443,1
2026-04-05T03:05:46.074Z,1775358346074,rssi,,12.4800,23.4600,0.0000,0.0000,10.0000,26.5730,1
2026-04-05T03:05:46.899Z,1775358346899,rssi,,11.9900,22.9200,0.0000,0.0000,10.0000,25.8667,1
2026-04-05T03:05:47.656Z,1775358347656,raw,,12.4800,23.4600,0.0000,0.0000,10.0000,26.5730,1
2026-04-05T03:05:48.039Z,1775358348039,raw,,11.9800,22.8400,0.0000,0.0000,10.0000,25.7912,1
2026-04-05T03:05:48.417Z,1775358348417,kalman,,12.4800,23.4800,0.0000,0.0000,10.0000,26.5906,1
2026-04-05T03:05:48.825Z,1775358348825,kalman,,11.9800,22.8600,0.0000,0.0000,10.0000,25.8089,1
2026-04-05T03:05:49.201Z,1775358349201,rssi,,15.7300,41.8300,0.0000,0.0000,10.0000,44.6898,1
2026-04-05T03:05:49.578Z,1775358349578,raw,,15.7300,41.8300,0.0000,0.0000,10.0000,44.6898,1
2026-04-05T03:05:49.953Z,1775358349953,kalman,,15.7300,41.8200,0.0000,0.0000,10.0000,44.6805,1
2026-04-05T03:05:50.338Z,1775358350338,rssi,,12.5000,23.5900,0.0000,0.0000,10.0000,26.6972,1
2026-04-05T03:05:50.763Z,1775358350763,rssi,,11.9900,22.9200,0.0000,0.0000,10.0000,25.8667,1
2026-04-05T03:05:51.177Z,1775358351177,raw,,12.4800,23.4600,0.0000,0.0000,10.0000,26.5730,1
2026-04-05T03:05:51.856Z,1775358351856,raw,,11.9800,22.8400,0.0000,0.0000,10.0000,25.7912,1
2026-04-05T03:05:52.223Z,1775358352223,kalman,,12.4800,23.4700,0.0000,0.0000,10.0000,26.5818,1
2026-04-05T03:05:52.585Z,1775358352585,kalman,,11.9800,22.8500,0.0000,0.0000,10.0000,25.8001,1
2026-04-05T03:07:25.363Z,1775358445363,rssi,,12.6900,24.8400,0.0000,0.0000,10.0000,27.8938,1
2026-04-05T03:07:25.983Z,1775358445983,rssi,,12.2300,24.3400,0.0000,0.0000,10.0000,27.2398,1
2026-04-05T03:07:26.327Z,1775358446327,raw,,12.6400,24.5300,0.0000,0.0000,10.0000,27.5951,1
2026-04-05T03:07:27.031Z,1775358447031,raw,,12.2100,24.1400,0.0000,0.0000,10.0000,27.0522,1
2026-04-05T03:07:27.375Z,1775358447375,kalman,,12.6200,24.4400,0.0000,0.0000,10.0000,27.5060,1
2026-04-05T03:07:27.715Z,1775358447715,kalman,,12.1800,24.0200,0.0000,0.0000,10.0000,26.9316,1
2026-04-05T03:07:28.087Z,1775358448087,rssi,,15.7400,41.8900,0.0000,0.0000,10.0000,44.7495,1
2026-04-05T03:07:28.521Z,1775358448521,raw,,15.7500,41.9100,0.0000,0.0000,10.0000,44.7718,1
2026-04-05T03:07:28.904Z,1775358448904,kalman,,15.7400,41.8800,0.0000,0.0000,10.0000,44.7402,1
2026-04-05T03:07:29.250Z,1775358449250,rssi,,12.6300,24.5800,0.0000,0.0000,10.0000,27.6350,1
2026-04-05T03:07:29.679Z,1775358449679,rssi,,12.2000,24.1600,0.0000,0.0000,10.0000,27.0656,1
2026-04-05T03:07:30.081Z,1775358450081,raw,,12.6400,24.5300,0.0000,0.0000,10.0000,27.5951,1
2026-04-05T03:07:30.497Z,1775358450497,raw,,12.2100,24.1400,0.0000,0.0000,10.0000,27.0522,1
2026-04-05T03:07:31.171Z,1775358451171,kalman,,12.6300,24.4800,0.0000,0.0000,10.0000,27.5461,1
2026-04-05T03:07:31.577Z,1775358451577,kalman,,12.1900,24.0600,0.0000,0.0000,10.0000,26.9718,1
2026-04-05T03:09:04.342Z,1775358544342,rssi,,12.6400,24.3900,0.0000,0.0000,10.0000,27.4707,1
2026-04-05T03:09:05.065Z,1775358545065,rssi,,12.2100,24.0500,0.0000,0.0000,10.0000,26.9720,1
2026-04-05T03:09:05.693Z,1775358545693,raw,,12.5600,24.0800,0.0000,0.0000,10.0000,27.1588,1
2026-04-05T03:09:06.038Z,1775358546038,raw,,12.0900,23.5700,0.0000,0.0000,10.0000,26.4899,1
2026-04-05T03:09:06.362Z,1775358546362,kalman,,12.6000,24.2700,0.0000,0.0000,10.0000,27.3458,1
2026-04-05T03:09:06.762Z,1775358546762,kalman,,12.1500,23.8200,0.0000,0.0000,10.0000,26.7398,1
2026-04-05T03:09:07.123Z,1775358547123,rssi,,15.7700,42.0200,0.0000,0.0000,10.0000,44.8818,1
2026-04-05T03:09:07.493Z,1775358547493,raw,,15.7800,42.0400,0.0000,0.0000,10.0000,44.9040,1
2026-04-05T03:09:07.895Z,1775358547895,kalman,,15.7800,42.0200,0.0000,0.0000,10.0000,44.8853,1
2026-04-05T03:09:08.301Z,1775358548301,rssi,,12.6500,24.5100,0.0000,0.0000,10.0000,27.5819,1
2026-04-05T03:09:08.698Z,1775358548698,rssi,,12.1500,23.8400,0.0000,0.0000,10.0000,26.7576,1
2026-04-05T03:09:09.128Z,1775358549128,raw,,12.5600,24.0800,0.0000,0.0000,10.0000,27.1588,1
2026-04-05T03:09:09.515Z,1775358549515,raw,,12.0900,23.5700,0.0000,0.0000,10.0000,26.4899,1
2026-04-05T03:09:09.910Z,1775358549910,kalman,,12.5900,24.2000,0.0000,0.0000,10.0000,27.2791,1
2026-04-05T03:09:10.344Z,1775358550344,kalman,,12.1300,23.7200,0.0000,0.0000,10.0000,26.6416,1
2026-04-05T03:10:34.934Z,1775358634934,rssi,,12.9800,26.2200,0.0000,0.0000,10.0000,29.2569,1
2026-04-05T03:10:35.494Z,1775358635494,rssi,,12.4400,25.1700,0.0000,0.0000,10.0000,28.0764,1
2026-04-05T03:10:35.888Z,1775358635888,raw,,12.6600,24.4700,0.0000,0.0000,10.0000,27.5510,1
2026-04-05T03:10:36.244Z,1775358636244,raw,,12.2300,24.0800,0.0000,0.0000,10.0000,27.0078,1
2026-04-05T03:10:36.635Z,1775358636635,kalman,,12.7600,25.0200,0.0000,0.0000,10.0000,28.0859,1
2026-04-05T03:10:37.009Z,1775358637009,kalman,,12.3600,24.7700,0.0000,0.0000,10.0000,27.6825,1
2026-04-05T03:10:37.382Z,1775358637382,rssi,,15.8200,42.2000,0.0000,0.0000,10.0000,45.0679,1
2026-04-05T03:10:37.742Z,1775358637742,raw,,15.8200,42.2300,0.0000,0.0000,10.0000,45.0960,1
2026-04-05T03:10:38.098Z,1775358638098,kalman,,15.8200,42.2100,0.0000,0.0000,10.0000,45.0772,1
2026-04-05T03:10:38.454Z,1775358638454,rssi,,12.6600,24.4700,0.0000,0.0000,10.0000,27.5510,1
2026-04-05T03:10:38.826Z,1775358638826,rssi,,12.2300,24.0800,0.0000,0.0000,10.0000,27.0078,1
2026-04-05T03:10:39.176Z,1775358639176,raw,,12.6600,24.4700,0.0000,0.0000,10.0000,27.5510,1
2026-04-05T03:10:39.800Z,1775358639800,raw,,12.2300,24.0800,0.0000,0.0000,10.0000,27.0078,1
2026-04-05T03:10:40.406Z,1775358640406,kalman,,12.7200,24.8000,0.0000,0.0000,10.0000,27.8718,1
2026-04-05T03:10:41.138Z,1775358641138,kalman,,12.3100,24.5000,0.0000,0.0000,10.0000,27.4187,1
2026-04-05T03:40:44.139Z,1775360444139,rssi,,12.3800,22.6900,0.0000,0.0000,10.0000,25.8476,1
2026-04-05T03:40:45.065Z,1775360445065,rssi,,11.8000,21.8400,0.0000,0.0000,10.0000,24.8239,1
2026-04-05T03:40:45.373Z,1775360445373,raw,,12.3100,22.5200,0.0000,0.0000,10.0000,25.6649,1
2026-04-05T03:40:45.686Z,1775360445686,raw,,11.7500,21.7300,0.0000,0.0000,10.0000,24.7033,1
2026-04-05T03:40:45.977Z,1775360445977,kalman,,12.3500,22.6100,0.0000,0.0000,10.0000,25.7630,1
2026-04-05T03:40:46.329Z,1775360446329,kalman,,11.8000,21.8500,0.0000,0.0000,10.0000,24.8327,1
2026-04-05T03:40:46.628Z,1775360446628,rssi,,12.3100,22.5200,0.0000,0.0000,10.0000,25.6649,1
2026-04-05T03:40:46.950Z,1775360446950,rssi,,11.7500,21.7300,0.0000,0.0000,10.0000,24.7033,1
2026-04-05T03:40:47.262Z,1775360447262,raw,,12.3100,22.5200,0.0000,0.0000,10.0000,25.6649,1
2026-04-05T03:40:47.576Z,1775360447576,raw,,11.7500,21.7300,0.0000,0.0000,10.0000,24.7033,1
2026-04-05T03:40:47.876Z,1775360447876,kalman,,12.3300,22.5700,0.0000,0.0000,10.0000,25.7184,1
2026-04-05T03:40:48.192Z,1775360448192,kalman,,11.7800,21.8000,0.0000,0.0000,10.0000,24.7792,1
