_id,device_id,campus_id,building_id,floor_id,room_id,timestamp,confidence,rssi_vector,x,y,scan_number
4048b658-e065-4168-9b78-7b2e80ed521d,Tag2,Carleton University,Canal Building,3,D2,2026-04-01T03:12:32.029508+00:00,0.5830,"{""WAP4"": -65.0, ""WAP10"": -44.0, ""WAP1"": -61.0, ""WAP6"": -56.0}",6.3400,2.1600,1
7ca8b4ef-4862-447b-847e-e7c7a25265d6,Tag2,Carleton University,Canal Building,3,E1,2026-04-01T03:12:32.029508+00:00,0.1000,"{""WAP4"": -65.0, ""WAP10"": -44.0, ""WAP1"": -61.0, ""WAP6"": -56.0}",7.0500,1.2400,1
0003ae0f-f0c2-46d4-8087-65744586a0d2,Tag3,Carleton University,Canal Building,3,D3,2026-04-01T03:12:32.029508+00:00,0.4000,"{""WAP4"": -59.0, ""WAP10"": -49.0, ""WAP1"": -57.0, ""WAP6"": -61.0}",6.2900,4.2400,1
5d0af9a4-d281-463d-820c-46c712fef84d,Tag2,Carleton University,Canal Building,3,D2,2026-04-01T03:12:32.029508+00:00,0.5830,"{""WAP4"": -65.0, ""WAP10"": -44.0, ""WAP1"": -61.0, ""WAP6"": -56.0}",6.3400,2.1600,1
8e2da06e-d9ef-4b73-959a-ff5fdd238ddd,Tag2,Carleton University,Canal Building,3,E1,2026-04-01T03:12:32.029508+00:00,0.1000,"{""WAP4"": -65.0, ""WAP10"": -44.0, ""WAP1"": -61.0, ""WAP6"": -56.0}",7.0500,1.2400,1
3499a6ea-e028-4f06-a382-049a4c95fd64,Tag1,Carleton University,Canal Building,3,D2,2026-04-01T03:12:32.029508+00:00,0.1730,"{""WAP4"": -64.0, ""WAP10"": -50.0, ""WAP1"": -60.0, ""WAP6"": -56.0}",5.5600,2.6700,1
62965798-51c1-4286-aa04-757573510d15,Tag2,Carleton University,Canal Building,3,D2,2026-04-01T03:14:26.067456+00:00,0.6150,"{""WAP4"": -65.0, ""WAP10"": -46.88393586641551, ""WAP1"": -60.630286121116114, ""WAP6"": -58.23684659904425}",6.0600,2.8700,4
01058a02-3d9d-4d22-8bd4-5477b31a6d82,Tag2,Carleton University,Canal Building,3,D1,2026-04-01T03:14:26.067456+00:00,0.1000,"{""WAP4"": -65.0, ""WAP10"": -46.88393586641551, ""WAP1"": -60.630286121116114, ""WAP6"": -58.23684659904425}",6.7400,1.8800,4
081e05fd-cda1-48cd-a171-f0ee884f853f,Tag3,Carleton University,Canal Building,3,C3,2026-04-01T03:14:26.067456+00:00,0.7000,"{""WAP4"": -59.88065268065268, ""WAP10"": -54.710213243546576, ""WAP1"": -57.908711042044374, ""WAP6"": -59.86635586635587}",4.9700,5.8800,4
9fad6444-7a72-4d27-ab62-4edee485beb6,Tag2,Carleton University,Canal Building,3,D2,2026-04-01T03:14:26.067456+00:00,0.6170,"{""WAP4"": -65.0, ""WAP10"": -47.05954391638427, ""WAP1"": -60.64450230418619, ""WAP6"": -58.40480451930198}",6.0400,2.9100,4
84335eff-e233-44bd-848c-e2f4688d37b6,Tag2,Carleton University,Canal Building,3,D1,2026-04-01T03:14:26.067456+00:00,0.1000,"{""WAP4"": -65.0, ""WAP10"": -47.05954391638427, ""WAP1"": -60.64450230418619, ""WAP6"": -58.40480451930198}",6.7300,1.9200,4
e0133300-dd1c-4e25-8f74-297c8e3cac82,Tag1,Carleton University,Canal Building,3,C2,2026-04-01T03:14:26.067456+00:00,0.3400,"{""WAP4"": -63.7728222394889, ""WAP10"": -53.80366053699387, ""WAP1"": -59.85475265475266, ""WAP6"": -57.05395838729172}",4.7300,3.8300,4
a1d16d60-3752-4c9e-b1bf-1a1047567bdb,Tag2,Carleton University,Canal Building,3,E2,2026-04-01T03:16:13.896486+00:00,0.4990,"{""WAP4"": -67.69217402912174, ""WAP10"": -45.46642436810018, ""WAP1"": -63.08555571336916, ""WAP6"": -64.49697571178058}",7.0300,2.2000,6
7ef951b9-57c9-4741-bd52-c2f94489110d,Tag2,Carleton University,Canal Building,3,E1,2026-04-01T03:16:13.896486+00:00,0.1000,"{""WAP4"": -67.69217402912174, ""WAP10"": -45.46642436810018, ""WAP1"": -63.08555571336916, ""WAP6"": -64.49697571178058}",7.7200,1.2000,6
f0e325a7-52d0-491f-9199-2a94133f776b,Tag3,Carleton University,Canal Building,3,C4,2026-04-01T03:16:13.896486+00:00,0.6570,"{""WAP4"": -59.10618316568645, ""WAP10"": -54.59391846804375, ""WAP1"": -56.86475705606042, ""WAP6"": -60.40322213066854}",4.9400,6.4100,6
a2ea6c5a-1c5b-495a-9cde-988d3a726762,Tag2,Carleton University,Canal Building,3,E2,2026-04-01T03:16:13.896486+00:00,0.4920,"{""WAP4"": -67.81234785846806, ""WAP10"": -45.2843344610819, ""WAP1"": -63.24735283800107, ""WAP6"": -64.88855173539802}",7.0900,2.1400,6
b1d28c07-0e88-4097-bd8f-45226f99446f,Tag2,Carleton University,Canal Building,3,E1,2026-04-01T03:16:13.896486+00:00,0.1000,"{""WAP4"": -67.81234785846806, ""WAP10"": -45.2843344610819, ""WAP1"": -63.24735283800107, ""WAP6"": -64.88855173539802}",7.7700,1.1500,6
cfb43046-b931-4f42-9178-7eacaf49bde0,Tag1,Carleton University,Canal Building,3,C3,2026-04-01T03:16:13.896486+00:00,0.4180,"{""WAP4"": -63.17464369512685, ""WAP10"": -54.29622589514045, ""WAP1"": -59.10033023341311, ""WAP6"": -58.9008252024825}",4.8600,4.5900,6
96a977dd-d9ad-43c1-a766-e161f23a8aac,Tag2,Carleton University,Canal Building,3,E1,2026-04-01T03:17:39.560357+00:00,0.4650,"{""WAP4"": -68.29776164543827, ""WAP10"": -44.569680678851476, ""WAP1"": -66.83039830791944, ""WAP6"": -65.28367321388468}",7.4400,1.6000,8
8cb25be0-6c89-402c-bb7f-b0b4bb684294,Tag2,Carleton University,Canal Building,3,E1,2026-04-01T03:17:39.560357+00:00,0.1000,"{""WAP4"": -68.29776164543827, ""WAP10"": -44.569680678851476, ""WAP1"": -66.83039830791944, ""WAP6"": -65.28367321388468}",8.0400,0.7500,8
2ddfc86f-90cb-42e8-b9fe-207101c58f2d,Tag3,Carleton University,Canal Building,3,D3,2026-04-01T03:17:39.560357+00:00,0.6110,"{""WAP4"": -59.364341750196004, ""WAP10"": -51.75250892128097, ""WAP1"": -57.64994344080455, ""WAP6"": -57.83247544712858}",5.3600,4.7200,8
afcdd13a-a65c-4607-bd76-8fb63eebe688,Tag2,Carleton University,Canal Building,3,E1,2026-04-01T03:17:39.560357+00:00,0.4590,"{""WAP4"": -68.37671314088318, ""WAP10"": -44.34728398452086, ""WAP1"": -67.28699717050792, ""WAP6"": -65.56331883854182}",7.5000,1.5300,8
655c9266-404b-4f59-8874-2ec791563a6f,Tag2,Carleton University,Canal Building,3,E1,2026-04-01T03:17:39.560357+00:00,0.1000,"{""WAP4"": -68.37671314088318, ""WAP10"": -44.34728398452086, ""WAP1"": -67.28699717050792, ""WAP6"": -65.56331883854182}",8.0800,0.6900,8
59a2853c-079c-4366-a87f-390d8807c595,Tag1,Carleton University,Canal Building,3,C2,2026-04-01T03:17:39.560357+00:00,0.3220,"{""WAP4"": -63.81304122403472, ""WAP10"": -53.47942484759328, ""WAP1"": -59.36301595060234, ""WAP6"": -53.872135183230746}",4.0700,3.3300,8
6d0a4dfd-9c4c-4bb1-9b83-f6c32bb4f163,Tag2,Carleton University,Canal Building,3,D2,2026-04-01T03:19:04.925918+00:00,0.5970,"{""WAP4"": -65.51762115328685, ""WAP10"": -46.893764976553484, ""WAP1"": -61.712406718296556, ""WAP6"": -59.248920811205004}",6.2500,2.7000,10
3e09d86a-2c7d-40b5-bfa9-daa756ff87c4,Tag2,Carleton University,Canal Building,3,E1,2026-04-01T03:19:04.925918+00:00,0.1000,"{""WAP4"": -65.51762115328685, ""WAP10"": -46.893764976553484, ""WAP1"": -61.712406718296556, ""WAP6"": -59.248920811205004}",6.9600,1.7000,10
d9e097cc-63b5-4785-aeea-1b425f307317,Tag3,Carleton University,Canal Building,3,C3,2026-04-01T03:19:04.925918+00:00,0.6290,"{""WAP4"": -59.85599389076504, ""WAP10"": -53.05765891443921, ""WAP1"": -56.621155941088965, ""WAP6"": -58.92131433528737}",4.9900,5.5400,10
77e411b8-65cc-42c1-abda-f804a06387f3,Tag2,Carleton University,Canal Building,3,D2,2026-04-01T03:19:04.925918+00:00,0.6160,"{""WAP4"": -65.12035385706685, ""WAP10"": -47.32562608255449, ""WAP1"": -61.239097434835855, ""WAP6"": -58.76135685652721}",6.0900,2.8800,10
cb97a0b0-8316-4931-b9f2-4dddf83d892b,Tag2,Carleton University,Canal Building,3,D1,2026-04-01T03:19:04.925918+00:00,0.1000,"{""WAP4"": -65.12035385706685, ""WAP10"": -47.32562608255449, ""WAP1"": -61.239097434835855, ""WAP6"": -58.76135685652721}",6.7700,1.8800,10
b6577c07-a4c7-47b5-9491-69e6ff0a5f1c,Tag1,Carleton University,Canal Building,3,C3,2026-04-01T03:19:04.925918+00:00,0.6820,"{""WAP4"": -62.03911230571566, ""WAP10"": -57.501966250369826, ""WAP1"": -59.42251353759501, ""WAP6"": -60.03555265384065}",4.4200,5.9200,10
f233816d-bcde-40b7-81c9-59eb307bfc46,Tag3,Carleton University,Canal Building,3,D3,2026-04-01T03:20:30.647420+00:00,0.6280,"{""WAP4"": -59.53419633728656, ""WAP10"": -52.48697648930613, ""WAP1"": -56.82126706864289, ""WAP6"": -59.229540070366546}",5.2300,5.3700,12
96d14f44-e396-495b-be82-0e32bb938a3f,Tag1,Carleton University,Canal Building,3,D4,2026-04-01T03:20:30.647420+00:00,0.6200,"{""WAP4"": -58.481872811925, ""WAP10"": -56.927906123563886, ""WAP1"": -59.683358434518034, ""WAP6"": -62.38996372152809}",5.3600,6.9800,12
889828c8-c833-4d58-860d-64dd93c69e24,Tag2,Carleton University,Canal Building,3,D2,2026-04-01T03:22:09.083942+00:00,0.6680,"{""WAP4"": -65.04472668771649, ""WAP10"": -50.891252043121305, ""WAP1"": -62.34560186893288, ""WAP6"": -62.05318116388989}",5.9200,3.7100,15
6ea40e9e-b82f-4794-aec7-651653c869b7,Tag2,Carleton University,Canal Building,3,D2,2026-04-01T03:22:09.083942+00:00,0.1000,"{""WAP4"": -65.04472668771649, ""WAP10"": -50.891252043121305, ""WAP1"": -62.34560186893288, ""WAP6"": -62.05318116388989}",6.5500,2.7100,15
f4f4524f-33a6-402f-aec0-f60fbb7d8002,Tag3,Carleton University,Canal Building,3,D2,2026-04-01T03:22:09.083942+00:00,0.1000,"{""WAP4"": -64.93973114937408, ""WAP10"": -50.17355614113337, ""WAP1"": -57.43633715000859, ""WAP6"": -57.263666957620806}",5.3800,3.4000,15
baefb609-7b35-420b-9163-1e94518d7f09,Tag2,Carleton University,Canal Building,3,D2,2026-04-01T03:22:09.083942+00:00,0.6810,"{""WAP4"": -65.0272659164577, ""WAP10"": -51.71448236929511, ""WAP1"": -62.60107117958645, ""WAP6"": -62.81319627153911}",5.8900,3.9200,15
1bd93724-ad70-4c24-ad89-1686ef8adb39,Tag2,Carleton University,Canal Building,3,D2,2026-04-01T03:22:09.083942+00:00,0.1300,"{""WAP4"": -65.0272659164577, ""WAP10"": -51.71448236929511, ""WAP1"": -62.60107117958645, ""WAP6"": -62.81319627153911}",6.4900,2.9500,15
b3dc654b-670b-4c94-8c40-b5be03b18725,Tag1,Carleton University,Canal Building,3,C4,2026-04-01T03:22:09.083942+00:00,0.6670,"{""WAP4"": -62.5131714135309, ""WAP10"": -57.91208596483765, ""WAP1"": -59.083840435558905, ""WAP6"": -60.32209212682101}",4.2600,6.1200,15
962bf3a4-90dd-4a58-9e57-6b65b2328247,Tag2,Carleton University,Canal Building,3,C2,2026-04-01T03:23:34.124403+00:00,0.7020,"{""WAP4"": -64.91327040108717, ""WAP10"": -52.74012247176163, ""WAP1"": -59.87736801441576, ""WAP6"": -53.49159665808472}",4.1300,3.6700,17
5927c4ca-c70c-4fff-b014-035f384477d2,Tag2,Carleton University,Canal Building,3,C2,2026-04-01T03:23:34.124403+00:00,0.1820,"{""WAP4"": -64.91327040108717, ""WAP10"": -52.74012247176163, ""WAP1"": -59.87736801441576, ""WAP6"": -53.49159665808472}",4.1800,2.8600,17
ca3754aa-37f7-4fde-b353-66a6f1224144,Tag3,Carleton University,Canal Building,3,C2,2026-04-01T03:23:34.124403+00:00,0.1000,"{""WAP4"": -66.53325036815154, ""WAP10"": -53.659213077203525, ""WAP1"": -58.212576071211735, ""WAP6"": -54.12038434822152}",3.8200,3.4400,17
913b591e-5bed-4855-b230-bd19bc28662d,Tag2,Carleton University,Canal Building,3,C2,2026-04-01T03:23:34.124403+00:00,0.6880,"{""WAP4"": -64.94712861337142, ""WAP10"": -52.646381491461526, ""WAP1"": -59.730047993321044, ""WAP6"": -51.93332441081692}",3.8700,3.4400,17
b0b0e614-0c1d-414b-a050-87973644d7f2,Tag2,Carleton University,Canal Building,3,C2,2026-04-01T03:23:34.124403+00:00,0.1470,"{""WAP4"": -64.94712861337142, ""WAP10"": -52.646381491461526, ""WAP1"": -59.730047993321044, ""WAP6"": -51.93332441081692}",3.8100,2.6100,17
9b69f07c-2516-451d-a3c7-8899c64c0853,Tag1,Carleton University,Canal Building,3,C3,2026-04-01T03:23:34.124403+00:00,0.7410,"{""WAP4"": -60.6622604031257, ""WAP10"": -56.61899237801591, ""WAP1"": -60.5043452149432, ""WAP6"": -59.299517227218175}",4.8200,5.5000,17
5f1b36a5-fac2-4b51-a82f-1f264e9c6c16,Tag2,Carleton University,Canal Building,3,C3,2026-04-01T03:25:23.039122+00:00,0.7140,"{""WAP4"": -66.18994872999727, ""WAP10"": -55.81556410582968, ""WAP1"": -56.838109527757894, ""WAP6"": -59.87349949868874}",3.9800,5.8800,20
08a3ded1-3b11-4c09-b81f-2551e9054eb5,Tag2,Carleton University,Canal Building,3,C3,2026-04-01T03:25:23.039122+00:00,0.1840,"{""WAP4"": -66.18994872999727, ""WAP10"": -55.81556410582968, ""WAP1"": -56.838109527757894, ""WAP6"": -59.87349949868874}",4.0000,5.6700,20
5eac5a72-737a-4e0c-8610-05f97d8d68a7,Tag3,Carleton University,Canal Building,3,C2,2026-04-01T03:25:23.039122+00:00,0.2610,"{""WAP4"": -65.30465815155662, ""WAP10"": -55.652843394445185, ""WAP1"": -61.46805439015311, ""WAP6"": -55.39617781996711}",3.9500,3.3100,20
b28091a6-9bef-4d19-9262-4b7c0757aa10,Tag2,Carleton University,Canal Building,3,C4,2026-04-01T03:25:23.039122+00:00,0.7180,"{""WAP4"": -66.11579498659309, ""WAP10"": -55.887565703160824, ""WAP1"": -56.38079205406241, ""WAP6"": -60.44340140636946}",3.9600,6.1300,20
88baee2d-62b6-4e4c-a04f-ba94421f5b3c,Tag2,Carleton University,Canal Building,3,C4,2026-04-01T03:25:23.039122+00:00,0.1960,"{""WAP4"": -66.11579498659309, ""WAP10"": -55.887565703160824, ""WAP1"": -56.38079205406241, ""WAP6"": -60.44340140636946}",3.9600,6.0000,20
ef138159-da81-43dd-8c92-b9842dd5837f,Tag1,Carleton University,Canal Building,3,C4,2026-04-01T03:25:23.039122+00:00,0.7900,"{""WAP4"": -58.79242653631422, ""WAP10"": -60.83209737916203, ""WAP1"": -61.46159567004775, ""WAP6"": -61.6960737717424}",4.9200,7.6200,20
86b9acf9-bae8-43b7-8c6e-2bce26b6dd87,Tag2,Carleton University,Canal Building,3,C3,2026-04-01T03:26:48.752922+00:00,0.8200,"{""WAP4"": -62.15897273633427, ""WAP10"": -54.52053072809029, ""WAP1"": -59.087169315847646, ""WAP6"": -57.68718880610373}",4.5200,5.1800,22
7badb797-2610-4719-b8ad-bb879495ccd5,Tag2,Carleton University,Canal Building,3,C3,2026-04-01T03:26:48.752922+00:00,0.5160,"{""WAP4"": -62.15897273633427, ""WAP10"": -54.52053072809029, ""WAP1"": -59.087169315847646, ""WAP6"": -57.68718880610373}",4.6600,4.6300,22
4454a9de-b0a2-4d52-9050-af1f7146ef70,Tag3,Carleton University,Canal Building,3,B2,2026-04-01T03:26:48.752922+00:00,0.1000,"{""WAP4"": -67.97701470255308, ""WAP10"": -57.80852926246146, ""WAP1"": -59.46622596392123, ""WAP6"": -54.130487915936364}",2.7900,3.6600,22
81c9c9da-d46e-48a8-9804-59477e16f92e,Tag2,Carleton University,Canal Building,3,C3,2026-04-01T03:26:48.752922+00:00,0.8300,"{""WAP4"": -61.70652345223639, ""WAP10"": -54.31732167243959, ""WAP1"": -59.443527646461725, ""WAP6"": -57.418918402828226}",4.5900,5.0900,22
f8a25a12-9fac-423d-b0ee-621253ee1326,Tag2,Carleton University,Canal Building,3,C3,2026-04-01T03:26:48.752922+00:00,0.5440,"{""WAP4"": -61.70652345223639, ""WAP10"": -54.31732167243959, ""WAP1"": -59.443527646461725, ""WAP6"": -57.418918402828226}",4.7500,4.5100,22
819e2570-c9ae-4603-9eb4-3014ac4f9642,Tag1,Carleton University,Canal Building,3,C4,2026-04-01T03:26:48.752922+00:00,0.7530,"{""WAP4"": -58.95297466262259, ""WAP10"": -59.66242394292088, ""WAP1"": -61.01166690530459, ""WAP6"": -62.27141886369502}",5.0700,7.4500,22
3be47d07-7980-4b3b-af1f-8032e8def83b,Tag2,Carleton University,Canal Building,3,C3,2026-04-01T03:28:13.713739+00:00,0.7710,"{""WAP4"": -63.975149816647985, ""WAP10"": -54.84534064179618, ""WAP1"": -61.32792985858844, ""WAP6"": -56.66172573908797}",4.4100,4.3500,24
3562c74b-304c-40ca-9e9d-69bbeda94084,Tag2,Carleton University,Canal Building,3,C2,2026-04-01T03:28:13.713739+00:00,0.3680,"{""WAP4"": -63.975149816647985, ""WAP10"": -54.84534064179618, ""WAP1"": -61.32792985858844, ""WAP6"": -56.66172573908797}",4.5300,3.6100,24
72f33cf0-3a1a-478a-b97b-2511b5ded863,Tag3,Carleton University,Canal Building,3,B2,2026-04-01T03:28:13.713739+00:00,0.1000,"{""WAP4"": -69.82041678668381, ""WAP10"": -57.95662270180988, ""WAP1"": -62.29233746220483, ""WAP6"": -54.36983448643165}",2.9400,2.7600,24
2f0f4f5e-8978-430d-a805-7fd80017a941,Tag2,Carleton University,Canal Building,3,C3,2026-04-01T03:28:13.713739+00:00,0.7590,"{""WAP4"": -64.37523923827823, ""WAP10"": -54.90571783075377, ""WAP1"": -61.59029811351995, ""WAP6"": -56.59858991839387}",4.3900,4.2400,24
50dde506-e56a-4742-bf05-2b7db1c48eb7,Tag2,Carleton University,Canal Building,3,C2,2026-04-01T03:28:13.713739+00:00,0.3320,"{""WAP4"": -64.37523923827823, ""WAP10"": -54.90571783075377, ""WAP1"": -61.59029811351995, ""WAP6"": -56.59858991839387}",4.5000,3.4900,24
0231a9ef-3346-4406-8a7c-b04de2d34cf5,Tag1,Carleton University,Canal Building,3,C4,2026-04-01T03:28:13.713739+00:00,0.7000,"{""WAP4"": -58.8964398717199, ""WAP10"": -60.356702200514725, ""WAP1"": -61.34291583308709, ""WAP6"": -62.834941455746794}",5.1100,7.7400,24
af5fa937-e200-4e33-9dac-bf24550d0223,Tag2,Carleton University,Canal Building,3,C3,2026-04-01T03:29:38.267422+00:00,0.7740,"{""WAP4"": -66.06509317724132, ""WAP10"": -58.381367769291806, ""WAP1"": -64.28909192729361, ""WAP6"": -63.83877623583314}",4.9700,5.2100,26
3a9ebcfa-9c9e-4abe-bcc4-18e4e91fe97b,Tag2,Carleton University,Canal Building,3,D3,2026-04-01T03:29:38.267422+00:00,0.3440,"{""WAP4"": -66.06509317724132, ""WAP10"": -58.381367769291806, ""WAP1"": -64.28909192729361, ""WAP6"": -63.83877623583314}",5.2600,4.6100,26
326c8490-804d-4e5d-8499-0905fd336f65,Tag3,Carleton University,Canal Building,3,C2,2026-04-01T03:29:38.267422+00:00,0.1000,"{""WAP4"": -67.97923228912798, ""WAP10"": -57.64990024321989, ""WAP1"": -66.18085490706467, ""WAP6"": -55.38332330211789}",3.5900,2.2800,26
f2bdd4fe-faf6-4580-9226-419e45693f7e,Tag2,Carleton University,Canal Building,3,C3,2026-04-01T03:29:38.267422+00:00,0.7830,"{""WAP4"": -66.23487567033847, ""WAP10"": -59.01326269748316, ""WAP1"": -64.7618161540405, ""WAP6"": -64.87768659944525}",5.0300,5.3800,26
9084da74-05b2-4e05-ac9a-341e1f4aec7e,Tag2,Carleton University,Canal Building,3,D3,2026-04-01T03:29:38.267422+00:00,0.3660,"{""WAP4"": -66.23487567033847, ""WAP10"": -59.01326269748316, ""WAP1"": -64.7618161540405, ""WAP6"": -64.87768659944525}",5.3300,4.8100,26
0043f739-58c8-4977-8b75-739358f1a3a7,Tag1,Carleton University,Canal Building,3,C4,2026-04-01T03:29:38.267422+00:00,0.7890,"{""WAP4"": -58.97653866787812, ""WAP10"": -59.987903507489236, ""WAP1"": -61.07768687026099, ""WAP6"": -61.84888153396585}",4.9600,7.4400,26
6c3b1244-de62-402a-9e40-3147069878e7,Tag2,Carleton University,Canal Building,3,C3,2026-04-01T03:31:23.550610+00:00,0.7410,"{""WAP4"": -65.527124604326, ""WAP10"": -55.97074914736091, ""WAP1"": -63.12041588593637, ""WAP6"": -58.04142046330507}",4.4900,4.1900,28
f6c86bc0-d848-4590-9787-ef77e18ae9fa,Tag2,Carleton University,Canal Building,3,C2,2026-04-01T03:31:23.550610+00:00,0.2660,"{""WAP4"": -65.527124604326, ""WAP10"": -55.97074914736091, ""WAP1"": -63.12041588593637, ""WAP6"": -58.04142046330507}",4.6300,3.4200,28
33461a47-5124-4762-a3bc-35a134353ac8,Tag3,Carleton University,Canal Building,3,B2,2026-04-01T03:31:23.550610+00:00,0.1000,"{""WAP4"": -69.01611327792084, ""WAP10"": -57.054326915528925, ""WAP1"": -63.040070637492406, ""WAP6"": -52.92094432048454}",2.9000,2.2600,28
ef525fbb-25ae-4709-b410-6561e1343187,Tag2,Carleton University,Canal Building,3,C3,2026-04-01T03:31:23.550610+00:00,0.7370,"{""WAP4"": -65.51653547878061, ""WAP10"": -55.78697423356371, ""WAP1"": -63.07340694458867, ""WAP6"": -57.634862199857395}",4.4500,4.1100,28
9d2b3ae6-c2b8-4208-91ea-713ed395ab02,Tag2,Carleton University,Canal Building,3,C2,2026-04-01T03:31:23.550610+00:00,0.2580,"{""WAP4"": -65.51653547878061, ""WAP10"": -55.78697423356371, ""WAP1"": -63.07340694458867, ""WAP6"": -57.634862199857395}",4.5800,3.3300,28
66bfb193-a6a9-4851-9b0c-77e25e519bfc,Tag1,Carleton University,Canal Building,3,C5,2026-04-01T03:31:23.550610+00:00,0.6950,"{""WAP4"": -58.561505528298134, ""WAP10"": -61.884436435651104, ""WAP1"": -59.47069564819989, ""WAP6"": -62.64630986497791}",4.5900,8.6600,28
146059fa-3e62-41cf-ba1f-42321d4ff8cc,Tag2,Carleton University,Canal Building,3,C3,2026-04-01T03:32:48.971285+00:00,0.7690,"{""WAP4"": -64.250661329436, ""WAP10"": -56.66363871745089, ""WAP1"": -59.303829261902536, ""WAP6"": -55.19509702998363}",3.6600,4.8100,30
2afa6ddf-43ba-46d0-a8c9-7dfe9427bb5c,Tag2,Carleton University,Canal Building,3,C3,2026-04-01T03:32:48.971285+00:00,0.3590,"{""WAP4"": -64.250661329436, ""WAP10"": -56.66363871745089, ""WAP1"": -59.303829261902536, ""WAP6"": -55.19509702998363}",3.5000,4.2100,30
c6795899-d846-4b36-9e73-5779694e71eb,Tag3,Carleton University,Canal Building,3,B2,2026-04-01T03:32:48.971285+00:00,0.1000,"{""WAP4"": -66.25011484753895, ""WAP10"": -56.67203493005197, ""WAP1"": -60.34844897332493, ""WAP6"": -53.0749967355853}",3.0000,3.1400,30
12a4d882-0a01-4951-b3cc-306d6cd1b279,Tag2,Carleton University,Canal Building,3,C3,2026-04-01T03:32:48.971285+00:00,0.7630,"{""WAP4"": -64.1528061034252, ""WAP10"": -56.59975609257092, ""WAP1"": -58.990023800667046, ""WAP6"": -54.72854524779603}",3.5800,4.7900,30
b6ca72ba-f6a3-47b1-a00c-6cef0cdec953,Tag2,Carleton University,Canal Building,3,B3,2026-04-01T03:32:48.971285+00:00,0.3460,"{""WAP4"": -64.1528061034252, ""WAP10"": -56.59975609257092, ""WAP1"": -58.990023800667046, ""WAP6"": -54.72854524779603}",3.3900,4.1900,30
aeae6094-6339-4cc3-8697-0c212f371c18,Tag1,Carleton University,Canal Building,3,C5,2026-04-01T03:32:48.971285+00:00,0.7040,"{""WAP4"": -59.33383934313901, ""WAP10"": -61.200367238841004, ""WAP1"": -58.48764249516527, ""WAP6"": -62.486692878393924}",4.3000,8.4900,30
bd625986-20b1-4b7d-9bfb-aefa7aae0840,Tag2,Carleton University,Canal Building,3,B3,2026-04-01T03:34:14.407454+00:00,0.6860,"{""WAP4"": -65.14834270099462, ""WAP10"": -58.88940908010356, ""WAP1"": -58.904833277048056, ""WAP6"": -52.277873542862956}",2.7700,4.4600,32
a5e21252-1fbe-49ef-a48a-0d80913a9ed1,Tag2,Carleton University,Canal Building,3,B2,2026-04-01T03:34:14.407454+00:00,0.1390,"{""WAP4"": -65.14834270099462, ""WAP10"": -58.88940908010356, ""WAP1"": -58.904833277048056, ""WAP6"": -52.277873542862956}",2.3200,3.7400,32
9e09e349-8a13-4d4c-b46b-39730f31ca95,Tag3,Carleton University,Canal Building,3,B2,2026-04-01T03:34:14.407454+00:00,0.1760,"{""WAP4"": -66.11821581240316, ""WAP10"": -61.34924555286408, ""WAP1"": -62.646662702431044, ""WAP6"": -55.49180602982494}",2.6800,3.8000,32
d20f8503-9824-4934-b960-dc5eda5d02fd,Tag2,Carleton University,Canal Building,3,B3,2026-04-01T03:34:14.407454+00:00,0.6770,"{""WAP4"": -65.28562556209627, ""WAP10"": -59.12777657221351, ""WAP1"": -58.941985243025904, ""WAP6"": -51.97420088814615}",2.6800,4.3900,32
15f77c99-b492-4f1e-9c5e-0c1f909295fe,Tag2,Carleton University,Canal Building,3,B2,2026-04-01T03:34:14.407454+00:00,0.1130,"{""WAP4"": -65.28562556209627, ""WAP10"": -59.12777657221351, ""WAP1"": -58.941985243025904, ""WAP6"": -51.97420088814615}",2.2100,3.6400,32
706d04b3-1e7d-40e5-8c17-345e16b7530d,Tag1,Carleton University,Canal Building,3,C4,2026-04-01T03:34:14.407454+00:00,0.7960,"{""WAP4"": -59.508809965905456, ""WAP10"": -60.85957951069791, ""WAP1"": -59.99765126609636, ""WAP6"": -62.203165897163466}",4.5900,7.8800,32
011c61c0-91a8-4e31-abcb-7e33b1e56e61,Tag2,Carleton University,Canal Building,3,B5,2026-04-01T03:36:23.370818+00:00,0.7310,"{""WAP4"": -63.91122350645977, ""WAP10"": -60.861731911069256, ""WAP1"": -52.4827098560126, ""WAP6"": -58.631379324288396}",2.6100,8.2400,35
49c4f91a-e90c-437b-a971-b98b219d5eec,Tag2,Carleton University,Canal Building,3,B5,2026-04-01T03:36:23.370818+00:00,0.2710,"{""WAP4"": -63.91122350645977, ""WAP10"": -60.861731911069256, ""WAP1"": -52.4827098560126, ""WAP6"": -58.631379324288396}",2.1100,8.8800,35
7cf0983c-3ae9-46ad-b290-4301c1c09e49,Tag3,Carleton University,Canal Building,3,C3,2026-04-01T03:36:23.370818+00:00,0.1570,"{""WAP4"": -67.39236644380934, ""WAP10"": -57.89623350182283, ""WAP1"": -61.54686903247404, ""WAP6"": -60.38441384375649}",4.2700,4.5000,35
1a5e09d8-8478-4005-9d27-2bedcb7843c2,Tag2,Carleton University,Canal Building,3,B5,2026-04-01T03:36:23.370818+00:00,0.7270,"{""WAP4"": -64.07601020332693, ""WAP10"": -60.65545133973233, ""WAP1"": -52.55452442479065, ""WAP6"": -58.64515508647523}",2.6400,8.1700,35
4205f77e-7cfd-4112-8d36-053fd91a83de,Tag2,Carleton University,Canal Building,3,B5,2026-04-01T03:36:23.370818+00:00,0.2580,"{""WAP4"": -64.07601020332693, ""WAP10"": -60.65545133973233, ""WAP1"": -52.55452442479065, ""WAP6"": -58.64515508647523}",2.1400,8.7900,35
92c2ff7b-ef4d-4890-895f-c988a2634a7e,Tag1,Carleton University,Canal Building,3,C5,2026-04-01T03:36:23.370818+00:00,0.7760,"{""WAP4"": -59.07026985533742, ""WAP10"": -60.88770041186151, ""WAP1"": -59.54216622203664, ""WAP6"": -62.084695468887965}",4.5700,8.1000,35
ac1c745b-e30c-4da3-a8db-3723b74c55bc,Tag2,Carleton University,Canal Building,3,A6,2026-04-01T03:37:47.777832+00:00,0.6220,"{""WAP4"": -60.49023229616412, ""WAP10"": -63.92284488246731, ""WAP1"": -44.29819896672746, ""WAP6"": -63.80768915858492}",1.6400,11.7700,37
6854bee1-2b44-4c4b-82b8-6a38f8835bbf,Tag2,Carleton University,Canal Building,3,A7,2026-04-01T03:37:47.777832+00:00,0.1000,"{""WAP4"": -60.49023229616412, ""WAP10"": -63.92284488246731, ""WAP1"": -44.29819896672746, ""WAP6"": -63.80768915858492}",0.9700,12.7400,37
f92bd2b3-c90a-4b9a-9a4b-5cd6dfa61143,Tag3,Carleton University,Canal Building,3,B3,2026-04-01T03:37:47.777832+00:00,0.3070,"{""WAP4"": -65.88225837237209, ""WAP10"": -59.80211597332047, ""WAP1"": -61.7730836611957, ""WAP6"": -57.426459212016645}",3.3600,4.4100,37
a7073340-05c6-4bc1-b8ee-463d1910e9d0,Tag2,Carleton University,Canal Building,3,A7,2026-04-01T03:37:47.777832+00:00,0.5950,"{""WAP4"": -60.10365728931181, ""WAP10"": -64.34335353337096, ""WAP1"": -43.40100920150556, ""WAP6"": -64.46834734722457}",1.5400,12.0400,37
4a034d0b-3c4f-43d4-bce9-3e672b366273,Tag2,Carleton University,Canal Building,3,A7,2026-04-01T03:37:47.777832+00:00,0.1000,"{""WAP4"": -60.10365728931181, ""WAP10"": -64.34335353337096, ""WAP1"": -43.40100920150556, ""WAP6"": -64.46834734722457}",0.8700,12.9500,37
a54371e8-e77b-4a1c-a616-72b82241d1c9,Tag1,Carleton University,Canal Building,3,C5,2026-04-01T03:37:47.777832+00:00,0.7580,"{""WAP4"": -58.58274013427712, ""WAP10"": -60.54137940578216, ""WAP1"": -58.68964727672768, ""WAP6"": -61.926280946991604}",4.5200,8.3000,37
5d64a52d-6149-4cdb-aeba-a31bfaa3cf81,Tag2,Carleton University,Canal Building,3,B6,2026-04-01T03:39:12.121670+00:00,0.5770,"{""WAP4"": -61.75620076616741, ""WAP10"": -60.45789173701336, ""WAP1"": -46.64918928283256, ""WAP6"": -65.99327999037764}",2.2000,10.9900,39
61edb29f-6097-4a80-8707-6cac7da89688,Tag2,Carleton University,Canal Building,3,A7,2026-04-01T03:39:12.121670+00:00,0.1000,"{""WAP4"": -61.75620076616741, ""WAP10"": -60.45789173701336, ""WAP1"": -46.64918928283256, ""WAP6"": -65.99327999037764}",1.4800,12.0300,39
661c427f-39f5-4956-8ef4-eed3ce7d60df,Tag3,Carleton University,Canal Building,3,D2,2026-04-01T03:39:12.121670+00:00,0.1000,"{""WAP4"": -68.20077546946284, ""WAP10"": -51.168477046770896, ""WAP1"": -62.907857921317266, ""WAP6"": -60.74670673261985}",6.3000,2.2600,39
16567ab9-92a4-4d2a-8a9e-be3069d921e6,Tag2,Carleton University,Canal Building,3,B6,2026-04-01T03:39:12.121670+00:00,0.5720,"{""WAP4"": -61.85137711100539, ""WAP10"": -60.08394210293847, ""WAP1"": -46.78614164837163, ""WAP6"": -66.19109750446071}",2.2600,10.9100,39
a6fabfad-6815-4f65-b0d7-6fa49f15f4d6,Tag2,Carleton University,Canal Building,3,A7,2026-04-01T03:39:12.121670+00:00,0.1000,"{""WAP4"": -61.85137711100539, ""WAP10"": -60.08394210293847, ""WAP1"": -46.78614164837163, ""WAP6"": -66.19109750446071}",1.5400,11.9500,39
b84326f0-68fb-4d99-bc6d-b49fa96b5066,Tag1,Carleton University,Canal Building,3,D4,2026-04-01T03:39:12.121670+00:00,0.1270,"{""WAP4"": -64.10362291069343, ""WAP10"": -58.761557501121715, ""WAP1"": -61.96194572390956, ""WAP6"": -68.04781007999959}",5.4200,6.3800,39
9b5cc29f-2f28-47c5-bc43-5408a50eb0d1,Tag2,Carleton University,Canal Building,3,C4,2026-04-01T03:40:59.991865+00:00,0.8860,"{""WAP4"": -60.41942564194847, ""WAP10"": -58.73437985796179, ""WAP1"": -55.985609656204794, ""WAP6"": -60.85502949071397}",3.9500,7.6800,42
eebe17df-5d1e-4e9b-8285-d0df4a84ae1b,Tag2,Carleton University,Canal Building,3,C5,2026-04-01T03:40:59.991865+00:00,0.6920,"{""WAP4"": -60.41942564194847, ""WAP10"": -58.73437985796179, ""WAP1"": -55.985609656204794, ""WAP6"": -60.85502949071397}",3.8000,7.9500,42
ec7d3d21-56dc-48e3-9ae3-4dc661c6cf31,Tag3,Carleton University,Canal Building,3,D2,2026-04-01T03:40:59.991865+00:00,0.1000,"{""WAP4"": -65.35350249657358, ""WAP10"": -51.17933285407362, ""WAP1"": -61.67958733650455, ""WAP6"": -61.81146082507109}",6.3600,2.8900,42
9f82971d-be80-4d8f-863f-72bf651a13b0,Tag2,Carleton University,Canal Building,3,C4,2026-04-01T03:40:59.991865+00:00,0.9150,"{""WAP4"": -60.25568681921128, ""WAP10"": -58.6428807263453, ""WAP1"": -56.96719798466798, ""WAP6"": -60.52123606414924}",4.1000,7.3800,42
e6ef3984-1b52-4448-b01b-319b00d71120,Tag2,Carleton University,Canal Building,3,C4,2026-04-01T03:40:59.991865+00:00,0.7700,"{""WAP4"": -60.25568681921128, ""WAP10"": -58.6428807263453, ""WAP1"": -56.96719798466798, ""WAP6"": -60.52123606414924}",4.0100,7.5500,42
fc9e7473-1ce2-46d9-9d1d-d2597540831b,Tag1,Carleton University,Canal Building,3,A7,2026-04-01T03:40:59.991865+00:00,0.1000,"{""WAP4"": -62.816844124234485, ""WAP10"": -57.11365504291931, ""WAP1"": -42.655076995009495, ""WAP6"": -68.29023861142707}",1.1300,12.3900,42
6551a7af-8a66-4298-a1a8-a01efba6a446,Tag2,Carleton University,Canal Building,3,C3,2026-04-01T03:43:07.391668+00:00,0.8700,"{""WAP4"": -59.71765259830692, ""WAP10"": -53.62803646681267, ""WAP1"": -59.65319771793942, ""WAP6"": -59.00436015308881}",5.0900,5.4700,44
18ae40d2-6055-45d4-aafa-8914bdd5aaa7,Tag2,Carleton University,Canal Building,3,D3,2026-04-01T03:43:07.391668+00:00,0.6620,"{""WAP4"": -59.71765259830692, ""WAP10"": -53.62803646681267, ""WAP1"": -59.65319771793942, ""WAP6"": -59.00436015308881}",5.3900,4.9300,44
9b8e87c4-e565-44dd-9156-9877f1177872,Tag3,Carleton University,Canal Building,3,D1,2026-04-01T03:43:07.391668+00:00,0.1000,"{""WAP4"": -67.40044148342805, ""WAP10"": -49.709735596181915, ""WAP1"": -62.60795661591467, ""WAP6"": -58.89483236208866}",6.3500,1.9600,44
e8e0f928-803b-47f4-92a2-495cdb6493d4,Tag2,Carleton University,Canal Building,3,C3,2026-04-01T03:43:07.391668+00:00,0.8590,"{""WAP4"": -59.63268359153159, ""WAP10"": -53.38285843898821, ""WAP1"": -59.98377933930058, ""WAP6"": -58.80746389915768}",5.1500,5.3300,44
95b671f4-c6c0-4647-b76e-301e3a559a4f,Tag2,Carleton University,Canal Building,3,D3,2026-04-01T03:43:07.391668+00:00,0.6330,"{""WAP4"": -59.63268359153159, ""WAP10"": -53.38285843898821, ""WAP1"": -59.98377933930058, ""WAP6"": -58.80746389915768}",5.4700,4.7600,44
6aa599d3-7411-48ca-804a-235987941da6,Tag1,Carleton University,Canal Building,3,A7,2026-04-01T03:43:07.391668+00:00,0.1000,"{""WAP4"": -62.86559978078823, ""WAP10"": -53.62186628205923, ""WAP1"": -39.82805010707432, ""WAP6"": -65.93120999989658}",1.1000,12.2600,44
96f93d82-cd0b-4297-8c6f-aa54959b7582,Tag2,Carleton University,Canal Building,3,C3,2026-04-01T03:45:15.376012+00:00,0.8760,"{""WAP4"": -60.59259396900003, ""WAP10"": -57.52427777815083, ""WAP1"": -62.364869924595084, ""WAP6"": -59.59636490183437}",4.7900,5.7900,47
eecbc206-5632-474c-9be4-d6add01b3dd3,Tag2,Carleton University,Canal Building,3,C3,2026-04-01T03:45:15.376012+00:00,0.6560,"{""WAP4"": -60.59259396900003, ""WAP10"": -57.52427777815083, ""WAP1"": -62.364869924595084, ""WAP6"": -59.59636490183437}",4.9500,5.4100,47
44ce701e-7f2e-45f6-9565-a11c04eefc7e,Tag3,Carleton University,Canal Building,3,D2,2026-04-01T03:45:15.376012+00:00,0.1570,"{""WAP4"": -64.96340140611049, ""WAP10"": -52.250018453002966, ""WAP1"": -61.35124520865394, ""WAP6"": -59.68543534354725}",5.7600,3.1700,47
dae0f6fc-e0d5-48c8-bdaf-385b7a16d1a8,Tag2,Carleton University,Canal Building,3,C3,2026-04-01T03:45:15.376012+00:00,0.8790,"{""WAP4"": -60.62151107634845, ""WAP10"": -57.84012352262929, ""WAP1"": -62.48268781246469, ""WAP6"": -59.623809881489194}",4.7600,5.8400,47
0399279c-be43-44f7-83ec-2a18d1686a24,Tag2,Carleton University,Canal Building,3,C3,2026-04-01T03:45:15.376012+00:00,0.6650,"{""WAP4"": -60.62151107634845, ""WAP10"": -57.84012352262929, ""WAP1"": -62.48268781246469, ""WAP6"": -59.623809881489194}",4.9100,5.4800,47
7064aa40-eb56-4150-8493-cd8d902af6a0,Tag1,Carleton University,Canal Building,3,C2,2026-04-01T03:45:15.376012+00:00,0.1000,"{""WAP4"": -68.37488368682583, ""WAP10"": -57.93779135936982, ""WAP1"": -61.58023243706276, ""WAP6"": -57.190162824244034}",3.5800,3.7200,47
10d41b5c-1c5a-49e0-887e-3616da728170,Tag2,Carleton University,Canal Building,3,C4,2026-04-01T03:47:21.001490+00:00,0.9390,"{""WAP4"": -60.140802044394924, ""WAP10"": -60.62440926230874, ""WAP1"": -61.67617256648713, ""WAP6"": -59.38868891813472}",4.3300,6.6000,49
bd2d2ef5-2673-4b78-a787-262b3fa0c703,Tag2,Carleton University,Canal Building,3,C4,2026-04-01T03:47:21.001490+00:00,0.8310,"{""WAP4"": -60.140802044394924, ""WAP10"": -60.62440926230874, ""WAP1"": -61.67617256648713, ""WAP6"": -59.38868891813472}",4.3300,6.4800,49
34e88b64-3534-4ab3-9200-6741a1b7958c,Tag3,Carleton University,Canal Building,3,C2,2026-04-01T03:47:21.001490+00:00,0.2500,"{""WAP4"": -65.17752193591257, ""WAP10"": -54.9030833794418, ""WAP1"": -61.1411266858168, ""WAP6"": -58.72210459884956}",4.8400,3.8300,49
d1e8ece3-47d9-4d52-92c3-6c581b103339,Tag2,Carleton University,Canal Building,3,C4,2026-04-01T03:47:21.001490+00:00,0.9420,"{""WAP4"": -60.085834587276395, ""WAP10"": -60.96622955713652, ""WAP1"": -61.607396874802696, ""WAP6"": -59.4321434513806}",4.2900,6.7000,49
fa694286-d3a4-478f-9f1d-c5fd10294423,Tag2,Carleton University,Canal Building,3,C4,2026-04-01T03:47:21.001490+00:00,0.8390,"{""WAP4"": -60.085834587276395, ""WAP10"": -60.96622955713652, ""WAP1"": -61.607396874802696, ""WAP6"": -59.4321434513806}",4.2800,6.6100,49
6ce4ed51-7bfd-4314-a911-52403212ac1a,Tag1,Carleton University,Canal Building,3,B2,2026-04-01T03:47:21.001490+00:00,0.1000,"{""WAP4"": -66.538024970158, ""WAP10"": -60.67788953090176, ""WAP1"": -60.79117773443384, ""WAP6"": -53.051560157014315}",2.1600,3.4400,49
70c760f5-b101-475e-ade2-a3f86ac1896c,Tag2,Carleton University,Canal Building,3,C4,2026-04-01T03:49:11.281891+00:00,0.9200,"{""WAP4"": -60.873748008861725, ""WAP10"": -58.639714763660585, ""WAP1"": -61.73959844204851, ""WAP6"": -61.3905221729014}",4.7700,6.4000,52
39eff62d-e6c0-4157-9102-117c5bf69895,Tag2,Carleton University,Canal Building,3,C4,2026-04-01T03:49:11.281891+00:00,0.7760,"{""WAP4"": -60.873748008861725, ""WAP10"": -58.639714763660585, ""WAP1"": -61.73959844204851, ""WAP6"": -61.3905221729014}",4.9300,6.2000,52
37a5780d-8a7b-4e78-b5e8-f8e6ca435b28,Tag3,Carleton University,Canal Building,3,D2,2026-04-01T03:49:11.281891+00:00,0.1000,"{""WAP4"": -69.25607948492936, ""WAP10"": -54.471567154852174, ""WAP1"": -62.72200891511505, ""WAP6"": -61.457005621646275}",5.5100,3.1000,52
40de310f-120b-49cc-9da2-35d87c951d7c,Tag2,Carleton University,Canal Building,3,C4,2026-04-01T03:49:11.281891+00:00,0.9080,"{""WAP4"": -60.9230352968329, ""WAP10"": -58.259848265445804, ""WAP1"": -61.84125613836825, ""WAP6"": -61.4983257256466}",4.8500,6.3000,52
9b75a3f5-66b7-448e-a6e2-52a3e1dd7171,Tag2,Carleton University,Canal Building,3,C4,2026-04-01T03:49:11.281891+00:00,0.7440,"{""WAP4"": -60.9230352968329, ""WAP10"": -58.259848265445804, ""WAP1"": -61.84125613836825, ""WAP6"": -61.4983257256466}",5.0300,6.0600,52
342a6e99-6692-4706-ba11-79bb14325325,Tag1,Carleton University,Canal Building,3,C2,2026-04-01T03:49:11.281891+00:00,0.1680,"{""WAP4"": -66.44241928617865, ""WAP10"": -56.208903879060884, ""WAP1"": -62.58167379532995, ""WAP6"": -56.05382321069791}",3.9900,3.1100,52
b4f3c5da-831d-4fb9-8d55-ce26d7a36e4d,Tag2,Carleton University,Canal Building,3,C3,2026-04-01T03:50:36.381634+00:00,0.9210,"{""WAP4"": -60.982563806238424, ""WAP10"": -58.05886808521934, ""WAP1"": -61.19058483211267, ""WAP6"": -58.7611846094489}",4.4300,5.8900,54
1693e734-b499-480f-b4ea-c5928c29596b,Tag2,Carleton University,Canal Building,3,C3,2026-04-01T03:50:36.381634+00:00,0.7840,"{""WAP4"": -60.982563806238424, ""WAP10"": -58.05886808521934, ""WAP1"": -61.19058483211267, ""WAP6"": -58.7611846094489}",4.4800,5.5400,54
1dfef332-7247-42a6-ace2-e58a35e6758a,Tag3,Carleton University,Canal Building,3,D2,2026-04-01T03:50:36.381634+00:00,0.1000,"{""WAP4"": -67.17083740489244, ""WAP10"": -51.84802914647182, ""WAP1"": -63.46310768799493, ""WAP6"": -58.93763689704538}",5.9000,2.2900,54
d87207e9-ebf6-4120-87c9-08b81e8d2597,Tag2,Carleton University,Canal Building,3,C3,2026-04-01T03:50:36.381634+00:00,0.9230,"{""WAP4"": -60.98937069059169, ""WAP10"": -58.03588667920461, ""WAP1"": -61.11618276194661, ""WAP6"": -58.65922121906207}",4.4100,5.8800,54
bdffb8ab-28d8-4f4c-91b6-be30f8b6f575,Tag2,Carleton University,Canal Building,3,C3,2026-04-01T03:50:36.381634+00:00,0.7880,"{""WAP4"": -60.98937069059169, ""WAP10"": -58.03588667920461, ""WAP1"": -61.11618276194661, ""WAP6"": -58.65922121906207}",4.4500,5.5300,54
fc9ae97b-5145-4ee2-a02f-b3eaa76e1fa6,Tag1,Carleton University,Canal Building,3,C1,2026-04-01T03:50:36.381634+00:00,0.1000,"{""WAP4"": -65.75995645113348, ""WAP10"": -51.40661428716556, ""WAP1"": -63.771587777779516, ""WAP6"": -51.34012726072932}",4.2200,1.5900,54
35ff0d4a-03de-4d10-9b04-19872cd48de3,Tag2,Carleton University,Canal Building,3,C4,2026-04-01T03:52:44.103070+00:00,0.9400,"{""WAP4"": -60.50475296792091, ""WAP10"": -58.39343815764575, ""WAP1"": -60.740837550530436, ""WAP6"": -60.76963036884989}",4.6500,6.5100,57
11268899-1dd8-43fa-82bd-49f388f8476a,Tag2,Carleton University,Canal Building,3,C4,2026-04-01T03:52:44.103070+00:00,0.8370,"{""WAP4"": -60.50475296792091, ""WAP10"": -58.39343815764575, ""WAP1"": -60.740837550530436, ""WAP6"": -60.76963036884989}",4.7700,6.3400,57
abffabb1-547f-4630-b7c2-7d59f5b17c93,Tag3,Carleton University,Canal Building,3,C3,2026-04-01T03:52:44.103070+00:00,0.1000,"{""WAP4"": -68.74738114510376, ""WAP10"": -57.64415320340124, ""WAP1"": -61.54635125597745, ""WAP6"": -60.917843398985646}",4.3600,4.3500,57
6515c26a-bba2-45c7-a31b-b0d95cf3bd41,Tag2,Carleton University,Canal Building,3,C4,2026-04-01T03:52:44.103070+00:00,0.9370,"{""WAP4"": -60.43783276478069, ""WAP10"": -58.36997394327864, ""WAP1"": -60.71188211244894, ""WAP6"": -60.85956395522694}",4.6700,6.5400,57
6220b157-aab3-4384-8708-120d14d73a0b,Tag2,Carleton University,Canal Building,3,C4,2026-04-01T03:52:44.103070+00:00,0.8280,"{""WAP4"": -60.43783276478069, ""WAP10"": -58.36997394327864, ""WAP1"": -60.71188211244894, ""WAP6"": -60.85956395522694}",4.7900,6.3800,57
d98b85d6-619e-4c43-84aa-b93da283bd69,Tag1,Carleton University,Canal Building,3,C1,2026-04-01T03:52:44.103070+00:00,0.1000,"{""WAP4"": -67.43930709695402, ""WAP10"": -52.46846574100057, ""WAP1"": -65.04004103437231, ""WAP6"": -53.19551277476552}",4.4300,1.6000,57
358497b7-caa4-45cf-ac10-8181359b3687,Tag2,Carleton University,Canal Building,3,C4,2026-04-01T03:54:34.597791+00:00,0.8980,"{""WAP4"": -59.41714478316487, ""WAP10"": -57.62544242517754, ""WAP1"": -60.098315395552575, ""WAP6"": -61.68056455481624}",4.9000,6.8200,60
cd14e3c2-fbd1-4456-a1f4-268ddc9e02e6,Tag2,Carleton University,Canal Building,3,C4,2026-04-01T03:54:34.597791+00:00,0.7190,"{""WAP4"": -59.41714478316487, ""WAP10"": -57.62544242517754, ""WAP1"": -60.098315395552575, ""WAP6"": -61.68056455481624}",5.0900,6.7400,60
e574a9ad-b1ae-4253-86e8-c673aaa22449,Tag3,Carleton University,Canal Building,3,C3,2026-04-01T03:54:34.597791+00:00,0.1000,"{""WAP4"": -68.90847476672307, ""WAP10"": -57.08008305480095, ""WAP1"": -62.40724809956872, ""WAP6"": -61.595706676721484}",4.7600,3.9900,60
28aa942d-5d85-4ed7-9473-87c35b22186d,Tag2,Carleton University,Canal Building,3,C4,2026-04-01T03:54:34.597791+00:00,0.8900,"{""WAP4"": -59.38442578185737, ""WAP10"": -57.25114767953865, ""WAP1"": -60.05993422493569, ""WAP6"": -61.675138983233225}",4.9400,6.7400,60
26833d3d-a842-4e44-8fb9-a4df0c30211a,Tag2,Carleton University,Canal Building,3,C4,2026-04-01T03:54:34.597791+00:00,0.6970,"{""WAP4"": -59.38442578185737, ""WAP10"": -57.25114767953865, ""WAP1"": -60.05993422493569, ""WAP6"": -61.675138983233225}",5.1500,6.6200,60
1e5f695b-f216-468f-af00-9290d0d5e2fa,Tag1,Carleton University,Canal Building,3,C2,2026-04-01T03:54:34.597791+00:00,0.1140,"{""WAP4"": -65.53157547074575, ""WAP10"": -53.302683318224176, ""WAP1"": -62.073003118340274, ""WAP6"": -52.6703756623416}",3.9500,2.2900,60
52cfb140-c056-4746-a482-c98a1701359d,Tag2,Carleton University,Canal Building,3,C4,2026-04-01T03:55:58.767140+00:00,0.8700,"{""WAP4"": -59.860542938509596, ""WAP10"": -56.8710837141427, ""WAP1"": -60.35385069417027, ""WAP6"": -62.080862859411035}",5.0300,6.5500,62
1789b1d8-d62c-474c-9f61-16e60d5fc751,Tag2,Carleton University,Canal Building,3,D4,2026-04-01T03:55:58.767140+00:00,0.6430,"{""WAP4"": -59.860542938509596, ""WAP10"": -56.8710837141427, ""WAP1"": -60.35385069417027, ""WAP6"": -62.080862859411035}",5.2700,6.3500,62
d9146c68-0dfb-4bba-9957-fd152a86ca04,Tag3,Carleton University,Canal Building,3,C2,2026-04-01T03:55:58.767140+00:00,0.1000,"{""WAP4"": -67.24654772594711, ""WAP10"": -52.62479628100459, ""WAP1"": -60.48380424788344, ""WAP6"": -57.48370799498828}",5.0700,3.0000,62
2255e74c-a0f3-4b97-bd95-5b6bd29a580b,Tag2,Carleton University,Canal Building,3,C4,2026-04-01T03:55:58.767140+00:00,0.8660,"{""WAP4"": -59.9149853301687, ""WAP10"": -56.92141111134203, ""WAP1"": -60.41090565907239, ""WAP6"": -62.24448905462087}",5.0400,6.5600,62
93e9afcf-9e3d-4538-9000-5a99ad030ca5,Tag2,Carleton University,Canal Building,3,D4,2026-04-01T03:55:58.767140+00:00,0.6320,"{""WAP4"": -59.9149853301687, ""WAP10"": -56.92141111134203, ""WAP1"": -60.41090565907239, ""WAP6"": -62.24448905462087}",5.2900,6.3700,62
84be17b4-b90a-47c3-9130-3ad2d4ff1531,Tag1,Carleton University,Canal Building,3,C2,2026-04-01T03:55:58.767140+00:00,0.1000,"{""WAP4"": -69.45222087564642, ""WAP10"": -52.8212061933154, ""WAP1"": -60.40808174111459, ""WAP6"": -58.09212273479819}",5.0600,2.9600,62
5fb62a17-69c3-49b5-857f-76fddbd82152,Tag2,Carleton University,Canal Building,3,C4,2026-04-01T03:57:24.065115+00:00,0.7960,"{""WAP4"": -60.32101282290353, ""WAP10"": -57.941461197292966, ""WAP1"": -59.41254438441426, ""WAP6"": -65.149196789921}",4.9900,7.3400,64
4f230ddf-1fc6-4552-a91d-d4b7510abb74,Tag2,Carleton University,Canal Building,3,D4,2026-04-01T03:57:24.065115+00:00,0.4170,"{""WAP4"": -60.32101282290353, ""WAP10"": -57.941461197292966, ""WAP1"": -59.41254438441426, ""WAP6"": -65.149196789921}",5.1700,7.3500,64
5fa001ec-8b87-45be-a6c3-08165bddb282,Tag3,Carleton University,Canal Building,3,D2,2026-04-01T03:57:24.065115+00:00,0.1000,"{""WAP4"": -66.80848879139495, ""WAP10"": -54.214536443011866, ""WAP1"": -61.71806181204471, ""WAP6"": -63.73037900199992}",5.8300,3.7900,64
8ab28305-823d-4c0e-8f2e-593f68a45bbd,Tag2,Carleton University,Canal Building,3,C4,2026-04-01T03:57:24.065115+00:00,0.7850,"{""WAP4"": -60.390887305366455, ""WAP10"": -57.964314055299376, ""WAP1"": -59.25149192344162, ""WAP6"": -65.48134032638241}",4.9800,7.4100,64
7974cd23-1d6e-4d59-8713-bad69495a3ad,Tag2,Carleton University,Canal Building,3,C4,2026-04-01T03:57:24.065115+00:00,0.3830,"{""WAP4"": -60.390887305366455, ""WAP10"": -57.964314055299376, ""WAP1"": -59.25149192344162, ""WAP6"": -65.48134032638241}",5.1500,7.4300,64
197c572b-c979-44e8-ac12-faa6f3ca5b31,Tag1,Carleton University,Canal Building,3,D2,2026-04-01T03:57:24.065115+00:00,0.1000,"{""WAP4"": -67.95737108248521, ""WAP10"": -54.6922120565992, ""WAP1"": -66.96061211535415, ""WAP6"": -58.76296846698601}",5.3600,2.1600,64
14d83f5f-99a2-4563-af9e-73b5db566af3,Tag2,Carleton University,Canal Building,3,C4,2026-04-01T03:59:12.674332+00:00,0.8810,"{""WAP4"": -59.46729830118188, ""WAP10"": -59.16844293330587, ""WAP1"": -59.827598907098, ""WAP6"": -63.45596266227425}",4.8400,7.5200,67
bdc7f8b5-01a9-4ba7-862e-101042e869b3,Tag2,Carleton University,Canal Building,3,C4,2026-04-01T03:59:12.674332+00:00,0.6620,"{""WAP4"": -59.46729830118188, ""WAP10"": -59.16844293330587, ""WAP1"": -59.827598907098, ""WAP6"": -63.45596266227425}",4.9900,7.6600,67
7e074c34-a789-4ffa-8b00-d105e8afabb7,Tag3,Carleton University,Canal Building,3,C2,2026-04-01T03:59:12.674332+00:00,0.1280,"{""WAP4"": -66.9496718837297, ""WAP10"": -56.56755154116439, ""WAP1"": -63.050405867129, ""WAP6"": -56.43316982160169}",4.0000,3.0700,67
e5b684bf-a2fa-4d53-8b30-f56deea60122,Tag2,Carleton University,Canal Building,3,C4,2026-04-01T03:59:12.674332+00:00,0.8880,"{""WAP4"": -59.41499995809144, ""WAP10"": -59.23281420029789, ""WAP1"": -59.764772858918704, ""WAP6"": -63.277960217821715}",4.8100,7.5300,67
0214b7fe-c198-4da8-a360-af5de677f876,Tag2,Carleton University,Canal Building,3,C4,2026-04-01T03:59:12.674332+00:00,0.6830,"{""WAP4"": -59.41499995809144, ""WAP10"": -59.23281420029789, ""WAP1"": -59.764772858918704, ""WAP6"": -63.277960217821715}",4.9500,7.6800,67
f0add9ca-c68a-4f2a-8a2b-8eae22fb7378,Tag1,Carleton University,Canal Building,3,C3,2026-04-01T03:59:12.674332+00:00,0.1000,"{""WAP4"": -69.98071768291744, ""WAP10"": -58.42894661489068, ""WAP1"": -62.532036217489136, ""WAP6"": -61.75561430329013}",4.3800,4.2400,67
920d30b8-0a49-429e-a48f-d8399467f803,Tag2,Carleton University,Canal Building,3,C4,2026-04-01T04:00:37.246680+00:00,0.8760,"{""WAP4"": -59.43429009907459, ""WAP10"": -61.03282708049133, ""WAP1"": -61.49361393042201, ""WAP6"": -63.836423385947555}",4.9000,7.7200,69
cfc183b3-3883-4a7a-92bc-78a2420d2151,Tag2,Carleton University,Canal Building,3,C5,2026-04-01T04:00:37.246680+00:00,0.6440,"{""WAP4"": -59.43429009907459, ""WAP10"": -61.03282708049133, ""WAP1"": -61.49361393042201, ""WAP6"": -63.836423385947555}",5.0900,7.9600,69
c4e8b9f1-823b-40a3-8c8f-e307f3195371,Tag3,Carleton University,Canal Building,3,C2,2026-04-01T04:00:37.246680+00:00,0.2790,"{""WAP4"": -64.82270149169611, ""WAP10"": -54.73613292118213, ""WAP1"": -61.27870192216479, ""WAP6"": -59.779580830183335}",5.1200,3.9500,69
e9c91184-d08d-46d6-a735-dd28c0445020,Tag2,Carleton University,Canal Building,3,C4,2026-04-01T04:00:37.246680+00:00,0.8740,"{""WAP4"": -59.45994246922945, ""WAP10"": -61.21520587712305, ""WAP1"": -61.691301078251186, ""WAP6"": -63.90028176639339}",4.9100,7.7300,69
06a89ab0-3aef-4029-b60c-b0068361ff08,Tag2,Carleton University,Canal Building,3,C5,2026-04-01T04:00:37.246680+00:00,0.6400,"{""WAP4"": -59.45994246922945, ""WAP10"": -61.21520587712305, ""WAP1"": -61.691301078251186, ""WAP6"": -63.90028176639339}",5.1000,7.9800,69
3dfe4644-d55b-4c3f-bfff-e97f2d88a6ec,Tag1,Carleton University,Canal Building,3,C3,2026-04-01T04:00:37.246680+00:00,0.1260,"{""WAP4"": -70.49036379949825, ""WAP10"": -63.3255282224862, ""WAP1"": -64.16216802025686, ""WAP6"": -65.53317539808364}",3.9300,5.7700,69
52509b10-02c4-46d0-b96d-edab8fa2f300,Tag2,Carleton University,Canal Building,3,C4,2026-04-01T04:02:02.594453+00:00,0.8840,"{""WAP4"": -59.78474445159942, ""WAP10"": -59.0686709381787, ""WAP1"": -61.68269881577884, ""WAP6"": -63.2968636013323}",5.0500,7.0500,71
9feec6e5-62d3-4378-bf50-973f28d60261,Tag2,Carleton University,Canal Building,3,D4,2026-04-01T04:02:02.594453+00:00,0.6700,"{""WAP4"": -59.78474445159942, ""WAP10"": -59.0686709381787, ""WAP1"": -61.68269881577884, ""WAP6"": -63.2968636013323}",5.2900,7.0500,71
90b0464c-c0bc-44a1-ad76-ced1326e3182,Tag3,Carleton University,Canal Building,3,D2,2026-04-01T04:02:02.594453+00:00,0.3890,"{""WAP4"": -62.73238380010025, ""WAP10"": -52.71277187012415, ""WAP1"": -62.26977077313093, ""WAP6"": -60.197430578766344}",5.9400,3.5200,71
fd2116fd-2a4b-424a-a92a-b4dcbdb3d0f9,Tag2,Carleton University,Canal Building,3,C4,2026-04-01T04:02:02.594453+00:00,0.8820,"{""WAP4"": -59.86877767836883, ""WAP10"": -58.8466685124098, ""WAP1"": -61.61137535335977, ""WAP6"": -63.18097155341204}",5.0500,6.9700,71
652019fc-8b4d-4d9c-9ca9-8cdf5aba1141,Tag2,Carleton University,Canal Building,3,D4,2026-04-01T04:02:02.594453+00:00,0.6660,"{""WAP4"": -59.86877767836883, ""WAP10"": -58.8466685124098, ""WAP1"": -61.61137535335977, ""WAP6"": -63.18097155341204}",5.2900,6.9400,71
6271b602-e0f1-450f-9a62-daa95d2c9da5,Tag1,Carleton University,Canal Building,3,C2,2026-04-01T04:02:02.594453+00:00,0.1390,"{""WAP4"": -65.47037844796806, ""WAP10"": -53.111777397249675, ""WAP1"": -60.26238508656193, ""WAP6"": -58.407087184451164}",5.1400,3.4900,71
799e09f7-3706-4382-a730-84f1e4786c0f,Tag2,Carleton University,Canal Building,3,C4,2026-04-01T04:03:27.864634+00:00,0.8790,"{""WAP4"": -59.537092499783704, ""WAP10"": -60.07898786514139, ""WAP1"": -61.138505817388626, ""WAP6"": -63.81445080532638}",4.9400,7.5300,73
c1e58bf3-f8ab-4f29-adb2-35f8247028c0,Tag2,Carleton University,Canal Building,3,C4,2026-04-01T04:03:27.864634+00:00,0.6530,"{""WAP4"": -59.537092499783704, ""WAP10"": -60.07898786514139, ""WAP1"": -61.138505817388626, ""WAP6"": -63.81445080532638}",5.1400,7.7000,73
2e4a1629-8142-4c82-9a41-81bd11ff4ca5,Tag3,Carleton University,Canal Building,3,D2,2026-04-01T04:03:27.864634+00:00,0.3420,"{""WAP4"": -61.980106758446055, ""WAP10"": -51.54248436081084, ""WAP1"": -62.74166144855136, ""WAP6"": -59.70445476794547}",6.2200,3.1800,73
2503c4bf-70f6-426d-91a5-77270109ee1b,Tag2,Carleton University,Canal Building,3,C4,2026-04-01T04:03:27.864634+00:00,0.8760,"{""WAP4"": -59.522612025440864, ""WAP10"": -60.24334603599517, ""WAP1"": -61.08443478020523, ""WAP6"": -63.88688702204063}",4.9300,7.6000,73
ca8a5606-e24e-4231-b882-c480217fa76f,Tag2,Carleton University,Canal Building,3,C4,2026-04-01T04:03:27.864634+00:00,0.6460,"{""WAP4"": -59.522612025440864, ""WAP10"": -60.24334603599517, ""WAP1"": -61.08443478020523, ""WAP6"": -63.88688702204063}",5.1200,7.7800,73
1d546204-35fd-46fc-aa29-637e9a51469e,Tag1,Carleton University,Canal Building,3,C2,2026-04-01T04:03:27.864634+00:00,0.1000,"{""WAP4"": -67.48847230044822, ""WAP10"": -54.63377990117869, ""WAP1"": -60.67843542377938, ""WAP6"": -58.369789830849555}",4.6800,3.5400,73
f98f2fd6-e30c-4a40-862e-34c34baa2d78,Tag2,Carleton University,Canal Building,3,C5,2026-04-01T04:04:52.395428+00:00,0.8610,"{""WAP4"": -59.45866938958279, ""WAP10"": -61.60203369040576, ""WAP1"": -60.58594916860649, ""WAP6"": -64.3146472095154}",4.7500,8.0900,75
98c6f861-af3a-42a9-b28d-d7a1829246d5,Tag2,Carleton University,Canal Building,3,C5,2026-04-01T04:04:52.395428+00:00,0.6000,"{""WAP4"": -59.45866938958279, ""WAP10"": -61.60203369040576, ""WAP1"": -60.58594916860649, ""WAP6"": -64.3146472095154}",4.8800,8.4400,75
9eaaca9f-ae91-43ba-90a7-d0173a2c290a,Tag3,Carleton University,Canal Building,3,D2,2026-04-01T04:04:52.395428+00:00,0.4320,"{""WAP4"": -60.788861796301724, ""WAP10"": -50.34944663050157, ""WAP1"": -61.14720370212901, ""WAP6"": -60.02595147678358}",6.4000,3.3700,75
f5f8f159-43c9-46ea-ba17-29ce5eed4112,Tag2,Carleton University,Canal Building,3,C5,2026-04-01T04:04:52.395428+00:00,0.8590,"{""WAP4"": -59.47480437232081, ""WAP10"": -61.75739504294327, ""WAP1"": -60.55239562710748, ""WAP6"": -64.3870067523512}",4.7300,8.1400,75
e5651eda-b579-482b-85a1-486a1be0b6a2,Tag2,Carleton University,Canal Building,3,C5,2026-04-01T04:04:52.395428+00:00,0.5940,"{""WAP4"": -59.47480437232081, ""WAP10"": -61.75739504294327, ""WAP1"": -60.55239562710748, ""WAP6"": -64.3870067523512}",4.8600,8.5000,75
953ba39c-3c9d-44ae-a67f-dcc24c49c65a,Tag1,Carleton University,Canal Building,3,C2,2026-04-01T04:04:52.395428+00:00,0.1560,"{""WAP4"": -64.97611943070852, ""WAP10"": -54.05067488549741, ""WAP1"": -62.195334456589045, ""WAP6"": -52.23643123451021}",3.6600,2.3600,75
e05244c7-698e-4b1e-9018-98e7cb906abb,Tag2,Carleton University,Canal Building,3,C4,2026-04-01T04:06:16.903491+00:00,0.9340,"{""WAP4"": -59.54074530069241, ""WAP10"": -58.78967723566286, ""WAP1"": -61.33177551393195, ""WAP6"": -61.33413999437841}",4.8500,6.7900,77
0e3c35c4-e61f-46c1-bc65-15a292e30af0,Tag2,Carleton University,Canal Building,3,C4,2026-04-01T04:06:16.903491+00:00,0.8180,"{""WAP4"": -59.54074530069241, ""WAP10"": -58.78967723566286, ""WAP1"": -61.33177551393195, ""WAP6"": -61.33413999437841}",5.0200,6.7200,77
6562c7c3-a4c6-4661-b59c-036fdf90a7b6,Tag3,Carleton University,Canal Building,3,E2,2026-04-01T04:06:16.903491+00:00,0.3100,"{""WAP4"": -61.2924397980765, ""WAP10"": -46.583532574110706, ""WAP1"": -60.600169337590856, ""WAP6"": -60.62487188020418}",7.1200,2.3000,77
e78f4942-f01c-4145-b257-339034ba7dba,Tag2,Carleton University,Canal Building,3,C4,2026-04-01T04:06:16.903491+00:00,0.9210,"{""WAP4"": -59.52483881596616, ""WAP10"": -58.28620245692164, ""WAP1"": -61.39744836878267, ""WAP6"": -61.00850158075392}",4.8800,6.6100,77
2279e7bc-d3f9-4168-981c-bb49bce0db84,Tag2,Carleton University,Canal Building,3,C4,2026-04-01T04:06:16.903491+00:00,0.7820,"{""WAP4"": -59.52483881596616, ""WAP10"": -58.28620245692164, ""WAP1"": -61.39744836878267, ""WAP6"": -61.00850158075392}",5.0700,6.4800,77
fd1a0086-5744-4aba-8460-a486bc700ae7,Tag1,Carleton University,Canal Building,3,C1,2026-04-01T04:06:16.903491+00:00,0.1000,"{""WAP4"": -69.0476635555337, ""WAP10"": -50.175573735478345, ""WAP1"": -59.72389638919493, ""WAP6"": -50.59956549014396}",4.0900,1.7900,77
914450bb-37dc-4c64-b747-4a81c028623e,Tag2,Carleton University,Canal Building,3,C4,2026-04-01T04:08:05.451947+00:00,0.9400,"{""WAP4"": -59.07248354030915, ""WAP10"": -60.16769809377097, ""WAP1"": -61.366367792557305, ""WAP6"": -61.15071773857571}",4.7200,7.1600,80
c10dc7d6-6fc3-4bc6-bce1-3e24bfbc3e58,Tag2,Carleton University,Canal Building,3,C4,2026-04-01T04:08:05.451947+00:00,0.8340,"{""WAP4"": -59.07248354030915, ""WAP10"": -60.16769809377097, ""WAP1"": -61.366367792557305, ""WAP6"": -61.15071773857571}",4.8600,7.2300,80
56fe8474-d4e6-44a8-9893-0fd65c1ed925,Tag3,Carleton University,Canal Building,3,D2,2026-04-01T04:08:05.451947+00:00,0.2150,"{""WAP4"": -62.50933450732975, ""WAP10"": -50.66877798788208, ""WAP1"": -59.3139000819804, ""WAP6"": -63.79669116524717}",6.4200,3.8100,80
0bdbba1b-36ab-4369-9ec0-da77f1ee223d,Tag2,Carleton University,Canal Building,3,C4,2026-04-01T04:08:05.451947+00:00,0.9400,"{""WAP4"": -59.04418682124613, ""WAP10"": -60.232360137330694, ""WAP1"": -61.3534715293771, ""WAP6"": -61.09187931142244}",4.7100,7.1700,80
01a3646a-7861-4c21-bf20-8c018789f63b,Tag2,Carleton University,Canal Building,3,C4,2026-04-01T04:08:05.451947+00:00,0.8340,"{""WAP4"": -59.04418682124613, ""WAP10"": -60.232360137330694, ""WAP1"": -61.3534715293771, ""WAP6"": -61.09187931142244}",4.8400,7.2500,80
4829072c-01ae-43a9-a058-e73e72f1bd0a,Tag1,Carleton University,Canal Building,3,C1,2026-04-01T04:08:05.451947+00:00,0.1000,"{""WAP4"": -71.00557808144657, ""WAP10"": -51.5657338784638, ""WAP1"": -59.77956697172624, ""WAP6"": -51.15087807447734}",3.7700,1.9400,80
8a8eb448-f03b-46f0-a267-a7015d8f9c82,Tag2,Carleton University,Canal Building,3,C3,2026-04-01T04:09:31.842039+00:00,0.8750,"{""WAP4"": -60.216641863755996, ""WAP10"": -56.804372956303254, ""WAP1"": -61.853530316856016, ""WAP6"": -59.22654483208213}",4.8300,5.7400,82
a547e0b4-e23a-4129-8c75-cc163190c0f3,Tag2,Carleton University,Canal Building,3,C3,2026-04-01T04:09:31.842039+00:00,0.6580,"{""WAP4"": -60.216641863755996, ""WAP10"": -56.804372956303254, ""WAP1"": -61.853530316856016, ""WAP6"": -59.22654483208213}",5.0000,5.3400,82
882f723d-fbd8-4d57-977a-d693d33668e8,Tag3,Carleton University,Canal Building,3,E2,2026-04-01T04:09:31.842039+00:00,0.3430,"{""WAP4"": -60.66139116018804, ""WAP10"": -48.35724002987569, ""WAP1"": -60.55646475027933, ""WAP6"": -61.47912513042156}",6.9000,2.9500,82
94819e62-a82d-4e53-a1da-3e39624479d5,Tag2,Carleton University,Canal Building,3,C3,2026-04-01T04:09:31.842039+00:00,0.8630,"{""WAP4"": -60.32726153742702, ""WAP10"": -56.295161141586476, ""WAP1"": -61.91071035328219, ""WAP6"": -58.94291030053974}",4.8600,5.5500,82
29cafb88-b027-4898-b4f1-8a5632914032,Tag2,Carleton University,Canal Building,3,C3,2026-04-01T04:09:31.842039+00:00,0.6250,"{""WAP4"": -60.32726153742702, ""WAP10"": -56.295161141586476, ""WAP1"": -61.91071035328219, ""WAP6"": -58.94291030053974}",5.0500,5.0900,82
fc93a74c-3f4c-4342-81c7-9d7cf8cb8685,Tag1,Carleton University,Canal Building,3,C1,2026-04-01T04:09:31.842039+00:00,0.1000,"{""WAP4"": -70.41362489866292, ""WAP10"": -49.33389560075595, ""WAP1"": -58.92924319523999, ""WAP6"": -49.08545143089217}",3.8800,1.6200,82
6f5a8c11-2449-4015-b092-56ca5c90a452,Tag2,Carleton University,Canal Building,3,C4,2026-04-01T04:11:21.179159+00:00,0.9370,"{""WAP4"": -59.12666618210037, ""WAP10"": -61.14309846413676, ""WAP1"": -61.55052646189931, ""WAP6"": -60.99111099831573}",4.6000,7.2800,85
eab2c9a0-5e4e-4600-8e13-29417e5c0267,Tag2,Carleton University,Canal Building,3,C4,2026-04-01T04:11:21.179159+00:00,0.8230,"{""WAP4"": -59.12666618210037, ""WAP10"": -61.14309846413676, ""WAP1"": -61.55052646189931, ""WAP6"": -60.99111099831573}",4.7100,7.4000,85
1687c000-3ebe-4800-ae9c-2097c246ce16,Tag3,Carleton University,Canal Building,3,D3,2026-04-01T04:11:21.179159+00:00,0.4620,"{""WAP4"": -60.621390989789134, ""WAP10"": -52.72340842500092, ""WAP1"": -61.780271379513515, ""WAP6"": -61.87142692448679}",6.2400,4.2400,85
3ee9b330-c959-4219-95d3-731450bb44a2,Tag2,Carleton University,Canal Building,3,C4,2026-04-01T04:11:21.179159+00:00,0.9380,"{""WAP4"": -59.07721719886372, ""WAP10"": -61.34749331397622, ""WAP1"": -61.46573682669057, ""WAP6"": -61.12471056077892}",4.6000,7.3700,85
12fb3ef6-02c3-4f21-b64e-223f7f40566d,Tag2,Carleton University,Canal Building,3,C4,2026-04-01T04:11:21.179159+00:00,0.8270,"{""WAP4"": -59.07721719886372, ""WAP10"": -61.34749331397622, ""WAP1"": -61.46573682669057, ""WAP6"": -61.12471056077892}",4.7000,7.5300,85
8cd09926-a727-4099-867a-56797fac9059,Tag1,Carleton University,Canal Building,3,C1,2026-04-01T04:11:21.179159+00:00,0.1000,"{""WAP4"": -71.19422593115483, ""WAP10"": -51.425613621895835, ""WAP1"": -61.23167373766479, ""WAP6"": -50.64268216954749}",3.7700,1.5700,85
c3cf0d64-f136-4b19-9df7-5586dd1506d5,Tag2,Carleton University,Canal Building,3,C4,2026-04-01T04:13:30.487971+00:00,0.8930,"{""WAP4"": -59.01749339613759, ""WAP10"": -62.965900759978865, ""WAP1"": -61.878963786954756, ""WAP6"": -61.80170499421555}",4.5800,7.7700,87
e71705d8-1b83-4781-8041-0531551a5c95,Tag2,Carleton University,Canal Building,3,C5,2026-04-01T04:13:30.487971+00:00,0.6970,"{""WAP4"": -59.01749339613759, ""WAP10"": -62.965900759978865, ""WAP1"": -61.878963786954756, ""WAP6"": -61.80170499421555}",4.6900,8.0500,87
60b564c0-bce2-460a-a874-76f48b90d468,Tag3,Carleton University,Canal Building,3,D2,2026-04-01T04:13:30.487971+00:00,0.3630,"{""WAP4"": -60.91422691454312, ""WAP10"": -51.82361395733818, ""WAP1"": -62.63076637688772, ""WAP6"": -62.5585108407085}",6.6000,3.7400,87
7fb73394-086c-43fa-87a0-98ba000353b6,Tag2,Carleton University,Canal Building,3,C4,2026-04-01T04:13:30.487971+00:00,0.8860,"{""WAP4"": -59.01066418065153, ""WAP10"": -63.17440680262238, ""WAP1"": -61.92621489668789, ""WAP6"": -61.879117025227714}",4.5700,7.8100,87
62bbf0ce-f7b3-4028-b2e5-70f9b3551a61,Tag2,Carleton University,Canal Building,3,C5,2026-04-01T04:13:30.487971+00:00,0.6780,"{""WAP4"": -59.01066418065153, ""WAP10"": -63.17440680262238, ""WAP1"": -61.92621489668789, ""WAP6"": -61.879117025227714}",4.6900,8.1100,87
6250601f-5e26-4a06-95b5-77f9830b82ce,Tag1,Carleton University,Canal Building,3,C1,2026-04-01T04:13:30.487971+00:00,0.1000,"{""WAP4"": -71.29136756579182, ""WAP10"": -52.303053313788446, ""WAP1"": -64.91974558197188, ""WAP6"": -51.25932310703245}",3.8300,1.1600,87
7e9d1004-5ab2-4311-ac79-1be50ca7b073,Tag2,Carleton University,Canal Building,3,C4,2026-04-01T04:15:20.131677+00:00,0.9100,"{""WAP4"": -59.00147279039698, ""WAP10"": -62.36837356124581, ""WAP1"": -61.49603075570275, ""WAP6"": -61.70809728178383}",4.5800,7.7000,90
c396327d-1227-484e-867a-0bb101478786,Tag2,Carleton University,Canal Building,3,C5,2026-04-01T04:15:20.131677+00:00,0.7480,"{""WAP4"": -59.00147279039698, ""WAP10"": -62.36837356124581, ""WAP1"": -61.49603075570275, ""WAP6"": -61.70809728178383}",4.6800,7.9600,90
b88d6b27-c82c-4f91-a2b3-21300e6ec579,Tag3,Carleton University,Canal Building,3,D2,2026-04-01T04:15:20.131677+00:00,0.3070,"{""WAP4"": -62.679183856145734, ""WAP10"": -51.826096361693196, ""WAP1"": -63.25697230138456, ""WAP6"": -60.69758187405063}",6.3300,3.1100,90
0b59981a-ded2-4b31-9ddc-041317999e3b,Tag2,Carleton University,Canal Building,3,C4,2026-04-01T04:15:20.131677+00:00,0.9140,"{""WAP4"": -59.00089783040021, ""WAP10"": -62.22456486856386, ""WAP1"": -61.43251560131832, ""WAP6"": -61.69192325839067}",4.5800,7.6800,90
64837950-1b6b-4160-bb5a-6d3f4a33cd08,Tag2,Carleton University,Canal Building,3,C4,2026-04-01T04:15:20.131677+00:00,0.7600,"{""WAP4"": -59.00089783040021, ""WAP10"": -62.22456486856386, ""WAP1"": -61.43251560131832, ""WAP6"": -61.69192325839067}",4.6900,7.9400,90
dec9f05d-11b7-41b0-b32a-afea9d180cbf,Tag1,Carleton University,Canal Building,3,C3,2026-04-01T04:15:20.131677+00:00,0.2790,"{""WAP4"": -65.86887741661273, ""WAP10"": -56.90173817021812, ""WAP1"": -62.002362800294, ""WAP6"": -59.92108074521991}",4.6200,4.2200,90
f9fcaada-f92c-48f6-bc62-0dc53df26daf,Tag2,Carleton University,Canal Building,3,C4,2026-04-01T04:17:10.438858+00:00,0.8720,"{""WAP4"": -58.63200934095304, ""WAP10"": -63.317659169140704, ""WAP1"": -61.55351218152168, ""WAP6"": -61.03892197119687}",4.4700,7.8000,93
be9eaab3-1292-42be-b859-1e93651a7548,Tag2,Carleton University,Canal Building,3,C5,2026-04-01T04:17:10.438858+00:00,0.6400,"{""WAP4"": -58.63200934095304, ""WAP10"": -63.317659169140704, ""WAP1"": -61.55351218152168, ""WAP6"": -61.03892197119687}",4.5500,8.0900,93
6ced5626-9b36-4a39-b5e2-540fb6a38b48,Tag3,Carleton University,Canal Building,3,D2,2026-04-01T04:17:10.438858+00:00,0.2470,"{""WAP4"": -63.51849975251042, ""WAP10"": -50.83888108210217, ""WAP1"": -61.31170206510525, ""WAP6"": -55.580691281324405}",5.3900,2.6100,93
4a0e1319-7875-4326-830e-a41faa22da9a,Tag2,Carleton University,Canal Building,3,C4,2026-04-01T04:17:10.438858+00:00,0.8730,"{""WAP4"": -58.64553915206618, ""WAP10"": -63.32377817793656, ""WAP1"": -61.5976863576617, ""WAP6"": -61.02372729279624}",4.4700,7.7900,93
19ae1777-5514-405f-948f-5f1534859eb7,Tag2,Carleton University,Canal Building,3,C5,2026-04-01T04:17:10.438858+00:00,0.6400,"{""WAP4"": -58.64553915206618, ""WAP10"": -63.32377817793656, ""WAP1"": -61.5976863576617, ""WAP6"": -61.02372729279624}",4.5500,8.0800,93
d1531c52-9e04-4e53-a31f-fc2a85378c56,Tag1,Carleton University,Canal Building,3,C2,2026-04-01T04:17:10.438858+00:00,0.1810,"{""WAP4"": -66.91281228094326, ""WAP10"": -57.31827442399872, ""WAP1"": -65.42402195406548, ""WAP6"": -61.36514085158208}",5.1600,3.5000,93
85d9e042-0c62-4560-a2db-b9de025b2888,Tag2,Carleton University,Canal Building,3,C4,2026-04-01T04:18:58.958361+00:00,0.8460,"{""WAP4"": -59.25997035049237, ""WAP10"": -64.62025542522495, ""WAP1"": -61.47567732372997, ""WAP6"": -60.912468733238015}",4.2200,7.8600,95
44d1d044-fc08-41ed-9ec1-46295daa5bd5,Tag2,Carleton University,Canal Building,3,C5,2026-04-01T04:18:58.958361+00:00,0.5560,"{""WAP4"": -59.25997035049237, ""WAP10"": -64.62025542522495, ""WAP1"": -61.47567732372997, ""WAP6"": -60.912468733238015}",4.2400,8.1300,95
9881e1b4-f211-44b1-9264-c9b01a34f79b,Tag3,Carleton University,Canal Building,3,C2,2026-04-01T04:18:58.958361+00:00,0.2230,"{""WAP4"": -63.98382375398808, ""WAP10"": -51.39667819915787, ""WAP1"": -60.97770882021041, ""WAP6"": -55.37892048876043}",5.1500,2.7200,95
d2ed2a6c-291f-475f-b1f5-657a40e11613,Tag2,Carleton University,Canal Building,3,C4,2026-04-01T04:18:58.958361+00:00,0.8430,"{""WAP4"": -59.35367509407891, ""WAP10"": -64.76850322744717, ""WAP1"": -61.48517260961609, ""WAP6"": -60.94663990719324}",4.2000,7.8700,95
d9cb98de-f313-4a1a-8bb8-92fa4f2d5f74,Tag2,Carleton University,Canal Building,3,C5,2026-04-01T04:18:58.958361+00:00,0.5470,"{""WAP4"": -59.35367509407891, ""WAP10"": -64.76850322744717, ""WAP1"": -61.48517260961609, ""WAP6"": -60.94663990719324}",4.2100,8.1400,95
2c46365c-667f-4805-aaf3-1a13466905b1,Tag1,Carleton University,Canal Building,3,C3,2026-04-01T04:18:58.958361+00:00,0.4940,"{""WAP4"": -64.5054321281721, ""WAP10"": -58.124276392780736, ""WAP1"": -62.71415225429643, ""WAP6"": -58.4220929556408}",4.2000,4.2800,95
db1d6b30-caa9-429a-8325-42da6252c741,Tag2,Carleton University,Canal Building,3,C4,2026-04-01T04:20:27.508218+00:00,0.9200,"{""WAP4"": -58.739851638602644, ""WAP10"": -61.606380500409564, ""WAP1"": -61.790460287538636, ""WAP6"": -61.328184101629084}",4.6800,7.4900,97
2a7963c0-13fd-42d3-a1c9-9cb36ec19882,Tag2,Carleton University,Canal Building,3,C4,2026-04-01T04:20:27.508218+00:00,0.7790,"{""WAP4"": -58.739851638602644, ""WAP10"": -61.606380500409564, ""WAP1"": -61.790460287538636, ""WAP6"": -61.328184101629084}",4.8200,7.6900,97
a06a2f0b-7221-44d9-a60f-6cf62b4c099a,Tag3,Carleton University,Canal Building,3,D2,2026-04-01T04:20:27.508218+00:00,0.4060,"{""WAP4"": -61.67597907851304, ""WAP10"": -52.20359141812413, ""WAP1"": -62.2944880462958, ""WAP6"": -55.51902300587967}",5.1900,3.0300,97
4945f5ec-b141-4c91-9f74-0a772f00247e,Tag2,Carleton University,Canal Building,3,C4,2026-04-01T04:20:27.508218+00:00,0.9160,"{""WAP4"": -58.64621638837345, ""WAP10"": -61.174462604796716, ""WAP1"": -61.87226211938594, ""WAP6"": -61.39525900147568}",4.7600,7.4200,97
e3763b6e-c05d-4b19-9b18-4d98d80d63df,Tag2,Carleton University,Canal Building,3,C4,2026-04-01T04:20:27.508218+00:00,0.7660,"{""WAP4"": -58.64621638837345, ""WAP10"": -61.174462604796716, ""WAP1"": -61.87226211938594, ""WAP6"": -61.39525900147568}",4.9100,7.6100,97
3aa34fc3-8021-4e66-be04-7be73c8ad55b,Tag1,Carleton University,Canal Building,3,C3,2026-04-01T04:20:27.508218+00:00,0.1920,"{""WAP4"": -67.05385345313675, ""WAP10"": -57.78078847464136, ""WAP1"": -62.68787570228407, ""WAP6"": -60.323073873870854}",4.4800,4.1400,97
d6c7d948-92ee-4f33-b8b3-b39783171209,Tag2,Carleton University,Canal Building,3,C4,2026-04-01T04:22:18.858486+00:00,0.8980,"{""WAP4"": -58.80159664206569, ""WAP10"": -61.88598809531308, ""WAP1"": -62.62568127000113, ""WAP6"": -60.28560067622813}",4.6000,7.1700,100
e9bdf24d-0138-431a-b8c3-a2b3d9991960,Tag2,Carleton University,Canal Building,3,C4,2026-04-01T04:22:18.858486+00:00,0.7130,"{""WAP4"": -58.80159664206569, ""WAP10"": -61.88598809531308, ""WAP1"": -62.62568127000113, ""WAP6"": -60.28560067622813}",4.7000,7.2700,100
915c3eed-f65b-4cee-9e0a-0c34c83d50ac,Tag3,Carleton University,Canal Building,3,D2,2026-04-01T04:22:18.858486+00:00,0.3990,"{""WAP4"": -61.680042654151336, ""WAP10"": -52.89001096757547, ""WAP1"": -62.696383765476966, ""WAP6"": -56.852104746873586}",5.3600,3.3100,100
e3072acc-ef13-4969-9ad3-a55f7ed6379e,Tag2,Carleton University,Canal Building,3,C4,2026-04-01T04:22:18.858486+00:00,0.8990,"{""WAP4"": -58.87905097247895, ""WAP10"": -61.93049699792747, ""WAP1"": -62.641681485362916, ""WAP6"": -60.17410554140209}",4.5700,7.1400,100
42042ad0-0b67-40b0-ad45-bf58ee81cd65,Tag2,Carleton University,Canal Building,3,C4,2026-04-01T04:22:18.858486+00:00,0.7160,"{""WAP4"": -58.87905097247895, ""WAP10"": -61.93049699792747, ""WAP1"": -62.641681485362916, ""WAP6"": -60.17410554140209}",4.6600,7.2200,100
0f23480b-a33b-4957-820f-c69d32df9550,Tag1,Carleton University,Canal Building,3,C3,2026-04-01T04:22:18.858486+00:00,0.1000,"{""WAP4"": -73.70889726686444, ""WAP10"": -66.28426018295718, ""WAP1"": -72.05280586221909, ""WAP6"": -68.1981208153183}",4.5900,4.1100,100
bc184978-2631-4227-a5a1-91d03f480e50,Tag2,Carleton University,Canal Building,3,C4,2026-04-01T04:23:47.176064+00:00,0.8850,"{""WAP4"": -58.632326528940794, ""WAP10"": -61.2108021636256, ""WAP1"": -62.91882368420226, ""WAP6"": -59.85362997764951}",4.6600,6.9500,102
e8edd3dc-98d6-4157-8359-fd56c02048a6,Tag2,Carleton University,Canal Building,3,C4,2026-04-01T04:23:47.176064+00:00,0.6760,"{""WAP4"": -58.632326528940794, ""WAP10"": -61.2108021636256, ""WAP1"": -62.91882368420226, ""WAP6"": -59.85362997764951}",4.7800,6.9900,102
b559928c-96e7-438d-b230-e67b9cb64342,Tag3,Carleton University,Canal Building,3,D2,2026-04-01T04:23:47.176064+00:00,0.2820,"{""WAP4"": -61.24696888756212, ""WAP10"": -51.42817806196951, ""WAP1"": -63.36439572783089, ""WAP6"": -55.140870579247924}",5.4100,2.7300,102
5c31a09c-1359-4263-be39-3ba3b7134c16,Tag2,Carleton University,Canal Building,3,C4,2026-04-01T04:23:47.176064+00:00,0.8830,"{""WAP4"": -58.580667813071614, ""WAP10"": -61.12850748573666, ""WAP1"": -62.95051396026911, ""WAP6"": -59.91077110767758}",4.6900,6.9600,102
dd34714a-6fd2-4e86-92c8-3ccfa96e9326,Tag2,Carleton University,Canal Building,3,C4,2026-04-01T04:23:47.176064+00:00,0.6700,"{""WAP4"": -58.580667813071614, ""WAP10"": -61.12850748573666, ""WAP1"": -62.95051396026911, ""WAP6"": -59.91077110767758}",4.8100,7.0000,102
fb40b829-556f-4bea-948f-383478abf5eb,Tag1,Carleton University,Canal Building,3,C3,2026-04-01T04:23:47.176064+00:00,0.1970,"{""WAP4"": -68.73705384571913, ""WAP10"": -61.08341338150548, ""WAP1"": -67.37125060543288, ""WAP6"": -65.41560873596676}",5.1200,4.3500,102
5983a084-6ac8-4796-be2f-9e81c7965078,Tag2,Carleton University,Canal Building,3,C4,2026-04-01T04:25:37.830917+00:00,0.9240,"{""WAP4"": -59.16065862676247, ""WAP10"": -60.81156709380233, ""WAP1"": -62.038365318390134, ""WAP6"": -60.78054322022367}",4.6700,7.0800,105
f3ba8373-9d43-4140-bffb-722f8d9cc297,Tag2,Carleton University,Canal Building,3,C4,2026-04-01T04:25:37.830917+00:00,0.7860,"{""WAP4"": -59.16065862676247, ""WAP10"": -60.81156709380233, ""WAP1"": -62.038365318390134, ""WAP6"": -60.78054322022367}",4.7900,7.1400,105
48f4480d-e5c8-4328-a12d-815686465d0e,Tag3,Carleton University,Canal Building,3,D2,2026-04-01T04:25:37.830917+00:00,0.4270,"{""WAP4"": -60.758899936770824, ""WAP10"": -51.897148580864695, ""WAP1"": -61.90083316871629, ""WAP6"": -56.24946348045149}",5.4600,3.3100,105
f0bc4ba8-e836-4268-abf4-97f6d40d2c0c,Tag2,Carleton University,Canal Building,3,C4,2026-04-01T04:25:37.830917+00:00,0.9260,"{""WAP4"": -59.228068795199135, ""WAP10"": -60.88512907747701, ""WAP1"": -62.023387950678526, ""WAP6"": -60.73608715709369}",4.6400,7.0700,105
85b02e85-1a6d-4b18-b805-30adfc151e9a,Tag2,Carleton University,Canal Building,3,C4,2026-04-01T04:25:37.830917+00:00,0.7920,"{""WAP4"": -59.228068795199135, ""WAP10"": -60.88512907747701, ""WAP1"": -62.023387950678526, ""WAP6"": -60.73608715709369}",4.7500,7.1300,105
077cfd72-55b9-4da1-bd26-b2b48489f10a,Tag1,Carleton University,Canal Building,3,C3,2026-04-01T04:25:37.830917+00:00,0.4110,"{""WAP4"": -67.12311220751907, ""WAP10"": -64.96175237339207, ""WAP1"": -67.67071550294779, ""WAP6"": -61.9868165363867}",3.7400,4.8400,105
e47068a4-a6e0-4eda-bf91-723a37d8daec,Tag2,Carleton University,Canal Building,3,C4,2026-04-01T04:27:28.645612+00:00,0.8810,"{""WAP4"": -58.66338307948601, ""WAP10"": -60.13814421870953, ""WAP1"": -61.69175234908859, ""WAP6"": -63.07933327181505}",5.0400,7.5300,108
24554b73-9090-438c-93dc-837c3f53329f,Tag2,Carleton University,Canal Building,3,D4,2026-04-01T04:27:28.645612+00:00,0.6640,"{""WAP4"": -58.66338307948601, ""WAP10"": -60.13814421870953, ""WAP1"": -61.69175234908859, ""WAP6"": -63.07933327181505}",5.2800,7.7200,108
b1c50511-ac67-4eee-b220-5c2cb5b2cd4b,Tag3,Carleton University,Canal Building,3,C3,2026-04-01T04:27:28.645612+00:00,0.5680,"{""WAP4"": -60.72776420060186, ""WAP10"": -53.1228973044203, ""WAP1"": -59.068778298542334, ""WAP6"": -56.68128703727097}",4.9300,4.3300,108
01c96e5b-5abd-47bb-96b9-c0250a9214d7,Tag2,Carleton University,Canal Building,3,C4,2026-04-01T04:27:28.645612+00:00,0.8820,"{""WAP4"": -58.66466495318552, ""WAP10"": -60.084214345384744, ""WAP1"": -61.681959194601795, ""WAP6"": -63.048362498377024}",5.0500,7.5100,108
cae48638-f4fc-4c6e-9c01-cf74a24077d7,Tag2,Carleton University,Canal Building,3,D4,2026-04-01T04:27:28.645612+00:00,0.6660,"{""WAP4"": -58.66466495318552, ""WAP10"": -60.084214345384744, ""WAP1"": -61.681959194601795, ""WAP6"": -63.048362498377024}",5.2800,7.7000,108
94f31210-ee9f-44cf-a2b3-e8d97d5132fd,Tag1,Carleton University,Canal Building,3,D3,2026-04-01T04:27:28.645612+00:00,0.1000,"{""WAP4"": -70.21340448593793, ""WAP10"": -63.6832915327989, ""WAP1"": -71.5958887490442, ""WAP6"": -67.56951231251193}",5.3200,4.1700,108
e1bfd5b0-e947-4da8-95d0-99005118f8b7,Tag2,Carleton University,Canal Building,3,C5,2026-04-01T04:29:17.290530+00:00,0.8430,"{""WAP4"": -58.24348510132487, ""WAP10"": -60.88543729636701, ""WAP1"": -61.49476916002972, ""WAP6"": -63.970221770537}",5.0900,7.9800,110
f6b1e256-86a4-40fb-8670-bec5d233b260,Tag2,Carleton University,Canal Building,3,D5,2026-04-01T04:29:17.290530+00:00,0.5540,"{""WAP4"": -58.24348510132487, ""WAP10"": -60.88543729636701, ""WAP1"": -61.49476916002972, ""WAP6"": -63.970221770537}",5.3400,8.3100,110
d503f884-8ebd-4e7c-8160-241ee554efc5,Tag3,Carleton University,Canal Building,3,D3,2026-04-01T04:29:17.290530+00:00,0.5550,"{""WAP4"": -61.2785982645793, ""WAP10"": -54.48183964456114, ""WAP1"": -61.243031171612934, ""WAP6"": -61.66141532853792}",5.7200,4.8200,110
9781b13f-6b4f-4180-9aad-c51e25978b15,Tag2,Carleton University,Canal Building,3,C5,2026-04-01T04:29:17.290530+00:00,0.8400,"{""WAP4"": -58.14843139011215, ""WAP10"": -60.93016122439228, ""WAP1"": -61.496811218246954, ""WAP6"": -63.98184684003161}",5.1000,8.0100,110
29dcacdc-3606-4970-90f5-5901543ba4eb,Tag2,Carleton University,Canal Building,3,D5,2026-04-01T04:29:17.290530+00:00,0.5470,"{""WAP4"": -58.14843139011215, ""WAP10"": -60.93016122439228, ""WAP1"": -61.496811218246954, ""WAP6"": -63.98184684003161}",5.3600,8.3600,110
bfe42584-a8d8-4bee-a5cc-9562b46429eb,Tag2,Carleton University,Canal Building,3,C5,2026-04-01T04:30:40.382286+00:00,0.8540,"{""WAP4"": -58.89998553456696, ""WAP10"": -62.09790296575115, ""WAP1"": -61.88600362586667, ""WAP6"": -64.08879407498497}",4.9400,8.0600,112
035695ae-cad4-4181-aabd-f95e2c2169f5,Tag2,Carleton University,Canal Building,3,C5,2026-04-01T04:30:40.382286+00:00,0.5850,"{""WAP4"": -58.89998553456696, ""WAP10"": -62.09790296575115, ""WAP1"": -61.88600362586667, ""WAP6"": -64.08879407498497}",5.1600,8.4200,112
127d2fea-93ad-48c3-b1ec-5790a53f3236,Tag3,Carleton University,Canal Building,3,D3,2026-04-01T04:30:40.382286+00:00,0.3390,"{""WAP4"": -62.26974728972007, ""WAP10"": -55.65606392243076, ""WAP1"": -64.67495250085403, ""WAP6"": -62.17066042962214}",5.9300,4.3000,112
b37c61bb-8a4a-4143-b552-784fc8e6323b,Tag2,Carleton University,Canal Building,3,C5,2026-04-01T04:30:40.382286+00:00,0.8560,"{""WAP4"": -58.939030002021596, ""WAP10"": -62.254876904464496, ""WAP1"": -61.93050646553615, ""WAP6"": -64.05412991559659}",4.9200,8.0700,112
34c5e334-c077-412c-8825-86079b87f991,Tag2,Carleton University,Canal Building,3,C5,2026-04-01T04:30:40.382286+00:00,0.5900,"{""WAP4"": -58.939030002021596, ""WAP10"": -62.254876904464496, ""WAP1"": -61.93050646553615, ""WAP6"": -64.05412991559659}",5.1300,8.4400,112
41b7b2a1-b96f-4b49-98ea-add81d85fb49,Tag2,Carleton University,Canal Building,3,D4,2026-04-01T04:32:24.208651+00:00,0.8340,"{""WAP4"": -58.55300801789791, ""WAP10"": -60.07765832708533, ""WAP1"": -62.32452910390678, ""WAP6"": -64.44544237563514}",5.2900,7.6500,114
26987eea-6742-497d-aa6e-36cede2a30dd,Tag2,Carleton University,Canal Building,3,D4,2026-04-01T04:32:24.208651+00:00,0.5270,"{""WAP4"": -58.55300801789791, ""WAP10"": -60.07765832708533, ""WAP1"": -62.32452910390678, ""WAP6"": -64.44544237563514}",5.6000,7.8700,114
446a72df-f149-484e-bfbc-e6eb0dabf75f,Tag3,Carleton University,Canal Building,3,D3,2026-04-01T04:32:24.208651+00:00,0.3890,"{""WAP4"": -63.17483548403724, ""WAP10"": -56.26235471537421, ""WAP1"": -64.49318180810361, ""WAP6"": -60.58466525080446}",5.4100,4.0800,114
b9a6de1c-ab12-4a35-a294-cb666ce53470,Tag2,Carleton University,Canal Building,3,D4,2026-04-01T04:32:24.208651+00:00,0.8330,"{""WAP4"": -58.532314313035435, ""WAP10"": -59.8521473307097, ""WAP1"": -62.393030871746895, ""WAP6"": -64.46674102858192}",5.3300,7.6000,114
8ad52988-b91d-42ad-b412-6a265912e830,Tag2,Carleton University,Canal Building,3,D4,2026-04-01T04:32:24.208651+00:00,0.5240,"{""WAP4"": -58.532314313035435, ""WAP10"": -59.8521473307097, ""WAP1"": -62.393030871746895, ""WAP6"": -64.46674102858192}",5.6500,7.7900,114
8a009f4d-830d-410a-bdea-07426ff8859f,Tag2,Carleton University,Canal Building,3,C4,2026-04-01T04:33:46.741564+00:00,0.8620,"{""WAP4"": -58.894046778304016, ""WAP10"": -61.946587791263624, ""WAP1"": -62.86249240376413, ""WAP6"": -63.85837312709369}",5.0600,7.8300,116
092e1ef4-2813-45d4-a2e1-64417de30d9f,Tag2,Carleton University,Canal Building,3,D5,2026-04-01T04:33:46.741564+00:00,0.6060,"{""WAP4"": -58.894046778304016, ""WAP10"": -61.946587791263624, ""WAP1"": -62.86249240376413, ""WAP6"": -63.85837312709369}",5.3200,8.1500,116
aef899c2-dd33-46a6-8517-151d80add693,Tag3,Carleton University,Canal Building,3,D2,2026-04-01T04:33:46.741564+00:00,0.3110,"{""WAP4"": -62.69933589613092, ""WAP10"": -55.71916319634336, ""WAP1"": -64.97808802623032, ""WAP6"": -58.77136381947136}",5.2400,3.6800,116
e908f0e9-a1e1-4c99-b2f5-1296085222f9,Tag2,Carleton University,Canal Building,3,C4,2026-04-01T04:33:46.741564+00:00,0.8670,"{""WAP4"": -58.9354096661454, ""WAP10"": -62.162633389062385, ""WAP1"": -62.916173747185304, ""WAP6"": -63.71846848593163}",5.0200,7.8300,116
0b92a27b-1d10-4a9b-844c-bc67831b4b8c,Tag2,Carleton University,Canal Building,3,D5,2026-04-01T04:33:46.741564+00:00,0.6220,"{""WAP4"": -58.9354096661454, ""WAP10"": -62.162633389062385, ""WAP1"": -62.916173747185304, ""WAP6"": -63.71846848593163}",5.2700,8.1500,116
aba48f32-b3a9-4231-919c-81ae71fbcb24,Tag2,Carleton University,Canal Building,3,C4,2026-04-01T04:35:11.963435+00:00,0.8620,"{""WAP4"": -58.97599651753164, ""WAP10"": -60.80369196971036, ""WAP1"": -62.340474482266046, ""WAP6"": -63.89537541673892}",5.1000,7.6400,118
e6f38b7b-93cd-484d-bb8e-46cf946721d1,Tag2,Carleton University,Canal Building,3,D4,2026-04-01T04:35:11.963435+00:00,0.6080,"{""WAP4"": -58.97599651753164, ""WAP10"": -60.80369196971036, ""WAP1"": -62.340474482266046, ""WAP6"": -63.89537541673892}",5.3600,7.8700,118
29c60ad0-fcf1-4996-9534-9795c790c077,Tag3,Carleton University,Canal Building,3,D2,2026-04-01T04:35:11.963435+00:00,0.1580,"{""WAP4"": -62.9318851712995, ""WAP10"": -54.2965662182942, ""WAP1"": -65.76848796332995, ""WAP6"": -58.94820294783768}",5.6600,3.1600,118
714822f9-b2df-4197-a30a-34aac8372fe1,Tag2,Carleton University,Canal Building,3,C4,2026-04-01T04:35:11.963435+00:00,0.8610,"{""WAP4"": -58.98536719392306, ""WAP10"": -60.48994010572709, ""WAP1"": -62.207557260898, ""WAP6"": -63.936219619808995}",5.1200,7.5900,118
f2bc31ec-0477-4270-a30d-8d1f6218373c,Tag2,Carleton University,Canal Building,3,D4,2026-04-01T04:35:11.963435+00:00,0.6050,"{""WAP4"": -58.98536719392306, ""WAP10"": -60.48994010572709, ""WAP1"": -62.207557260898, ""WAP6"": -63.936219619808995}",5.3900,7.8000,118
e2dee119-5743-4dc7-89f2-ac40816212b5,Tag3,Carleton University,Canal Building,3,D2,2026-04-01T04:36:34.581552+00:00,0.1530,"{""WAP4"": -62.98456872693084, ""WAP10"": -54.55048130012967, ""WAP1"": -65.91396398219688, ""WAP6"": -60.53516963635581}",5.9400,3.3800,120
dfe1f4bf-ff0f-4e29-a2b9-865347c08273,Tag2,Carleton University,Canal Building,3,C4,2026-04-01T19:13:03.380212+00:00,0.8210,"{""WAP6"": -62.93846153846154, ""WAP4"": -63.40769230769231, ""WAP1"": -56.46923076923077, ""WAP10"": -57.0}",4.1800,7.0400,2
a3fec376-d8ab-48db-9f89-58283edb0d48,Tag2,Carleton University,Canal Building,3,C4,2026-04-01T19:13:03.380212+00:00,0.5040,"{""WAP6"": -62.93846153846154, ""WAP4"": -63.40769230769231, ""WAP1"": -56.46923076923077, ""WAP10"": -57.0}",4.1400,7.0900,2
8975d0b2-924c-4f63-9385-fbf40ade946e,Tag2,Carleton University,Canal Building,3,C4,2026-04-01T19:13:03.380212+00:00,0.8210,"{""WAP6"": -62.96371882086168, ""WAP4"": -63.445578231292515, ""WAP1"": -56.481859410430836, ""WAP10"": -57.0}",4.1800,7.0300,2
03009901-89e6-47ad-b9b4-2826384a4e27,Tag2,Carleton University,Canal Building,3,C4,2026-04-01T19:13:03.380212+00:00,0.5020,"{""WAP6"": -62.96371882086168, ""WAP4"": -63.445578231292515, ""WAP1"": -56.481859410430836, ""WAP10"": -57.0}",4.1400,7.0900,2
435cd583-9e86-4a2e-8124-918e35bf7f40,Tag2,Carleton University,Canal Building,3,C4,2026-04-01T19:14:24.832795+00:00,0.8500,"{""WAP6"": -61.0018718326621, ""WAP4"": -61.978952719477306, ""WAP1"": -55.76457862091251, ""WAP10"": -56.907661509603486}",4.0400,7.1100,4
e9e8a3fb-fb83-4540-ae4c-ca99a229c716,Tag2,Carleton University,Canal Building,3,C4,2026-04-01T19:14:24.832795+00:00,0.5920,"{""WAP6"": -61.0018718326621, ""WAP4"": -61.978952719477306, ""WAP1"": -55.76457862091251, ""WAP10"": -56.907661509603486}",3.9500,7.2100,4
51302d08-b25d-4361-88ee-a72bc5892370,Tag2,Carleton University,Canal Building,3,C4,2026-04-01T19:14:24.832795+00:00,0.8530,"{""WAP6"": -60.805758724876924, ""WAP4"": -61.79179556064529, ""WAP1"": -55.661190998368646, ""WAP10"": -56.94374400545466}",4.0200,7.1400,4
263ce7c5-8a97-47f8-9f6e-d3b567a296f7,Tag2,Carleton University,Canal Building,3,C4,2026-04-01T19:14:24.832795+00:00,0.6020,"{""WAP6"": -60.805758724876924, ""WAP4"": -61.79179556064529, ""WAP1"": -55.661190998368646, ""WAP10"": -56.94374400545466}",3.9200,7.2500,4
8d856557-66ba-443f-930a-b63df70cd769,Tag2,Carleton University,Canal Building,3,C4,2026-04-01T19:16:08.721492+00:00,0.8280,"{""WAP6"": -61.12271596119028, ""WAP4"": -62.52170265325137, ""WAP1"": -55.45940802739566, ""WAP10"": -56.866542428412195}",3.9600,7.1300,7
62fb9597-9615-4e87-bac6-a8160f68b1e2,Tag2,Carleton University,Canal Building,3,C4,2026-04-01T19:16:08.721492+00:00,0.5310,"{""WAP6"": -61.12271596119028, ""WAP4"": -62.52170265325137, ""WAP1"": -55.45940802739566, ""WAP10"": -56.866542428412195}",3.8500,7.2600,7
165a611b-081c-4896-b5d5-bfe656e05a8d,Tag2,Carleton University,Canal Building,3,C4,2026-04-01T19:16:08.721492+00:00,0.8250,"{""WAP6"": -61.07480877141942, ""WAP4"": -62.57829527929015, ""WAP1"": -55.410189619006374, ""WAP10"": -56.78851275765331}",3.9600,7.1100,7
65b910eb-ed22-4e21-9b56-548c989cfedb,Tag2,Carleton University,Canal Building,3,C4,2026-04-01T19:16:08.721492+00:00,0.5230,"{""WAP6"": -61.07480877141942, ""WAP4"": -62.57829527929015, ""WAP1"": -55.410189619006374, ""WAP10"": -56.78851275765331}",3.8400,7.2400,7
5b4aa5a1-b5a4-42ad-b959-66e6d8b05b55,Tag2,Carleton University,Canal Building,3,C3,2026-04-01T19:33:27.520637+00:00,0.7790,"{""WAP1"": -66.0, ""WAP6"": -60.0, ""WAP10"": -62.0, ""WAP4"": -67.0}",3.9000,4.8100,1
01cb4156-25aa-4db3-a418-90f578a34a45,Tag2,Carleton University,Canal Building,3,C3,2026-04-01T19:33:27.520637+00:00,0.3430,"{""WAP1"": -66.0, ""WAP6"": -60.0, ""WAP10"": -62.0, ""WAP4"": -67.0}",3.7500,4.1600,1
171f8547-c717-43d2-9a80-d1cfcaf6e822,Tag2,Carleton University,Canal Building,3,C3,2026-04-01T19:33:27.520637+00:00,0.7790,"{""WAP1"": -66.0, ""WAP6"": -60.0, ""WAP10"": -62.0, ""WAP4"": -67.0}",3.9000,4.8100,1
3c644f17-9577-4130-8fe3-1d336fd3efc2,Tag2,Carleton University,Canal Building,3,C3,2026-04-01T19:33:27.520637+00:00,0.3430,"{""WAP1"": -66.0, ""WAP6"": -60.0, ""WAP10"": -62.0, ""WAP4"": -67.0}",3.7500,4.1600,1
81817a18-f303-4865-8cce-a7f92b5d82e0,Tag2,Carleton University,Canal Building,3,C2,2026-04-01T19:34:49.980961+00:00,0.5560,"{""WAP1"": -67.11214711214711, ""WAP6"": -54.417042217042216, ""WAP10"": -55.03076923076923, ""WAP4"": -69.44491064491065}",4.0800,2.4300,3
4383c6d0-0d37-4d8f-b932-48ac4383d31f,Tag2,Carleton University,Canal Building,3,C1,2026-04-01T19:34:49.980961+00:00,0.1000,"{""WAP1"": -67.11214711214711, ""WAP6"": -54.417042217042216, ""WAP10"": -55.03076923076923, ""WAP4"": -69.44491064491065}",4.0400,1.5600,3
11d0f0cd-37e7-4a4b-93b3-a51eba9de33d,Tag2,Carleton University,Canal Building,3,C2,2026-04-01T19:34:49.980961+00:00,0.5360,"{""WAP1"": -67.4596511692058, ""WAP6"": -53.86241438828509, ""WAP10"": -54.23592972943151, ""WAP4"": -69.66217164114407}",4.1500,2.2200,3
eabc6d95-bb81-4dc4-adc7-1f4459f8c39f,Tag2,Carleton University,Canal Building,3,C1,2026-04-01T19:34:49.980961+00:00,0.1000,"{""WAP1"": -67.4596511692058, ""WAP6"": -53.86241438828509, ""WAP10"": -54.23592972943151, ""WAP4"": -69.66217164114407}",4.1300,1.3700,3
74f87cc3-701e-4b47-b0ae-430f7a101b6c,Tag2,Carleton University,Canal Building,3,C2,2026-04-01T19:36:54.398301+00:00,0.5050,"{""WAP1"": -66.9864632653198, ""WAP6"": -54.83054193334138, ""WAP10"": -54.732563971392274, ""WAP4"": -70.68967883866927}",4.1800,2.3400,6
4df0ee68-bda3-485a-a884-0e46c91269cc,Tag2,Carleton University,Canal Building,3,C1,2026-04-01T19:36:54.398301+00:00,0.1000,"{""WAP1"": -66.9864632653198, ""WAP6"": -54.83054193334138, ""WAP10"": -54.732563971392274, ""WAP4"": -70.68967883866927}",4.2100,1.4900,6
b5ecefcc-4271-42b6-a2c6-dbef389e13f0,Tag2,Carleton University,Canal Building,3,C2,2026-04-01T19:36:54.398301+00:00,0.5040,"{""WAP1"": -66.99174794366816, ""WAP6"": -54.766565790343236, ""WAP10"": -54.70683796968461, ""WAP4"": -70.68069499359851}",4.1700,2.3300,6
02eabb3a-5407-455d-86ff-675e759d759b,Tag2,Carleton University,Canal Building,3,C1,2026-04-01T19:36:54.398301+00:00,0.1000,"{""WAP1"": -66.99174794366816, ""WAP6"": -54.766565790343236, ""WAP10"": -54.70683796968461, ""WAP4"": -70.68069499359851}",4.2000,1.4800,6
b7dd2824-8f6a-4e1a-840f-bc3b24fee756,Tag2,Carleton University,Canal Building,3,C2,2026-04-01T19:38:13.249091+00:00,0.5540,"{""WAP1"": -63.13086269213197, ""WAP6"": -55.62766344998646, ""WAP10"": -56.57339875046856, ""WAP4"": -69.99974831254612}",3.7400,3.4000,8
005cc45d-cab4-4cc4-9f6e-7fc116e1ecb2,Tag2,Carleton University,Canal Building,3,C2,2026-04-01T19:38:13.249091+00:00,0.1000,"{""WAP1"": -63.13086269213197, ""WAP6"": -55.62766344998646, ""WAP10"": -56.57339875046856, ""WAP4"": -69.99974831254612}",3.6700,2.5900,8
7e8670c7-a73c-4e57-9700-f338d7ef0c08,Tag2,Carleton University,Canal Building,3,C2,2026-04-01T19:38:13.249091+00:00,0.5660,"{""WAP1"": -62.68938708341197, ""WAP6"": -55.77301929752621, ""WAP10"": -56.73993890395311, ""WAP4"": -69.80465239858317}",3.7000,3.5500,8
5fff991e-703b-40a8-9373-9274004e0c8b,Tag2,Carleton University,Canal Building,3,C2,2026-04-01T19:38:13.249091+00:00,0.1000,"{""WAP1"": -62.68938708341197, ""WAP6"": -55.77301929752621, ""WAP10"": -56.73993890395311, ""WAP4"": -69.80465239858317}",3.6300,2.7600,8
76b5268a-27af-4b96-b069-34aebda4d4f9,Tag2,Carleton University,Canal Building,3,B2,2026-04-01T19:39:31.977245+00:00,0.5970,"{""WAP1"": -63.79599003297489, ""WAP6"": -53.689774528368204, ""WAP10"": -57.961901914135154, ""WAP4"": -68.16147409966013}",3.2700,3.3000,10
d1e49768-3bd7-4baa-b7e8-2a00bfb733ad,Tag2,Carleton University,Canal Building,3,B2,2026-04-01T19:39:31.977245+00:00,0.1000,"{""WAP1"": -63.79599003297489, ""WAP6"": -53.689774528368204, ""WAP10"": -57.961901914135154, ""WAP4"": -68.16147409966013}",2.9400,2.4200,10
de4bc6fc-e047-401f-afad-725d3d28292a,Tag2,Carleton University,Canal Building,3,B2,2026-04-01T19:39:31.977245+00:00,0.6060,"{""WAP1"": -63.875633117967986, ""WAP6"": -53.61568879073121, ""WAP10"": -58.17196906042258, ""WAP4"": -67.90324241270788}",3.2300,3.3200,10
6945fb87-b85e-4cf7-a6a6-f9d85f2fd730,Tag2,Carleton University,Canal Building,3,B2,2026-04-01T19:39:31.977245+00:00,0.1000,"{""WAP1"": -63.875633117967986, ""WAP6"": -53.61568879073121, ""WAP10"": -58.17196906042258, ""WAP4"": -67.90324241270788}",2.8900,2.4400,10
bf27f725-d875-4072-bd70-ea5e20b0ebf4,Tag2,Carleton University,Canal Building,3,C2,2026-04-01T19:42:37.013005+00:00,0.6240,"{""WAP1"": -67.06153846153846, ""WAP4"": -69.0, ""WAP6"": -61.36923076923077, ""WAP10"": -56.87692307692308}",4.9900,3.6000,2
108ff7f2-f174-4e8b-9604-277825025ade,Tag2,Carleton University,Canal Building,3,D2,2026-04-01T19:42:37.013005+00:00,0.1000,"{""WAP1"": -67.06153846153846, ""WAP4"": -69.0, ""WAP6"": -61.36923076923077, ""WAP10"": -56.87692307692308}",5.3400,2.7200,2
ffa918b3-92e7-4498-8bdb-09a782ee1c78,Tag2,Carleton University,Canal Building,3,C2,2026-04-01T19:42:37.013005+00:00,0.6250,"{""WAP1"": -67.03628117913833, ""WAP4"": -69.0, ""WAP6"": -61.21768707482993, ""WAP10"": -56.92743764172336}",4.9600,3.6000,2
2f4d0c83-4c68-40d1-be91-cb31b61255a6,Tag2,Carleton University,Canal Building,3,D2,2026-04-01T19:42:37.013005+00:00,0.1000,"{""WAP1"": -67.03628117913833, ""WAP4"": -69.0, ""WAP6"": -61.21768707482993, ""WAP10"": -56.92743764172336}",5.2900,2.7200,2
b134aeba-106f-4a6b-bd25-e47c63881a35,Tag2,Carleton University,Canal Building,3,C2,2026-04-01T19:43:56.939031+00:00,0.5500,"{""WAP1"": -68.81345118654488, ""WAP4"": -69.59287836634327, ""WAP6"": -58.373148856014694, ""WAP10"": -54.46651586920028}",5.0500,2.5500,4
ac56ce50-db76-49f2-890b-b54fafb37ffe,Tag2,Carleton University,Canal Building,3,D1,2026-04-01T19:43:56.939031+00:00,0.1000,"{""WAP1"": -68.81345118654488, ""WAP4"": -69.59287836634327, ""WAP6"": -58.373148856014694, ""WAP10"": -54.46651586920028}",5.3900,1.6500,4
d93b9003-0e33-465b-ba7e-a729660fcc82,Tag2,Carleton University,Canal Building,3,C2,2026-04-01T19:43:56.939031+00:00,0.5390,"{""WAP1"": -69.0817292860324, ""WAP4"": -69.75196657099403, ""WAP6"": -58.03195430280812, ""WAP10"": -54.28421857537792}",5.0400,2.4400,4
437b7f92-7061-4204-bf16-31c0a85a27c6,Tag2,Carleton University,Canal Building,3,D1,2026-04-01T19:43:56.939031+00:00,0.1000,"{""WAP1"": -69.0817292860324, ""WAP4"": -69.75196657099403, ""WAP6"": -58.03195430280812, ""WAP10"": -54.28421857537792}",5.3600,1.5500,4
8b30fb0a-08ad-4eaf-8a9c-d47d8441e5d3,Tag2,Carleton University,Canal Building,3,C2,2026-04-01T19:45:39.043097+00:00,0.5910,"{""WAP1"": -66.26799676237754, ""WAP4"": -69.0347529307667, ""WAP6"": -55.325679912417726, ""WAP10"": -55.60464489571888}",4.1200,2.7700,7
209b692b-c9b4-48fa-9544-ca92029d5e2a,Tag2,Carleton University,Canal Building,3,C1,2026-04-01T19:45:39.043097+00:00,0.1000,"{""WAP1"": -66.26799676237754, ""WAP4"": -69.0347529307667, ""WAP6"": -55.325679912417726, ""WAP10"": -55.60464489571888}",4.1100,1.8900,7
5035e634-cc79-4702-9ac4-b3e6ba228d88,Tag2,Carleton University,Canal Building,3,C2,2026-04-01T19:45:39.043097+00:00,0.5950,"{""WAP1"": -66.29350356258018, ""WAP4"": -68.8910554171324, ""WAP6"": -55.19853745093662, ""WAP10"": -55.498727341228324}",4.1200,2.7500,7
e9b28b6f-efff-4475-a032-759f61b0d9ee,Tag2,Carleton University,Canal Building,3,C1,2026-04-01T19:45:39.043097+00:00,0.1000,"{""WAP1"": -66.29350356258018, ""WAP4"": -68.8910554171324, ""WAP6"": -55.19853745093662, ""WAP10"": -55.498727341228324}",4.1100,1.8700,7
69706705-569c-4b8a-88bc-b59c9f3a3e9a,Tag2,Carleton University,Canal Building,3,C2,2026-04-01T19:46:58.342800+00:00,0.7380,"{""WAP1"": -65.47885294849341, ""WAP4"": -65.1080557427054, ""WAP6"": -55.72552420815835, ""WAP10"": -55.97934455631939}",4.2900,3.5100,9
22913dc6-61f0-4172-a886-db9f93cd80a5,Tag2,Carleton University,Canal Building,3,C2,2026-04-01T19:46:58.342800+00:00,0.2590,"{""WAP1"": -65.47885294849341, ""WAP4"": -65.1080557427054, ""WAP6"": -55.72552420815835, ""WAP10"": -55.97934455631939}",4.2700,2.6400,9
3d7c2542-c6df-4a9c-9321-98fb2e7bb811,Tag2,Carleton University,Canal Building,3,C2,2026-04-01T19:46:58.342800+00:00,0.7460,"{""WAP1"": -65.29191438205677, ""WAP4"": -64.6754837960881, ""WAP6"": -55.8326763332729, ""WAP10"": -55.98740819891137}",4.3200,3.6200,9
48e900c0-c779-4742-90da-1fa33b2d1b5d,Tag2,Carleton University,Canal Building,3,C2,2026-04-01T19:46:58.342800+00:00,0.2840,"{""WAP1"": -65.29191438205677, ""WAP4"": -64.6754837960881, ""WAP6"": -55.8326763332729, ""WAP10"": -55.98740819891137}",4.3100,2.7700,9
fd4ceb4c-4823-4ce5-b77e-60e0b489f3fe,Tag2,Carleton University,Canal Building,3,D2,2026-04-01T21:22:31.889944+00:00,0.6330,"{""WAP4"": -65.06153846153846, ""WAP10"": -48.46923076923077, ""WAP1"": -62.65384615384615, ""WAP6"": -59.59230769230769}",6.1000,2.9500,2
c4feb447-902d-46f7-b299-00db750d0ad1,Tag2,Carleton University,Canal Building,3,D1,2026-04-01T21:22:31.889944+00:00,0.1000,"{""WAP4"": -65.06153846153846, ""WAP10"": -48.46923076923077, ""WAP1"": -62.65384615384615, ""WAP6"": -59.59230769230769}",6.7700,1.9400,2
16131e51-4aa7-4435-aed2-7df4e282059d,Tag2,Carleton University,Canal Building,3,D2,2026-04-01T21:22:31.889944+00:00,0.6340,"{""WAP4"": -65.03628117913833, ""WAP10"": -48.481859410430836, ""WAP1"": -62.590702947845806, ""WAP6"": -59.554421768707485}",6.0900,2.9600,2
61973e22-c1cc-47ec-a66c-c60c09e8beee,Tag2,Carleton University,Canal Building,3,D1,2026-04-01T21:22:31.889944+00:00,0.1000,"{""WAP4"": -65.03628117913833, ""WAP10"": -48.481859410430836, ""WAP1"": -62.590702947845806, ""WAP6"": -59.554421768707485}",6.7600,1.9600,2
e6e523e1-c099-49e5-b4ee-a534684ecee1,Tag2,Carleton University,Canal Building,3,D2,2026-04-01T21:23:52.446713+00:00,0.6250,"{""WAP4"": -65.44301747306531, ""WAP10"": -48.88474239641869, ""WAP1"": -62.631938588125884, ""WAP6"": -58.62278828193347}",5.8900,2.9300,4
d043c06a-14d2-47f7-b430-49201ee3de33,Tag2,Carleton University,Canal Building,3,D1,2026-04-01T21:23:52.446713+00:00,0.1000,"{""WAP4"": -65.44301747306531, ""WAP10"": -48.88474239641869, ""WAP1"": -62.631938588125884, ""WAP6"": -58.62278828193347}",6.5300,1.9500,4
38d12d31-86c3-4c53-a2ea-331702232c6b,Tag2,Carleton University,Canal Building,3,D2,2026-04-01T21:23:52.446713+00:00,0.6250,"{""WAP4"": -65.46528415495366, ""WAP10"": -48.92978084122302, ""WAP1"": -62.77576349050296, ""WAP6"": -58.37942545996694}",5.8600,2.9000,4
c6db357b-a6f0-44fb-b285-201601331f76,Tag2,Carleton University,Canal Building,3,D1,2026-04-01T21:23:52.446713+00:00,0.1000,"{""WAP4"": -65.46528415495366, ""WAP10"": -48.92978084122302, ""WAP1"": -62.77576349050296, ""WAP6"": -58.37942545996694}",6.4900,1.9300,4
4b298acb-9455-4aca-95eb-9d865acc71cb,Tag2,Carleton University,Canal Building,3,D2,2026-04-01T21:25:33.893955+00:00,0.6150,"{""WAP4"": -65.70758508278702, ""WAP10"": -48.771712103295805, ""WAP1"": -64.32480259345218, ""WAP6"": -55.793965688101515}",5.6100,2.4500,7
8b0ed3c8-d89b-4539-a0bb-525b3ac25a18,Tag2,Carleton University,Canal Building,3,D1,2026-04-01T21:25:33.893955+00:00,0.1000,"{""WAP4"": -65.70758508278702, ""WAP10"": -48.771712103295805, ""WAP1"": -64.32480259345218, ""WAP6"": -55.793965688101515}",6.1500,1.5300,7
7bc02c48-2da6-4d0d-a667-96e92fc57a98,Tag2,Carleton University,Canal Building,3,D2,2026-04-01T21:25:33.893955+00:00,0.6150,"{""WAP4"": -65.69161090707925, ""WAP10"": -48.73070332482605, ""WAP1"": -64.45826320340437, ""WAP6"": -55.61413902643149}",5.6000,2.4200,7
4e133093-460c-4241-9c02-de38ce8e6028,Tag2,Carleton University,Canal Building,3,D1,2026-04-01T21:25:33.893955+00:00,0.1000,"{""WAP4"": -65.69161090707925, ""WAP10"": -48.73070332482605, ""WAP1"": -64.45826320340437, ""WAP6"": -55.61413902643149}",6.1300,1.5000,7
8b74bd23-e67c-4f7b-8088-74051d275811,Tag2,Carleton University,Canal Building,3,D2,2026-04-01T21:27:15.329735+00:00,0.6460,"{""WAP4"": -64.78403776733262, ""WAP10"": -48.75662806363063, ""WAP1"": -62.49255597570815, ""WAP6"": -58.900507229720155}",5.9600,3.0200,10
d580c086-99b7-4868-b697-a75eb387f55d,Tag2,Carleton University,Canal Building,3,D2,2026-04-01T21:27:15.329735+00:00,0.1000,"{""WAP4"": -64.78403776733262, ""WAP10"": -48.75662806363063, ""WAP1"": -62.49255597570815, ""WAP6"": -58.900507229720155}",6.6000,2.0300,10
324f5158-589c-4695-8447-39f1e2cdac38,Tag2,Carleton University,Canal Building,3,D2,2026-04-01T21:27:15.329735+00:00,0.6490,"{""WAP4"": -64.73821747202447, ""WAP10"": -48.85163760116489, ""WAP1"": -62.17013851674761, ""WAP6"": -59.06947744276325}",5.9400,3.1100,10
e5fff6e2-9adb-4c34-aecc-4fb963f5cd8b,Tag2,Carleton University,Canal Building,3,D2,2026-04-01T21:27:15.329735+00:00,0.1000,"{""WAP4"": -64.73821747202447, ""WAP10"": -48.85163760116489, ""WAP1"": -62.17013851674761, ""WAP6"": -59.06947744276325}",6.5800,2.1200,10
26dc4d59-5e48-4a6c-85a6-6b16a9bb74b6,Tag2,Carleton University,Canal Building,3,D2,2026-04-01T21:28:33.723463+00:00,0.6380,"{""WAP4"": -65.7141457920847, ""WAP10"": -50.42038633077379, ""WAP1"": -61.01772636075325, ""WAP6"": -60.40818467722698}",5.6600,3.6400,12
8433ad53-18c2-41cb-8f41-8b4ced2ea8e6,Tag2,Carleton University,Canal Building,3,D2,2026-04-01T21:28:33.723463+00:00,0.1000,"{""WAP4"": -65.7141457920847, ""WAP10"": -50.42038633077379, ""WAP1"": -61.01772636075325, ""WAP6"": -60.40818467722698}",6.2600,2.6900,12
72b8539c-9a85-4401-bdf4-cd87b1a07ea1,Tag2,Carleton University,Canal Building,3,D2,2026-04-01T21:28:33.723463+00:00,0.6370,"{""WAP4"": -65.82573990279326, ""WAP10"": -50.646660669862726, ""WAP1"": -60.81561209684233, ""WAP6"": -60.44402829614376}",5.6000,3.7300,12
8b673177-fa66-41e4-952f-d4f2a694e144,Tag2,Carleton University,Canal Building,3,D2,2026-04-01T21:28:33.723463+00:00,0.1000,"{""WAP4"": -65.82573990279326, ""WAP10"": -50.646660669862726, ""WAP1"": -60.81561209684233, ""WAP6"": -60.44402829614376}",6.1800,2.7900,12
d19872f4-6c1e-4bec-b359-0f4423c15b47,Tag2,Carleton University,Canal Building,3,D2,2026-04-01T21:30:15.731704+00:00,0.5940,"{""WAP4"": -66.25465349204147, ""WAP10"": -48.72124469349578, ""WAP1"": -59.30738442691968, ""WAP6"": -58.48707929075576}",5.5700,3.4000,15
71c2a96d-9a78-460a-9b86-162fc8ad08de,Tag2,Carleton University,Canal Building,3,D2,2026-04-01T21:30:15.731704+00:00,0.1000,"{""WAP4"": -66.25465349204147, ""WAP10"": -48.72124469349578, ""WAP1"": -59.30738442691968, ""WAP6"": -58.48707929075576}",6.1900,2.4700,15
405d2389-5296-4699-9505-220ebb5c17be,Tag2,Carleton University,Canal Building,3,D2,2026-04-01T21:30:15.731704+00:00,0.5940,"{""WAP4"": -66.15523977284359, ""WAP10"": -48.439679273531, ""WAP1"": -59.187385172801385, ""WAP6"": -58.29692928161937}",5.5900,3.3600,15
d406acaa-18d4-429a-a7d2-a76b348a8335,Tag2,Carleton University,Canal Building,3,D2,2026-04-01T21:30:15.731704+00:00,0.1000,"{""WAP4"": -66.15523977284359, ""WAP10"": -48.439679273531, ""WAP1"": -59.187385172801385, ""WAP6"": -58.29692928161937}",6.2200,2.4300,15
58a1f2cd-1a91-470c-9980-d673dda6d782,Tag2,Carleton University,Canal Building,3,D2,2026-04-01T21:31:34.214129+00:00,0.6120,"{""WAP4"": -65.69489652843068, ""WAP10"": -48.53278778246403, ""WAP1"": -59.90881043318663, ""WAP6"": -60.140258854793096}",5.8700,3.4000,17
0e619ecd-9545-47e8-9e80-8bc8a99b43f0,Tag2,Carleton University,Canal Building,3,D2,2026-04-01T21:31:34.214129+00:00,0.1000,"{""WAP4"": -65.69489652843068, ""WAP10"": -48.53278778246403, ""WAP1"": -59.90881043318663, ""WAP6"": -60.140258854793096}",6.5300,2.4200,17
5bef78b3-444a-47bb-a4cd-071619bb48dd,Tag2,Carleton University,Canal Building,3,D2,2026-04-01T21:31:34.214129+00:00,0.6140,"{""WAP4"": -65.61881122288626, ""WAP10"": -48.51998781898091, ""WAP1"": -59.94440976432569, ""WAP6"": -60.28069755408834}",5.9000,3.4100,17
2bbfc610-8607-48dd-99f2-7d10511422ee,Tag2,Carleton University,Canal Building,3,D2,2026-04-01T21:31:34.214129+00:00,0.1000,"{""WAP4"": -65.61881122288626, ""WAP10"": -48.51998781898091, ""WAP1"": -59.94440976432569, ""WAP6"": -60.28069755408834}",6.5600,2.4200,17
414f310f-dd69-4392-8350-df68ae939e87,Tag2,Carleton University,Canal Building,3,D2,2026-04-01T21:33:16.398567+00:00,0.6050,"{""WAP4"": -65.72878439498002, ""WAP10"": -48.07532547485063, ""WAP1"": -59.223335561948886, ""WAP6"": -61.54749437190873}",6.0200,3.5000,20
50289929-ce7d-4a90-9164-d65907ede5cb,Tag2,Carleton University,Canal Building,3,D2,2026-04-01T21:33:16.398567+00:00,0.1000,"{""WAP4"": -65.72878439498002, ""WAP10"": -48.07532547485063, ""WAP1"": -59.223335561948886, ""WAP6"": -61.54749437190873}",6.6900,2.5000,20
071622f0-783c-4499-ac1b-de60736165e9,Tag2,Carleton University,Canal Building,3,D2,2026-04-01T21:33:16.398567+00:00,0.6030,"{""WAP4"": -65.70453436663678, ""WAP10"": -47.915789897000934, ""WAP1"": -59.1361479932085, ""WAP6"": -61.46388842886336}",6.0300,3.4800,20
622126e2-2f55-40ed-a2b0-81b380843491,Tag2,Carleton University,Canal Building,3,D2,2026-04-01T21:33:16.398567+00:00,0.1000,"{""WAP4"": -65.70453436663678, ""WAP10"": -47.915789897000934, ""WAP1"": -59.1361479932085, ""WAP6"": -61.46388842886336}",6.7100,2.4800,20
9e0f01b4-8ae0-4d02-80ae-c3371c865059,Tag2,Carleton University,Canal Building,3,D2,2026-04-01T21:35:28.272253+00:00,0.6190,"{""WAP4"": -65.46923076923076, ""WAP10"": -48.46923076923077, ""WAP1"": -61.46923076923077, ""WAP6"": -59.46923076923077}",5.9700,3.0800,22
2563d4fc-3976-468f-b09c-42c92edd6d20,Tag2,Carleton University,Canal Building,3,D2,2026-04-01T21:35:28.272253+00:00,0.1000,"{""WAP4"": -65.46923076923076, ""WAP10"": -48.46923076923077, ""WAP1"": -61.46923076923077, ""WAP6"": -59.46923076923077}",6.6400,2.0900,22
d2239b77-f02d-4371-8ffd-021cf78d44f3,Tag2,Carleton University,Canal Building,3,D2,2026-04-01T21:35:28.272253+00:00,0.6190,"{""WAP4"": -65.48185941043083, ""WAP10"": -48.481859410430836, ""WAP1"": -61.481859410430836, ""WAP6"": -59.481859410430836}",5.9700,3.0800,22
ce8eba36-ff52-4bca-a884-a03489cd11fb,Tag2,Carleton University,Canal Building,3,D2,2026-04-01T21:35:28.272253+00:00,0.1000,"{""WAP4"": -65.48185941043083, ""WAP10"": -48.481859410430836, ""WAP1"": -61.481859410430836, ""WAP6"": -59.481859410430836}",6.6400,2.0900,22
edbd1be1-9e29-478b-87f1-968279f520b5,Tag2,Carleton University,Canal Building,3,D2,2026-04-01T21:36:47.567299+00:00,0.6090,"{""WAP4"": -65.44979547765229, ""WAP10"": -47.672240130515995, ""WAP1"": -60.85691711130902, ""WAP6"": -59.107187049282395}",6.0200,3.0000,24
18df3bde-8f9d-4a51-8915-0cc3eb6ad811,Tag2,Carleton University,Canal Building,3,D2,2026-04-01T21:36:47.567299+00:00,0.1000,"{""WAP4"": -65.44979547765229, ""WAP10"": -47.672240130515995, ""WAP1"": -60.85691711130902, ""WAP6"": -59.107187049282395}",6.7000,2.0000,24
c5578e82-d588-44a4-b586-b7da96d2545c,Tag2,Carleton University,Canal Building,3,D2,2026-04-01T21:36:47.567299+00:00,0.6080,"{""WAP4"": -65.469413563908, ""WAP10"": -47.60493500382331, ""WAP1"": -60.717446992913985, ""WAP6"": -59.06530228113832}",6.0200,3.0000,24
768cf418-d7a9-4a4c-8aa9-f1cab0c718ae,Tag2,Carleton University,Canal Building,3,D2,2026-04-01T21:36:47.567299+00:00,0.1000,"{""WAP4"": -65.469413563908, ""WAP10"": -47.60493500382331, ""WAP1"": -60.717446992913985, ""WAP6"": -59.06530228113832}",6.7000,2.0100,24
c48603dc-d382-416d-b387-2188208f047c,Tag2,Carleton University,Canal Building,3,D2,2026-04-01T21:38:29.494534+00:00,0.6350,"{""WAP4"": -65.00817611287387, ""WAP10"": -48.4392755277309, ""WAP1"": -60.96099157859284, ""WAP6"": -60.607210393242525}",6.0700,3.2800,27
5071655c-dbba-4d4b-8884-ff366eeeaae8,Tag2,Carleton University,Canal Building,3,D2,2026-04-01T21:38:29.494534+00:00,0.1000,"{""WAP4"": -65.00817611287387, ""WAP10"": -48.4392755277309, ""WAP1"": -60.96099157859284, ""WAP6"": -60.607210393242525}",6.7400,2.2700,27
3106d482-94bc-48c7-81e8-2cd732db40cc,Tag2,Carleton University,Canal Building,3,D2,2026-04-01T21:38:29.494534+00:00,0.6360,"{""WAP4"": -65.00498423312786, ""WAP10"": -48.528046950287056, ""WAP1"": -60.97622010981965, ""WAP6"": -60.63042157902773}",6.0600,3.3000,27
7997231a-44c7-49ef-ad43-279c552f01f1,Tag2,Carleton University,Canal Building,3,D2,2026-04-01T21:38:29.494534+00:00,0.1000,"{""WAP4"": -65.00498423312786, ""WAP10"": -48.528046950287056, ""WAP1"": -60.97622010981965, ""WAP6"": -60.63042157902773}",6.7300,2.2900,27
a6cd77b3-b649-4aef-af48-e4c5a7f0c5d0,Tag2,Carleton University,Canal Building,3,D2,2026-04-01T21:40:11.397025+00:00,0.6210,"{""WAP4"": -65.00112916490805, ""WAP10"": -47.34617501827075, ""WAP1"": -60.221160098706136, ""WAP6"": -60.82336642164839}",6.2100,3.1700,29
ac59aa26-1a5d-4ed4-aa44-2529389cdf7e,Tag2,Carleton University,Canal Building,3,E2,2026-04-01T21:40:11.397025+00:00,0.1000,"{""WAP4"": -65.00112916490805, ""WAP10"": -47.34617501827075, ""WAP1"": -60.221160098706136, ""WAP6"": -60.82336642164839}",6.9000,2.1400,29
6810431e-fddc-454b-8e59-fcc0866246e5,Tag2,Carleton University,Canal Building,3,D2,2026-04-01T21:40:11.397025+00:00,0.6190,"{""WAP4"": -65.00068835219123, ""WAP10"": -47.21103235734464, ""WAP1"": -60.13482179394016, ""WAP6"": -60.89232209588097}",6.2300,3.1600,29
89a0616e-bef3-4a40-9716-494ef6400aee,Tag2,Carleton University,Canal Building,3,E2,2026-04-01T21:40:11.397025+00:00,0.1000,"{""WAP4"": -65.00068835219123, ""WAP10"": -47.21103235734464, ""WAP1"": -60.13482179394016, ""WAP6"": -60.89232209588097}",6.9300,2.1300,29
eeb3c8d8-68d9-4d58-a0f4-5e690a12dfc9,Tag2,Carleton University,Canal Building,3,D3,2026-04-01T21:41:30.389335+00:00,0.7150,"{""WAP4"": -63.36034513835902, ""WAP10"": -52.98805953727435, ""WAP1"": -64.67125611264453, ""WAP6"": -61.50169178983892}",5.7900,4.0400,31
177dee65-01a1-4d21-8cc8-61ca1245f4c1,Tag2,Carleton University,Canal Building,3,D2,2026-04-01T21:41:30.389335+00:00,0.2170,"{""WAP4"": -63.36034513835902, ""WAP10"": -52.98805953727435, ""WAP1"": -64.67125611264453, ""WAP6"": -61.50169178983892}",6.3200,3.1400,31
9f8e9ff1-d179-4ed7-bf89-3d9e3935d80b,Tag2,Carleton University,Canal Building,3,D3,2026-04-01T21:41:30.389335+00:00,0.7070,"{""WAP4"": -63.219670646913954, ""WAP10"": -53.57830325932851, ""WAP1"": -65.18998205262999, ""WAP6"": -61.50103133504187}",5.7500,4.1300,31
b54f27b3-02ed-4996-ba26-c72e6b171086,Tag2,Carleton University,Canal Building,3,D2,2026-04-01T21:41:30.389335+00:00,0.1880,"{""WAP4"": -63.219670646913954, ""WAP10"": -53.57830325932851, ""WAP1"": -65.18998205262999, ""WAP6"": -61.50103133504187}",6.2500,3.2500,31
2f857f10-fd7d-4dac-81af-d5066d699915,Tag2,Carleton University,Canal Building,3,D3,2026-04-01T21:43:12.038360+00:00,0.7180,"{""WAP4"": -62.35425745600778, ""WAP10"": -55.32131301353788, ""WAP1"": -65.79522479304899, ""WAP6"": -60.3329662672461}",5.4000,4.4900,34
1f2a38f7-2c00-449a-9825-0701c087e0c8,Tag2,Carleton University,Canal Building,3,D2,2026-04-01T21:43:12.038360+00:00,0.2040,"{""WAP4"": -62.35425745600778, ""WAP10"": -55.32131301353788, ""WAP1"": -65.79522479304899, ""WAP6"": -60.3329662672461}",5.7600,3.7500,34
6760cc6c-9e3f-4ed4-b25c-8a11aa82f015,Tag2,Carleton University,Canal Building,3,D3,2026-04-01T21:43:12.038360+00:00,0.7160,"{""WAP4"": -62.21595952428349, ""WAP10"": -55.32600560458483, ""WAP1"": -65.87516661815236, ""WAP6"": -60.33310956551635}",5.4200,4.5100,34
c16c82be-80b7-4d1f-9148-7e2252598156,Tag2,Carleton University,Canal Building,3,D2,2026-04-01T21:43:12.038360+00:00,0.1950,"{""WAP4"": -62.21595952428349, ""WAP10"": -55.32600560458483, ""WAP1"": -65.87516661815236, ""WAP6"": -60.33310956551635}",5.7800,3.7800,34
ab4cb188-7341-4284-8041-dc14600b0507,Tag2,Carleton University,Canal Building,3,C3,2026-04-01T21:44:30.555225+00:00,0.7320,"{""WAP4"": -66.28781210234642, ""WAP10"": -56.86812612831883, ""WAP1"": -62.41337777590101, ""WAP6"": -58.68302057818337}",4.3100,4.5000,36
6ffba0b1-561b-4a11-a2e6-cb07fdfdc98c,Tag2,Carleton University,Canal Building,3,C2,2026-04-01T21:44:30.555225+00:00,0.2290,"{""WAP4"": -66.28781210234642, ""WAP10"": -56.86812612831883, ""WAP1"": -62.41337777590101, ""WAP6"": -58.68302057818337}",4.4000,3.8100,36
0668d3e8-1b03-4c4e-92df-b2e9d75efd2c,Tag2,Carleton University,Canal Building,3,C3,2026-04-01T21:44:30.555225+00:00,0.7270,"{""WAP4"": -66.56584185605385, ""WAP10"": -57.11480223373495, ""WAP1"": -62.25199996872324, ""WAP6"": -58.61157150351731}",4.2200,4.5300,36
4a90b461-50db-49e0-bdbf-82de00ae6b18,Tag2,Carleton University,Canal Building,3,C2,2026-04-01T21:44:30.555225+00:00,0.2110,"{""WAP4"": -66.56584185605385, ""WAP10"": -57.11480223373495, ""WAP1"": -62.25199996872324, ""WAP6"": -58.61157150351731}",4.2800,3.8600,36
3f5bdfea-7e43-4d40-9c4c-0e2c7d19aa5d,Tag2,Carleton University,Canal Building,3,C3,2026-04-01T21:46:12.324969+00:00,0.7470,"{""WAP4"": -65.12334596955507, ""WAP10"": -55.56727550426695, ""WAP1"": -58.36865689107297, ""WAP6"": -58.33579067487502}",4.1300,5.2800,39
85939b0a-9e88-4803-bbb3-907ef1e0b3d7,Tag2,Carleton University,Canal Building,3,C3,2026-04-01T21:46:12.324969+00:00,0.2880,"{""WAP4"": -65.12334596955507, ""WAP10"": -55.56727550426695, ""WAP1"": -58.36865689107297, ""WAP6"": -58.33579067487502}",4.1800,4.8400,39
97e1d7de-423f-48a2-91da-835a6a5fb430,Tag2,Carleton University,Canal Building,3,C3,2026-04-01T21:46:12.324969+00:00,0.7470,"{""WAP4"": -65.07519315812823, ""WAP10"": -55.475947240502954, ""WAP1"": -58.09460818870148, ""WAP6"": -58.46496075879331}",4.1300,5.3600,39
35c81e8c-6580-482a-aae5-4c032471fd34,Tag2,Carleton University,Canal Building,3,C3,2026-04-01T21:46:12.324969+00:00,0.2890,"{""WAP4"": -65.07519315812823, ""WAP10"": -55.475947240502954, ""WAP1"": -58.09460818870148, ""WAP6"": -58.46496075879331}",4.1900,4.9400,39
c1ace66b-fa17-4839-b8e7-33b068013813,Tag2,Carleton University,Canal Building,3,C4,2026-04-01T21:47:53.753984+00:00,0.7750,"{""WAP4"": -64.58385549830602, ""WAP10"": -56.654729010521116, ""WAP1"": -56.041349782168375, ""WAP6"": -58.25979534338199}",3.6500,6.2000,41
043ceecb-2fc0-4d71-9005-92ccb5201943,Tag2,Carleton University,Canal Building,3,C4,2026-04-01T21:47:53.753984+00:00,0.3680,"{""WAP4"": -64.58385549830602, ""WAP10"": -56.654729010521116, ""WAP1"": -56.041349782168375, ""WAP6"": -58.25979534338199}",3.5200,6.1100,41
24b05517-7c81-4092-91f8-6141be717861,Tag2,Carleton University,Canal Building,3,C4,2026-04-01T21:47:53.753984+00:00,0.7710,"{""WAP4"": -64.5511193009937, ""WAP10"": -56.78951873172163, ""WAP1"": -55.83001321340376, ""WAP6"": -58.353568407679894}",3.6100,6.3200,41
aace35e6-209d-44aa-9830-3c7da1261b26,Tag2,Carleton University,Canal Building,3,C4,2026-04-01T21:47:53.753984+00:00,0.3610,"{""WAP4"": -64.5511193009937, ""WAP10"": -56.78951873172163, ""WAP1"": -55.83001321340376, ""WAP6"": -58.353568407679894}",3.4600,6.2600,41
2b3bdf95-efcb-4718-a862-ac41849b21f5,Tag2,Carleton University,Canal Building,3,C4,2026-04-01T21:49:12.931079+00:00,0.7820,"{""WAP4"": -64.46512765369218, ""WAP10"": -57.385495261131155, ""WAP1"": -56.208855930512065, ""WAP6"": -59.62700433994342}",3.7000,6.5700,43
545b1bd4-45a6-4875-a1f7-46558f098838,Tag2,Carleton University,Canal Building,3,C4,2026-04-01T21:49:12.931079+00:00,0.3890,"{""WAP4"": -64.46512765369218, ""WAP10"": -57.385495261131155, ""WAP1"": -56.208855930512065, ""WAP6"": -59.62700433994342}",3.5500,6.5800,43
39c676fb-ae65-4bf9-84e4-5d68392b2d21,Tag2,Carleton University,Canal Building,3,C4,2026-04-01T21:49:12.931079+00:00,0.7840,"{""WAP4"": -64.47874140630873, ""WAP10"": -57.430196560396304, ""WAP1"": -56.32251514067244, ""WAP6"": -59.77261744547513}",3.7200,6.5700,43
5c6109f1-af3c-440d-8b94-a903a03ab37b,Tag2,Carleton University,Canal Building,3,C4,2026-04-01T21:49:12.931079+00:00,0.3940,"{""WAP4"": -64.47874140630873, ""WAP10"": -57.430196560396304, ""WAP1"": -56.32251514067244, ""WAP6"": -59.77261744547513}",3.5800,6.5800,43
9e5fb0d6-0045-4c1f-b957-6da66272cd8b,Tag2,Carleton University,Canal Building,3,C4,2026-04-01T21:50:54.630066+00:00,0.7890,"{""WAP4"": -64.21566081502829, ""WAP10"": -57.33462086914118, ""WAP1"": -56.170205771229355, ""WAP6"": -59.616384712554634}",3.7200,6.6000,46
4f9e4d40-b60f-4edd-95f9-f23f0d540a98,Tag2,Carleton University,Canal Building,3,C4,2026-04-01T21:50:54.630066+00:00,0.4120,"{""WAP4"": -64.21566081502829, ""WAP10"": -57.33462086914118, ""WAP1"": -56.170205771229355, ""WAP6"": -59.616384712554634}",3.5800,6.6100,46
a24bb99b-25d8-48c6-b187-ecbd7b8fce5e,Tag2,Carleton University,Canal Building,3,C4,2026-04-01T21:50:54.630066+00:00,0.7930,"{""WAP4"": -64.13146937694827, ""WAP10"": -57.3341182303506, ""WAP1"": -56.23388884709188, ""WAP6"": -59.636014194273926}",3.7400,6.5900,46
a4b87f59-c285-4e2b-9e38-6a57d91d8671,Tag2,Carleton University,Canal Building,3,C4,2026-04-01T21:50:54.630066+00:00,0.4230,"{""WAP4"": -64.13146937694827, ""WAP10"": -57.3341182303506, ""WAP1"": -56.23388884709188, ""WAP6"": -59.636014194273926}",3.6000,6.6000,46
1935d2cd-2f15-493f-a50c-b3fccc2ac293,Tag2,Carleton University,Canal Building,3,C4,2026-04-01T21:52:12.969811+00:00,0.7520,"{""WAP4"": -65.5766882654997, ""WAP10"": -58.03495913852703, ""WAP1"": -56.579073024172885, ""WAP6"": -63.01134807320443}",3.8700,7.0400,48
3ac4a498-4972-491f-8f20-31343f012023,Tag2,Carleton University,Canal Building,3,C4,2026-04-01T21:52:12.969811+00:00,0.2930,"{""WAP4"": -65.5766882654997, ""WAP10"": -58.03495913852703, ""WAP1"": -56.579073024172885, ""WAP6"": -63.01134807320443}",3.7400,7.1800,48
21bae1ff-c6b7-4f04-bb31-50a5c7a17579,Tag2,Carleton University,Canal Building,3,C4,2026-04-01T21:52:12.969811+00:00,0.7450,"{""WAP4"": -65.74194417292568, ""WAP10"": -58.021311503251965, ""WAP1"": -56.548203848344265, ""WAP6"": -63.397306122498556}",3.8800,7.0800,48
49ab38c2-cb20-4eba-b8a0-5aa3b0e466c2,Tag2,Carleton University,Canal Building,3,C4,2026-04-01T21:52:12.969811+00:00,0.2730,"{""WAP4"": -65.74194417292568, ""WAP10"": -58.021311503251965, ""WAP1"": -56.548203848344265, ""WAP6"": -63.397306122498556}",3.7500,7.2400,48
f762ab4f-f297-4163-a5f0-e04d84b35d85,Tag2,Carleton University,Canal Building,3,C4,2026-04-01T21:53:54.696081+00:00,0.7670,"{""WAP4"": -65.15910413623665, ""WAP10"": -57.04814290420215, ""WAP1"": -56.62612643692657, ""WAP6"": -60.7443973548045}",3.8800,6.4800,51
42e33925-e72f-42ae-9b3d-6cdd9a57a32a,Tag2,Carleton University,Canal Building,3,C4,2026-04-01T21:53:54.696081+00:00,0.3400,"{""WAP4"": -65.15910413623665, ""WAP10"": -57.04814290420215, ""WAP1"": -56.62612643692657, ""WAP6"": -60.7443973548045}",3.8000,6.4500,51
9b6b81e9-dc6e-4440-a0a1-43a0ca612399,Tag2,Carleton University,Canal Building,3,C4,2026-04-01T21:53:54.696081+00:00,0.7700,"{""WAP4"": -65.09699175836919, ""WAP10"": -57.02934848233374, ""WAP1"": -56.64195286437221, ""WAP6"": -60.583922810061296}",3.8700,6.4500,51
f9085465-b700-4ce2-9fab-df9338705bfa,Tag2,Carleton University,Canal Building,3,C4,2026-04-01T21:53:54.696081+00:00,0.3480,"{""WAP4"": -65.09699175836919, ""WAP10"": -57.02934848233374, ""WAP1"": -56.64195286437221, ""WAP6"": -60.583922810061296}",3.7900,6.4100,51
df788994-5529-4ab5-9639-bd7b2a5f6d79,Tag2,Carleton University,Canal Building,3,C4,2026-04-01T21:55:13.355449+00:00,0.7660,"{""WAP4"": -65.03604471184235, ""WAP10"": -56.382533217821006, ""WAP1"": -56.68089991055081, ""WAP6"": -60.905738576191325}",4.0300,6.3400,53
e103f27a-6420-4297-b82f-2fd597cb735c,Tag2,Carleton University,Canal Building,3,C4,2026-04-01T21:55:13.355449+00:00,0.3400,"{""WAP4"": -65.03604471184235, ""WAP10"": -56.382533217821006, ""WAP1"": -56.68089991055081, ""WAP6"": -60.905738576191325}",4.0100,6.2400,53
059ac160-aa32-4611-abe2-ade9b30640d3,Tag2,Carleton University,Canal Building,3,C4,2026-04-01T21:55:13.355449+00:00,0.7640,"{""WAP4"": -65.02197328155127, ""WAP10"": -56.23319676225071, ""WAP1"": -56.80547282111254, ""WAP6"": -60.94253712406328}",4.0800,6.2800,53
64a0485e-a466-4913-ba42-3d21f8d0bc71,Tag2,Carleton University,Canal Building,3,C4,2026-04-01T21:55:13.355449+00:00,0.3340,"{""WAP4"": -65.02197328155127, ""WAP10"": -56.23319676225071, ""WAP1"": -56.80547282111254, ""WAP6"": -60.94253712406328}",4.0800,6.1400,53
0bb38fa7-4610-4cb7-bf2f-ddd1a64c5b43,Tag2,Carleton University,Canal Building,3,C3,2026-04-01T21:56:32.287463+00:00,0.7210,"{""WAP4"": -65.09788463702846, ""WAP10"": -54.16565337156288, ""WAP1"": -56.86302363566719, ""WAP6"": -60.646709184816146}",4.4400,5.6800,55
cfe7fe6d-c8c1-42e0-acd7-98159af8c6fe,Tag2,Carleton University,Canal Building,3,C3,2026-04-01T21:56:32.287463+00:00,0.2240,"{""WAP4"": -65.09788463702846, ""WAP10"": -54.16565337156288, ""WAP1"": -56.86302363566719, ""WAP6"": -60.646709184816146}",4.6100,5.3200,55
2d0535bf-31e6-40f7-a33f-7e3c6688f048,Tag2,Carleton University,Canal Building,3,C3,2026-04-01T21:56:32.287463+00:00,0.7170,"{""WAP4"": -65.05967162945782, ""WAP10"": -53.90579014788296, ""WAP1"": -56.91649759242025, ""WAP6"": -60.58943564976251}",4.5000,5.5900,55
0447a340-8fd0-4af6-b503-d0a860b138bf,Tag2,Carleton University,Canal Building,3,C3,2026-04-01T21:56:32.287463+00:00,0.2160,"{""WAP4"": -65.05967162945782, ""WAP10"": -53.90579014788296, ""WAP1"": -56.91649759242025, ""WAP6"": -60.58943564976251}",4.6900,5.2000,55
c28e4599-e494-4f83-a68a-0edd661e199f,Tag2,Carleton University,Canal Building,3,C4,2026-04-01T21:57:50.794047+00:00,0.7350,"{""WAP4"": -65.01351848380467, ""WAP10"": -54.75210902904524, ""WAP1"": -56.207630627363834, ""WAP6"": -60.90698749858368}",4.2600,6.0600,57
574eec1b-7450-4539-9f0e-1cb0bc503ad6,Tag2,Carleton University,Canal Building,3,C3,2026-04-01T21:57:50.794047+00:00,0.2600,"{""WAP4"": -65.01351848380467, ""WAP10"": -54.75210902904524, ""WAP1"": -56.207630627363834, ""WAP6"": -60.90698749858368}",4.3400,5.8500,57
d29fddde-b01b-471e-b76f-91debcbc813b,Tag2,Carleton University,Canal Building,3,C4,2026-04-01T21:57:50.794047+00:00,0.7370,"{""WAP4"": -65.00824102720215, ""WAP10"": -54.84888273978632, ""WAP1"": -56.12657407981752, ""WAP6"": -60.94329848188694}",4.2300,6.1200,57
3f9a961c-db8e-472a-90da-0aff9c44f0c8,Tag2,Carleton University,Canal Building,3,C3,2026-04-01T21:57:50.794047+00:00,0.2650,"{""WAP4"": -65.00824102720215, ""WAP10"": -54.84888273978632, ""WAP1"": -56.12657407981752, ""WAP6"": -60.94329848188694}",4.3000,5.9200,57
4b9bf1bc-5bc2-4e88-b35c-e709bdd90272,Tag2,Carleton University,Canal Building,3,C3,2026-04-01T21:59:33.030841+00:00,0.7280,"{""WAP4"": -65.00113813767051, ""WAP10"": -54.39244406292465, ""WAP1"": -56.08650809766038, ""WAP6"": -57.944565068671906}",4.0100,5.5900,60
2dc519f5-d18e-463a-8af8-7b65947a753e,Tag2,Carleton University,Canal Building,3,C3,2026-04-01T21:59:33.030841+00:00,0.2450,"{""WAP4"": -65.00113813767051, ""WAP10"": -54.39244406292465, ""WAP1"": -56.08650809766038, ""WAP6"": -57.944565068671906}",4.0500,5.2800,60
d9a2a8c9-2a96-494f-a4d2-f5f64e2128e1,Tag2,Carleton University,Canal Building,3,C3,2026-04-01T21:59:33.030841+00:00,0.7280,"{""WAP4"": -65.00069382215032, ""WAP10"": -54.36936793140953, ""WAP1"": -56.18286575791971, ""WAP6"": -57.445688607638104}",3.9700,5.4800,60
4ffb78a6-bd68-43d8-a477-dd12488d34de,Tag2,Carleton University,Canal Building,3,C3,2026-04-01T21:59:33.030841+00:00,0.2440,"{""WAP4"": -65.00069382215032, ""WAP10"": -54.36936793140953, ""WAP1"": -56.18286575791971, ""WAP6"": -57.445688607638104}",4.0000,5.1400,60
1c665d83-02d2-46f4-8b32-1295a79c5960,Tag2,Carleton University,Canal Building,3,C4,2026-04-01T22:00:51.912789+00:00,0.7450,"{""WAP4"": -64.56697782836426, ""WAP10"": -54.51685889383824, ""WAP1"": -55.70115513801208, ""WAP6"": -60.96823020657455}",4.2600,6.2000,62
6d2dad5b-454d-4b6a-8e91-ff11bf63fd9e,Tag2,Carleton University,Canal Building,3,C4,2026-04-01T22:00:51.912789+00:00,0.2950,"{""WAP4"": -64.56697782836426, ""WAP10"": -54.51685889383824, ""WAP1"": -55.70115513801208, ""WAP6"": -60.96823020657455}",4.3300,6.0200,62
1ebd331b-14d9-4276-8043-3f498a55a343,Tag2,Carleton University,Canal Building,3,C4,2026-04-01T22:00:51.912789+00:00,0.7460,"{""WAP4"": -64.54083047429475, ""WAP10"": -54.51027738056475, ""WAP1"": -55.622626545118656, ""WAP6"": -61.371020962348226}",4.2800,6.2700,62
a01c96f6-8d15-4a30-ae81-8dbb946ab5f8,Tag2,Carleton University,Canal Building,3,C4,2026-04-01T22:00:51.912789+00:00,0.2970,"{""WAP4"": -64.54083047429475, ""WAP10"": -54.51027738056475, ""WAP1"": -55.622626545118656, ""WAP6"": -61.371020962348226}",4.3500,6.1100,62
e4a2f441-226f-46e9-a45e-2a6e9a5eba96,Tag2,Carleton University,Canal Building,3,C4,2026-04-01T22:02:33.345000+00:00,0.7180,"{""WAP4"": -65.24806347550644, ""WAP10"": -55.13854682516245, ""WAP1"": -54.293122349263776, ""WAP6"": -57.28421091667338}",3.5400,6.1600,65
625529a8-8bf0-47ad-9d17-0fe38ecc0cc4,Tag2,Carleton University,Canal Building,3,B4,2026-04-01T22:02:33.345000+00:00,0.2140,"{""WAP4"": -65.24806347550644, ""WAP10"": -55.13854682516245, ""WAP1"": -54.293122349263776, ""WAP6"": -57.28421091667338}",3.4000,6.1200,65
dd98269f-f0a9-412b-a7b0-e785e94d6d88,Tag2,Carleton University,Canal Building,3,C4,2026-04-01T22:02:33.345000+00:00,0.7170,"{""WAP4"": -65.28135182209078, ""WAP10"": -55.08445977902791, ""WAP1"": -54.30882024308369, ""WAP6"": -57.17325832758281}",3.5400,6.1200,65
b5aa12a5-6661-4ab1-a0a4-7c2252fa48ff,Tag2,Carleton University,Canal Building,3,B4,2026-04-01T22:02:33.345000+00:00,0.2110,"{""WAP4"": -65.28135182209078, ""WAP10"": -55.08445977902791, ""WAP1"": -54.30882024308369, ""WAP6"": -57.17325832758281}",3.4000,6.0700,65
ecd5f85a-6ecd-428f-8be2-2a63d0abaf2b,Tag2,Carleton University,Canal Building,3,C4,2026-04-01T22:03:52.662906+00:00,0.7970,"{""WAP4"": -64.1973809601387, ""WAP10"": -57.27793760135982, ""WAP1"": -56.48322544733709, ""WAP6"": -59.699880260946685}",3.7900,6.5100,67
522e068a-547c-4442-ad7c-108f6ee2a241,Tag2,Carleton University,Canal Building,3,C4,2026-04-01T22:03:52.662906+00:00,0.4300,"{""WAP4"": -64.1973809601387, ""WAP10"": -57.27793760135982, ""WAP1"": -56.48322544733709, ""WAP6"": -59.699880260946685}",3.6700,6.4800,67
2b3cdd69-908d-49ae-a76c-9f80288679e2,Tag2,Carleton University,Canal Building,3,C4,2026-04-01T22:03:52.662906+00:00,0.8030,"{""WAP4"": -64.12032576176382, ""WAP10"": -57.36462814216373, ""WAP1"": -56.68496813641179, ""WAP6"": -60.012237568222325}",3.8400,6.5400,67
5fec26b0-2203-4c23-808c-225cb11598c4,Tag2,Carleton University,Canal Building,3,C4,2026-04-01T22:03:52.662906+00:00,0.4490,"{""WAP4"": -64.12032576176382, ""WAP10"": -57.36462814216373, ""WAP1"": -56.68496813641179, ""WAP6"": -60.012237568222325}",3.7300,6.5100,67
682982ab-e83a-45da-8060-21788c5d27f6,Tag2,Carleton University,Canal Building,3,D3,2026-04-01T22:05:34.576536+00:00,0.6520,"{""WAP4"": -66.05188284355275, ""WAP10"": -52.1214454153419, ""WAP1"": -58.4740989463717, ""WAP6"": -62.21925656811336}",5.1900,4.7600,70
1b5454ca-7528-41a4-b36a-9a097b9e7436,Tag2,Carleton University,Canal Building,3,D3,2026-04-01T22:05:34.576536+00:00,0.1000,"{""WAP4"": -66.05188284355275, ""WAP10"": -52.1214454153419, ""WAP1"": -58.4740989463717, ""WAP6"": -62.21925656811336}",5.6400,4.0300,70
a8c6a801-de15-41e1-9553-cbebb257e2da,Tag2,Carleton University,Canal Building,3,D3,2026-04-01T22:05:34.576536+00:00,0.6410,"{""WAP4"": -66.16175779454856, ""WAP10"": -51.68364635465722, ""WAP1"": -58.6794045137598, ""WAP6"": -62.39392019258211}",5.3200,4.5900,70
e88366e4-ba94-4ae5-866d-c902d9c12fe0,Tag2,Carleton University,Canal Building,3,D2,2026-04-01T22:05:34.576536+00:00,0.1000,"{""WAP4"": -66.16175779454856, ""WAP10"": -51.68364635465722, ""WAP1"": -58.6794045137598, ""WAP6"": -62.39392019258211}",5.8100,3.8100,70
15ae320e-9adf-43cf-b614-fe5799f19955,Tag2,Carleton University,Canal Building,3,D3,2026-04-01T22:07:16.015978+00:00,0.6110,"{""WAP4"": -67.05746405234053, ""WAP10"": -51.92833073824242, ""WAP1"": -59.70082183350006, ""WAP6"": -60.60389046383548}",5.1900,4.1600,72
dac01ea3-1b81-456a-88e8-a3292fc2a6ec,Tag2,Carleton University,Canal Building,3,D2,2026-04-01T22:07:16.015978+00:00,0.1000,"{""WAP4"": -67.05746405234053, ""WAP10"": -51.92833073824242, ""WAP1"": -59.70082183350006, ""WAP6"": -60.60389046383548}",5.6800,3.3500,72
ddab91ff-8b0f-49db-bd6b-46eaa8f2a621,Tag2,Carleton University,Canal Building,3,D3,2026-04-01T22:07:16.015978+00:00,0.6050,"{""WAP4"": -67.2302248657997, ""WAP10"": -51.95630957256479, ""WAP1"": -59.817617460357305, ""WAP6"": -60.5633328523289}",5.1900,4.1200,72
cfcb2681-ed28-4efb-aeb7-8f6a72acc91f,Tag2,Carleton University,Canal Building,3,D2,2026-04-01T22:07:16.015978+00:00,0.1000,"{""WAP4"": -67.2302248657997, ""WAP10"": -51.95630957256479, ""WAP1"": -59.817617460357305, ""WAP6"": -60.5633328523289}",5.6800,3.3100,72
28ce5dff-bfc8-402e-bcb3-632fecdd1674,Tag2,Carleton University,Canal Building,3,D3,2026-04-01T22:08:34.392588+00:00,0.6180,"{""WAP4"": -66.71188424560803, ""WAP10"": -51.55692266874057, ""WAP1"": -59.339688987179166, ""WAP6"": -62.88115747062349}",5.4600,4.3700,74
40aaf44e-6133-4e1a-be4b-8f86a941ef88,Tag2,Carleton University,Canal Building,3,D2,2026-04-01T22:08:34.392588+00:00,0.1000,"{""WAP4"": -66.71188424560803, ""WAP10"": -51.55692266874057, ""WAP1"": -59.339688987179166, ""WAP6"": -62.88115747062349}",6.0000,3.5300,74
9bdbc234-e4e1-4fc6-860c-8c5d5af814a7,Tag2,Carleton University,Canal Building,3,D3,2026-04-01T22:08:34.392588+00:00,0.6210,"{""WAP4"": -66.62916713567826, ""WAP10"": -51.534700730369465, ""WAP1"": -59.40227251542782, ""WAP6"": -63.12274629373189}",5.5000,4.3800,74
7172f7d9-d82f-4ff2-9267-a5d708e20750,Tag2,Carleton University,Canal Building,3,D2,2026-04-01T22:08:34.392588+00:00,0.1000,"{""WAP4"": -66.62916713567826, ""WAP10"": -51.534700730369465, ""WAP1"": -59.40227251542782, ""WAP6"": -63.12274629373189}",6.0500,3.5300,74
5dfae307-6505-4942-a35d-62f19579cf44,Tag2,Carleton University,Canal Building,3,C3,2026-04-01T22:10:16.092598+00:00,0.6230,"{""WAP4"": -66.58067099482591, ""WAP10"": -51.56762459031321, ""WAP1"": -57.145955666814565, ""WAP6"": -62.741744015536945}",5.1300,4.9400,77
96652ccb-f73c-43a0-aa63-6f2483be2c12,Tag2,Carleton University,Canal Building,3,D3,2026-04-01T22:10:16.092598+00:00,0.1000,"{""WAP4"": -66.58067099482591, ""WAP10"": -51.56762459031321, ""WAP1"": -57.145955666814565, ""WAP6"": -62.741744015536945}",5.5600,4.2800,77
2b28f008-fd07-4629-a599-fdc1108dd8fb,Tag2,Carleton University,Canal Building,3,C3,2026-04-01T22:10:16.092598+00:00,0.6230,"{""WAP4"": -66.61424269063899, ""WAP10"": -51.60628944854225, ""WAP1"": -57.08897629629965, ""WAP6"": -62.71243470421029}",5.1100,4.9700,77
0a777a98-5514-4b48-93d7-d880d93b009c,Tag2,Carleton University,Canal Building,3,D3,2026-04-01T22:10:16.092598+00:00,0.1000,"{""WAP4"": -66.61424269063899, ""WAP10"": -51.60628944854225, ""WAP1"": -57.08897629629965, ""WAP6"": -62.71243470421029}",5.5400,4.3100,77
98b788db-d14a-4cc8-be3b-662c1d95078c,Tag2,Carleton University,Canal Building,3,D3,2026-04-01T22:11:35.423450+00:00,0.6270,"{""WAP4"": -66.66524139800067, ""WAP10"": -52.00371232741578, ""WAP1"": -58.72152099478111, ""WAP6"": -62.74903940768568}",5.2700,4.6400,79
86c622b4-0ae1-4cc6-afae-c8ff0b17b450,Tag2,Carleton University,Canal Building,3,D2,2026-04-01T22:11:35.423450+00:00,0.1000,"{""WAP4"": -66.66524139800067, ""WAP10"": -52.00371232741578, ""WAP1"": -58.72152099478111, ""WAP6"": -62.74903940768568}",5.7600,3.8800,79
7c795e82-829b-4bef-957b-55d24030037e,Tag2,Carleton University,Canal Building,3,D3,2026-04-01T22:11:35.423450+00:00,0.6300,"{""WAP4"": -66.60073310554057, ""WAP10"": -52.00226307858624, ""WAP1"": -59.025430014859154, ""WAP6"": -62.84701146239383}",5.3300,4.5800,79
076f8f5c-9e70-4f7a-a31e-8e0444bc45a6,Tag2,Carleton University,Canal Building,3,D2,2026-04-01T22:11:35.423450+00:00,0.1000,"{""WAP4"": -66.60073310554057, ""WAP10"": -52.00226307858624, ""WAP1"": -59.025430014859154, ""WAP6"": -62.84701146239383}",5.8300,3.8000,79
a3589609-cc62-4fee-91ba-9e3ad7568df4,Tag2,Carleton University,Canal Building,3,C3,2026-04-01T22:13:16.851753+00:00,0.5590,"{""WAP4"": -68.76155279263969, ""WAP10"": -52.91884323919441, ""WAP1"": -58.29116194906973, ""WAP6"": -61.84176958900864}",4.8600,4.7300,82
44d7d739-2d45-4b6c-954b-1f61bacb2f17,Tag2,Carleton University,Canal Building,3,D3,2026-04-01T22:13:16.851753+00:00,0.1000,"{""WAP4"": -68.76155279263969, ""WAP10"": -52.91884323919441, ""WAP1"": -58.29116194906973, ""WAP6"": -61.84176958900864}",5.2700,4.1100,82
6dbb5b27-ac9f-4502-910d-76e812131304,Tag2,Carleton University,Canal Building,3,C3,2026-04-01T22:13:16.851753+00:00,0.5550,"{""WAP4"": -68.85463976947966, ""WAP10"": -52.950525881223015, ""WAP1"": -58.17749575893155, ""WAP6"": -61.7734114737801}",4.8300,4.7600,82
e1738db2-f684-4f71-a1e4-58042947d632,Tag2,Carleton University,Canal Building,3,D3,2026-04-01T22:13:16.851753+00:00,0.1000,"{""WAP4"": -68.85463976947966, ""WAP10"": -52.950525881223015, ""WAP1"": -58.17749575893155, ""WAP6"": -61.7734114737801}",5.2200,4.1500,82
3a4ac927-99f1-47b9-a3db-14e5b291ade6,Tag2,Carleton University,Canal Building,3,C3,2026-04-01T22:14:58.264485+00:00,0.5170,"{""WAP4"": -69.74052101698105, ""WAP10"": -52.988791741075055, ""WAP1"": -59.15393609120598, ""WAP6"": -61.515487484067535}",4.9100,4.4100,84
db4c1516-27a1-413a-8b1e-c571027bed51,Tag2,Carleton University,Canal Building,3,D2,2026-04-01T22:14:58.264485+00:00,0.1000,"{""WAP4"": -69.74052101698105, ""WAP10"": -52.988791741075055, ""WAP1"": -59.15393609120598, ""WAP6"": -61.515487484067535}",5.3500,3.7300,84
e800553d-0adf-4e63-8c12-90fc9c4e723c,Tag2,Carleton University,Canal Building,3,C3,2026-04-01T22:14:58.264485+00:00,0.5120,"{""WAP4"": -69.84181855093055, ""WAP10"": -52.99316731313779, ""WAP1"": -59.28903535875321, ""WAP6"": -61.50944135299029}",4.9200,4.3600,84
79db8d89-a2bd-4582-88b4-cc327f9be69e,Tag2,Carleton University,Canal Building,3,D2,2026-04-01T22:14:58.264485+00:00,0.1000,"{""WAP4"": -69.84181855093055, ""WAP10"": -52.99316731313779, ""WAP1"": -59.28903535875321, ""WAP6"": -61.50944135299029}",5.3700,3.6700,84
af2b6e40-77a7-4ff4-a6c0-62b557edaf73,Tag2,Carleton University,Canal Building,3,C3,2026-04-01T22:16:16.681622+00:00,0.5670,"{""WAP4"": -68.41726017000241, ""WAP10"": -52.565272713368806, ""WAP1"": -57.08539685400826, ""WAP6"": -63.776041827601865}",4.9300,5.1800,86
544b8003-8a3e-48e4-a11e-2135fe8c7e4c,Tag2,Carleton University,Canal Building,3,D3,2026-04-01T22:16:16.681622+00:00,0.1000,"{""WAP4"": -68.41726017000241, ""WAP10"": -52.565272713368806, ""WAP1"": -57.08539685400826, ""WAP6"": -63.776041827601865}",5.3100,4.6300,86
97f5e882-6b58-40a8-a525-8dbd06b98c63,Tag2,Carleton University,Canal Building,3,C3,2026-04-01T22:16:16.681622+00:00,0.5730,"{""WAP4"": -68.25436672196732, ""WAP10"": -52.539791016078624, ""WAP1"": -56.85686482801175, ""WAP6"": -64.05866655771793}",4.9200,5.2700,86
627f2152-107b-48b9-8e12-b78794c70ce9,Tag2,Carleton University,Canal Building,3,D3,2026-04-01T22:16:16.681622+00:00,0.1000,"{""WAP4"": -68.25436672196732, ""WAP10"": -52.539791016078624, ""WAP1"": -56.85686482801175, ""WAP6"": -64.05866655771793}",5.2900,4.7400,86
0f99dc31-3425-4513-a85e-60e78d06f3e7,Tag2,Carleton University,Canal Building,3,C3,2026-04-01T22:17:58.628326+00:00,0.6390,"{""WAP4"": -66.89802791152445, ""WAP10"": -53.21165026521541, ""WAP1"": -57.07313876851202, ""WAP6"": -63.20284548890822}",4.8100,5.4500,89
d509ec8d-6b21-4886-9c98-1af30c16b517,Tag2,Carleton University,Canal Building,3,C3,2026-04-01T22:17:58.628326+00:00,0.1000,"{""WAP4"": -66.89802791152445, ""WAP10"": -53.21165026521541, ""WAP1"": -57.07313876851202, ""WAP6"": -63.20284548890822}",5.1200,4.9700,89
0541b06d-a2e7-4d07-83bc-c7c13162bcec,Tag2,Carleton University,Canal Building,3,C3,2026-04-01T22:17:58.628326+00:00,0.6430,"{""WAP4"": -66.80770721085379, ""WAP10"": -53.2591538995381, ""WAP1"": -57.04458625608819, ""WAP6"": -63.123657002965665}",4.7900,5.4700,89
01c87344-0b91-499b-a69f-447fd2b15d26,Tag2,Carleton University,Canal Building,3,C3,2026-04-01T22:17:58.628326+00:00,0.1000,"{""WAP4"": -66.80770721085379, ""WAP10"": -53.2591538995381, ""WAP1"": -57.04458625608819, ""WAP6"": -63.123657002965665}",5.0900,5.0000,89
648d2166-a997-4fbe-a0ba-dc216475da44,Tag2,Carleton University,Canal Building,3,C3,2026-04-01T22:19:17.707285+00:00,0.5900,"{""WAP4"": -67.63698190753455, ""WAP10"": -52.0378926183488, ""WAP1"": -56.57692156817374, ""WAP6"": -61.574016722051475}",4.8000,5.0500,91
2b99c8b7-9cfb-4c26-8ed2-fad3d4412f35,Tag2,Carleton University,Canal Building,3,D3,2026-04-01T22:19:17.707285+00:00,0.1000,"{""WAP4"": -67.63698190753455, ""WAP10"": -52.0378926183488, ""WAP1"": -56.57692156817374, ""WAP6"": -61.574016722051475}",5.1700,4.5000,91
97fbd307-453f-46b1-aa1b-a0f2c3851b46,Tag2,Carleton University,Canal Building,3,C3,2026-04-01T22:19:17.707285+00:00,0.5810,"{""WAP4"": -67.77869988838202, ""WAP10"": -51.82790568555588, ""WAP1"": -56.5468922953869, ""WAP6"": -61.349927365321776}",4.8200,4.9600,91
7b5fd7ab-7c85-4b29-b50a-b48037b8c335,Tag2,Carleton University,Canal Building,3,D3,2026-04-01T22:19:17.707285+00:00,0.1000,"{""WAP4"": -67.77869988838202, ""WAP10"": -51.82790568555588, ""WAP1"": -56.5468922953869, ""WAP6"": -61.349927365321776}",5.1900,4.4100,91
97827f70-3546-41ce-8bbf-13441fe75c6b,Tag2,Carleton University,Canal Building,3,C3,2026-04-01T22:20:59.276011+00:00,0.6060,"{""WAP4"": -68.09510146575309, ""WAP10"": -54.035377006764456, ""WAP1"": -54.699489167617195, ""WAP6"": -58.624580088307944}",3.8100,5.7600,94
3afa9d09-d4ca-4e33-9aac-d3153ddbbd17,Tag2,Carleton University,Canal Building,3,C3,2026-04-01T22:20:59.276011+00:00,0.1000,"{""WAP4"": -68.09510146575309, ""WAP10"": -54.035377006764456, ""WAP1"": -54.699489167617195, ""WAP6"": -58.624580088307944}",3.8300,5.6400,94
72f81711-0353-4a24-ba30-b18aeb563657,Tag2,Carleton University,Canal Building,3,C3,2026-04-01T22:20:59.276011+00:00,0.6020,"{""WAP4"": -68.18810437648324, ""WAP10"": -54.021566240659006, ""WAP1"": -54.55654624937911, ""WAP6"": -58.51088079094493}",3.7700,5.7800,94
b0d053b6-739d-4833-8746-bdc1ac9e2b18,Tag2,Carleton University,Canal Building,3,C3,2026-04-01T22:20:59.276011+00:00,0.1000,"{""WAP4"": -68.18810437648324, ""WAP10"": -54.021566240659006, ""WAP1"": -54.55654624937911, ""WAP6"": -58.51088079094493}",3.7800,5.6700,94
2577cf2e-3dd2-4db2-8fe2-f282a0bc23e8,Tag2,Carleton University,Canal Building,3,C3,2026-04-01T22:22:18.089905+00:00,0.5200,"{""WAP4"": -69.58951880709789, ""WAP10"": -52.79825435594754, ""WAP1"": -57.99334477522495, ""WAP6"": -63.189630791508584}",4.9400,4.8400,96
2433d02e-b5a4-483e-bf58-3820d175f7b5,Tag2,Carleton University,Canal Building,3,D3,2026-04-01T22:22:18.089905+00:00,0.1000,"{""WAP4"": -69.58951880709789, ""WAP10"": -52.79825435594754, ""WAP1"": -57.99334477522495, ""WAP6"": -63.189630791508584}",5.3600,4.2300,96
d45ce5ba-ea28-4ef1-8e91-6f1d6e384694,Tag2,Carleton University,Canal Building,3,C3,2026-04-01T22:22:18.089905+00:00,0.5110,"{""WAP4"": -69.74976582244324, ""WAP10"": -52.68181937383195, ""WAP1"": -58.38633109966899, ""WAP6"": -63.70118347234305}",5.0700,4.7200,96
b0e5a532-ece4-4a65-a8ae-a7b21bf3fa4b,Tag2,Carleton University,Canal Building,3,D3,2026-04-01T22:22:18.089905+00:00,0.1000,"{""WAP4"": -69.74976582244324, ""WAP10"": -52.68181937383195, ""WAP1"": -58.38633109966899, ""WAP6"": -63.70118347234305}",5.5300,4.0700,96
be114bf1-7456-456a-a45b-83c9d2c91292,Tag2,Carleton University,Canal Building,3,C3,2026-04-01T22:23:36.498853+00:00,0.5850,"{""WAP4"": -68.6502594232955, ""WAP10"": -54.13850254832274, ""WAP1"": -57.84953725479359, ""WAP6"": -62.00383147528193}",4.5600,5.2100,98
e3158c2c-f0ab-4450-9d45-d7ef910c8cfe,Tag2,Carleton University,Canal Building,3,C3,2026-04-01T22:23:36.498853+00:00,0.1000,"{""WAP4"": -68.6502594232955, ""WAP10"": -54.13850254832274, ""WAP1"": -57.84953725479359, ""WAP6"": -62.00383147528193}",4.8400,4.7500,98
e49f8eb9-99b0-4bc4-8588-aa44795c8b70,Tag2,Carleton University,Canal Building,3,C3,2026-04-01T22:23:36.498853+00:00,0.6020,"{""WAP4"": -68.39640581541987, ""WAP10"": -54.474820990546306, ""WAP1"": -57.90827613554359, ""WAP6"": -61.61194750932879}",4.4700,5.2600,98
6aa4e5c6-95a0-494d-8acb-43eccdb59834,Tag2,Carleton University,Canal Building,3,C3,2026-04-01T22:23:36.498853+00:00,0.1000,"{""WAP4"": -68.39640581541987, ""WAP10"": -54.474820990546306, ""WAP1"": -57.90827613554359, ""WAP6"": -61.61194750932879}",4.7200,4.8200,98
c99f1a3e-a3f1-47e6-94c3-4b1a8f2c13fc,Tag2,Carleton University,Canal Building,3,C3,2026-04-01T22:24:55.229211+00:00,0.5820,"{""WAP4"": -68.5229842703434, ""WAP10"": -53.67439035430918, ""WAP1"": -57.886313513182344, ""WAP6"": -60.61254944683328}",4.5300,4.9300,100
92d957b1-b939-4619-a2f0-d95b625dda9f,Tag2,Carleton University,Canal Building,3,C3,2026-04-01T22:24:55.229211+00:00,0.1000,"{""WAP4"": -68.5229842703434, ""WAP10"": -53.67439035430918, ""WAP1"": -57.886313513182344, ""WAP6"": -60.61254944683328}",4.8200,4.4200,100
e4b0ec56-0b58-4572-800f-3f8ade45a458,Tag2,Carleton University,Canal Building,3,C3,2026-04-01T22:24:55.229211+00:00,0.5810,"{""WAP4"": -68.51401148234213, ""WAP10"": -53.606310417234624, ""WAP1"": -57.93069537649946, ""WAP6"": -60.56861147051263}",4.5500,4.9000,100
c7380194-8f68-4c1f-bf05-02c419c0ef36,Tag2,Carleton University,Canal Building,3,C3,2026-04-01T22:24:55.229211+00:00,0.1000,"{""WAP4"": -68.51401148234213, ""WAP10"": -53.606310417234624, ""WAP1"": -57.93069537649946, ""WAP6"": -60.56861147051263}",4.8400,4.3700,100
49d92e92-1439-4eba-8971-c4b4bac40306,Tag2,Carleton University,Canal Building,3,C3,2026-04-01T22:26:37.433090+00:00,0.5830,"{""WAP4"": -67.63384614096358, ""WAP10"": -51.57851889354975, ""WAP1"": -57.532919192710885, ""WAP6"": -61.15899357005312}",5.0100,4.6200,103
7ec026f7-7592-448b-b7ac-3255b7ef1db0,Tag2,Carleton University,Canal Building,3,D2,2026-04-01T22:26:37.433090+00:00,0.1000,"{""WAP4"": -67.63384614096358, ""WAP10"": -51.57851889354975, ""WAP1"": -57.532919192710885, ""WAP6"": -61.15899357005312}",5.4500,3.9400,103
97c157f2-6c2a-4850-9d2a-347a140da52c,Tag2,Carleton University,Canal Building,3,C3,2026-04-01T22:26:37.433090+00:00,0.5860,"{""WAP4"": -67.51652948595355, ""WAP10"": -51.48280134324574, ""WAP1"": -57.45500322768392, ""WAP6"": -61.227053756986784}",5.0200,4.6300,103
bc140904-8d1c-4b2e-ac9f-255cff80d9b0,Tag2,Carleton University,Canal Building,3,D2,2026-04-01T22:26:37.433090+00:00,0.1000,"{""WAP4"": -67.51652948595355, ""WAP10"": -51.48280134324574, ""WAP1"": -57.45500322768392, ""WAP6"": -61.227053756986784}",5.4700,3.9500,103
1d25e902-2cb1-4dc6-ae20-f1f1000c81a4,Tag2,Carleton University,Canal Building,3,D3,2026-04-01T22:27:56.418775+00:00,0.6480,"{""WAP4"": -65.91038725186837, ""WAP10"": -51.542556997857666, ""WAP1"": -59.17607017918907, ""WAP6"": -60.711165837488146}",5.2500,4.3200,105
85966d7f-f652-443c-af42-dd4348d1897c,Tag2,Carleton University,Canal Building,3,D2,2026-04-01T22:27:56.418775+00:00,0.1000,"{""WAP4"": -65.91038725186837, ""WAP10"": -51.542556997857666, ""WAP1"": -59.17607017918907, ""WAP6"": -60.711165837488146}",5.7500,3.5100,105
ad514374-9edb-4430-bf47-fa6af820ca34,Tag2,Carleton University,Canal Building,3,D3,2026-04-01T22:27:56.418775+00:00,0.6530,"{""WAP4"": -65.75017690999438, ""WAP10"": -51.52594324793033, ""WAP1"": -59.30252855989906, ""WAP6"": -60.62872918561346}",5.2700,4.2900,105
4ca9dbea-682f-4b33-bc5b-a30fabd3d353,Tag2,Carleton University,Canal Building,3,D2,2026-04-01T22:27:56.418775+00:00,0.1000,"{""WAP4"": -65.75017690999438, ""WAP10"": -51.52594324793033, ""WAP1"": -59.30252855989906, ""WAP6"": -60.62872918561346}",5.7700,3.4800,105
7bdc21d4-e2ef-420e-9436-f36191bf1328,Tag2,Carleton University,Canal Building,3,C3,2026-04-01T22:29:38.422601+00:00,0.6870,"{""WAP4"": -67.13886924719267, ""WAP10"": -56.267877559720205, ""WAP1"": -57.78789351418084, ""WAP6"": -59.89213962957136}",3.9800,5.6200,108
9129cc51-1990-439c-b455-8f258257f98a,Tag2,Carleton University,Canal Building,3,C3,2026-04-01T22:29:38.422601+00:00,0.1000,"{""WAP4"": -67.13886924719267, ""WAP10"": -56.267877559720205, ""WAP1"": -57.78789351418084, ""WAP6"": -59.89213962957136}",4.0100,5.3400,108
d6555526-df2c-4fd9-b7e2-f190799df12f,Tag2,Carleton University,Canal Building,3,C3,2026-04-01T22:29:38.422601+00:00,0.6880,"{""WAP4"": -67.21478573236848, ""WAP10"": -56.423560122637646, ""WAP1"": -57.87069738406731, ""WAP6"": -59.67398824364492}",3.9300,5.5900,108
277dbef6-22ba-439a-8fee-9e32fe60783c,Tag2,Carleton University,Canal Building,3,C3,2026-04-01T22:29:38.422601+00:00,0.1000,"{""WAP4"": -67.21478573236848, ""WAP10"": -56.423560122637646, ""WAP1"": -57.87069738406731, ""WAP6"": -59.67398824364492}",3.9500,5.3100,108
be793ae7-1b1c-4d95-8285-41fb0908118d,Tag2,Carleton University,Canal Building,3,C3,2026-04-01T22:30:57.437469+00:00,0.6290,"{""WAP4"": -67.04865926187837, ""WAP10"": -53.00214836464485, ""WAP1"": -55.65035053420228, ""WAP6"": -57.605786486711175}",4.0900,5.1600,110
5378c3de-4e3f-4d36-90ee-2dab58d6d57f,Tag2,Carleton University,Canal Building,3,C3,2026-04-01T22:30:57.437469+00:00,0.1000,"{""WAP4"": -67.04865926187837, ""WAP10"": -53.00214836464485, ""WAP1"": -55.65035053420228, ""WAP6"": -57.605786486711175}",4.2300,4.7800,110
e6f958f4-357f-41e6-b213-3675eeaa3692,Tag2,Carleton University,Canal Building,3,C3,2026-04-01T22:30:57.437469+00:00,0.6230,"{""WAP4"": -67.02966326006452, ""WAP10"": -52.61092146522912, ""WAP1"": -55.39646135770346, ""WAP6"": -57.36929458863982}",4.1100,5.1100,110
3e374560-7dad-43af-a0ed-f104e2ef7905,Tag2,Carleton University,Canal Building,3,C3,2026-04-01T22:30:57.437469+00:00,0.1000,"{""WAP4"": -67.02966326006452, ""WAP10"": -52.61092146522912, ""WAP1"": -55.39646135770346, ""WAP6"": -57.36929458863982}",4.2600,4.7200,110
95e3f96a-40a6-41dd-b011-96af8fb200b1,Tag3,Carleton University,Canal Building,1,Lobby,2026-04-05T02:19:44.608806+00:00,0.0670,"{""WAP10"": -64.53076923076924, ""WAP1"": -74.0}",14.9200,38.3700,2
80553661-8086-4c0f-a4ca-4b86de903eba,Tag3,Carleton University,Canal Building,1,Lobby,2026-04-05T02:20:55.969485+00:00,0.0670,"{""WAP10"": -64.2057498057498, ""WAP1"": -73.56205646205646}",14.9000,38.3000,4
e07b47a0-3ef6-4c56-bf14-9f8fcb221055,Tag3,Carleton University,Canal Building,1,Lobby,2026-04-05T02:22:06.146162+00:00,0.0670,"{""WAP10"": -64.04649569397944, ""WAP1"": -73.46760950699105}",14.9100,38.3400,6
209a65e4-0d7a-4d08-b036-a9ba8ff318c5,Tag2,Carleton University,Canal Building,1,Hall 1,2026-04-05T02:23:16.370064+00:00,0.1000,"{""WAP10"": -75.0, ""WAP6"": -79.0, ""WAP1"": -58.0}",11.1000,19.3400,8
7771d45b-0ebd-49eb-b9af-c2eab5ef2525,Tag2,Carleton University,Canal Building,1,Hall 1,2026-04-05T02:23:16.370064+00:00,0.1000,"{""WAP10"": -75.0, ""WAP6"": -79.0, ""WAP1"": -58.0}",10.5400,18.3100,8
ff4b7275-7c5b-4b6c-a418-e02413fc42dc,Tag3,Carleton University,Canal Building,1,Lobby,2026-04-05T02:23:16.370064+00:00,0.0670,"{""WAP10"": -64.78401328386457, ""WAP1"": -73.53911424843976}",14.8100,37.9100,8
16e0dc16-be60-4c5d-8128-66a3f548371b,Tag2,Carleton University,Canal Building,1,Hall 1,2026-04-05T02:23:16.370064+00:00,0.1000,"{""WAP10"": -75.0, ""WAP6"": -79.0, ""WAP1"": -58.0}",11.1000,19.3400,8
c2dd33f0-82af-41e1-acd9-7ab6d9a92c07,Tag2,Carleton University,Canal Building,1,Hall 1,2026-04-05T02:23:16.370064+00:00,0.1000,"{""WAP10"": -75.0, ""WAP6"": -79.0, ""WAP1"": -58.0}",10.5400,18.3100,8
cb8f6f50-cb08-48fc-8719-b25f5be7693e,Tag2,Carleton University,Canal Building,1,Hall 1,2026-04-05T02:24:54.180825+00:00,0.2240,"{""WAP10"": -69.06597520511345, ""WAP6"": -75.52458602942914, ""WAP1"": -53.87749676205789}",11.2000,20.0100,11
5b977afd-cdda-4e65-8db7-aa10881c58cd,Tag2,Carleton University,Canal Building,1,Hall 1,2026-04-05T02:24:54.180825+00:00,0.1000,"{""WAP10"": -69.06597520511345, ""WAP6"": -75.52458602942914, ""WAP1"": -53.87749676205789}",10.6400,18.8600,11
eced6562-1620-454b-ac4b-952f0ce1883e,Tag3,Carleton University,Canal Building,1,Lobby,2026-04-05T02:24:54.180825+00:00,0.0670,"{""WAP10"": -63.8330681147567, ""WAP1"": -73.66114090111152}",14.9700,38.5900,11
eb4a35cd-a96d-4d34-853a-a6f39d9be2e7,Tag2,Carleton University,Canal Building,1,Hall 1,2026-04-05T02:24:54.180825+00:00,0.2330,"{""WAP10"": -68.64943118592063, ""WAP6"": -75.31959704651227, ""WAP1"": -53.66485764942999}",11.2200,20.0900,11
2f5cc764-4a18-4c86-9c9f-a47c152ac02a,Tag2,Carleton University,Canal Building,1,Hall 1,2026-04-05T02:24:54.180825+00:00,0.1000,"{""WAP10"": -68.64943118592063, ""WAP6"": -75.31959704651227, ""WAP1"": -53.66485764942999}",10.6500,18.9300,11
1982c4b2-2b22-47ec-bf47-a58940933e81,Tag2,Carleton University,Canal Building,1,Hall 1,2026-04-05T02:26:32.397665+00:00,0.3050,"{""WAP10"": -68.73300787003292, ""WAP6"": -74.03264728415634, ""WAP1"": -53.367011621745824}",11.2400,19.8700,14
9b5d622f-b537-4502-90d8-8cbe03b3e435,Tag2,Carleton University,Canal Building,1,Hall 1,2026-04-05T02:26:32.397665+00:00,0.1000,"{""WAP10"": -68.73300787003292, ""WAP6"": -74.03264728415634, ""WAP1"": -53.367011621745824}",10.6600,18.7600,14
4bca1622-e7dd-46c2-b652-697c6bf69b80,Tag3,Carleton University,Canal Building,1,Lobby,2026-04-05T02:26:32.397665+00:00,0.0670,"{""WAP10"": -63.15132158522409, ""WAP1"": -73.09130770338753}",14.9900,38.6600,14
6a8ccb40-7bf7-49fd-89a0-1fabcd605e62,Tag2,Carleton University,Canal Building,1,Hall 1,2026-04-05T02:26:32.397665+00:00,0.3050,"{""WAP10"": -68.70710887051838, ""WAP6"": -74.01990208277903, ""WAP1"": -53.35386392572906}",11.2400,19.8700,14
27641489-0542-4160-98ae-3aaa34327200,Tag2,Carleton University,Canal Building,1,Hall 1,2026-04-05T02:26:32.397665+00:00,0.1000,"{""WAP10"": -68.70710887051838, ""WAP6"": -74.01990208277903, ""WAP1"": -53.35386392572906}",10.6600,18.7600,14
a64e4cfc-2461-453d-bdc7-67c5359b38be,Tag2,Carleton University,Canal Building,1,Hall 1,2026-04-05T02:28:10.138261+00:00,0.2880,"{""WAP10"": -69.50996625215306, ""WAP6"": -74.3708633311497, ""WAP1"": -53.54265003606126}",11.1800,19.6700,17
f34acd16-5553-4fdb-998e-b8d8910d82a3,Tag2,Carleton University,Canal Building,1,Hall 1,2026-04-05T02:28:10.138261+00:00,0.1000,"{""WAP10"": -69.50996625215306, ""WAP6"": -74.3708633311497, ""WAP1"": -53.54265003606126}",10.6100,18.5900,17
78a8eeed-f012-4b5a-bcd9-da23d1b4c6b6,Tag3,Carleton University,Canal Building,1,Lobby,2026-04-05T02:28:10.138261+00:00,0.0670,"{""WAP10"": -63.51467752015682, ""WAP1"": -73.28781818736431}",14.9700,38.5600,17
bad7a844-b825-4aab-a362-c2adc20807e0,Tag2,Carleton University,Canal Building,1,Hall 1,2026-04-05T02:28:10.138261+00:00,0.2900,"{""WAP10"": -69.57114024836834, ""WAP6"": -74.35621206202892, ""WAP1"": -53.59106466798699}",11.1900,19.6600,17
1b7141be-77ae-409b-b107-5b214a2641a5,Tag2,Carleton University,Canal Building,1,Hall 1,2026-04-05T02:28:10.138261+00:00,0.1000,"{""WAP10"": -69.57114024836834, ""WAP6"": -74.35621206202892, ""WAP1"": -53.59106466798699}",10.6100,18.5800,17
ebc32649-b050-4973-afac-de1ef216d529,Tag3,Carleton University,Canal Building,1,Lobby,2026-04-05T02:35:30.576659+00:00,0.0670,"{""WAP1"": -74.12307692307692, ""WAP10"": -64.0}",15.0100,38.7700,2
78863a00-1fad-4e27-a5c2-eeea514e5dbc,Tag2,Carleton University,Canal Building,1,Hall 1,2026-04-05T02:35:30.576659+00:00,0.3680,"{""WAP6"": -73.93846153846154, ""WAP1"": -56.40769230769231, ""WAP10"": -69.53076923076924}",11.5900,20.4300,2
24c1b631-986c-4261-a847-c2efede50c0a,Tag2,Carleton University,Canal Building,1,Hall 1,2026-04-05T02:35:30.576659+00:00,0.1000,"{""WAP6"": -73.93846153846154, ""WAP1"": -56.40769230769231, ""WAP10"": -69.53076923076924}",10.9700,19.3600,2
527b5544-46e1-4755-9b44-c98233dc6ece,Tag2,Carleton University,Canal Building,1,Hall 1,2026-04-05T02:35:30.576659+00:00,0.3680,"{""WAP6"": -73.96371882086167, ""WAP1"": -56.445578231292515, ""WAP10"": -69.51814058956917}",11.5900,20.4500,2
b9e840aa-7e19-4b2d-90d8-2803487d769b,Tag2,Carleton University,Canal Building,1,Hall 1,2026-04-05T02:35:30.576659+00:00,0.1000,"{""WAP6"": -73.96371882086167, ""WAP1"": -56.445578231292515, ""WAP10"": -69.51814058956917}",10.9700,19.3700,2
a795c95b-5f91-44ed-a2c4-a0b1b998bf18,Tag3,Carleton University,Canal Building,1,Lobby,2026-04-05T02:37:26.136503+00:00,0.0670,"{""WAP1"": -73.25064824520614, ""WAP10"": -64.68521685673979}",14.7800,37.7800,5
5dc0f319-2f74-486c-b0b0-893d5084f56d,Tag2,Carleton University,Canal Building,1,Hall 1,2026-04-05T02:37:26.136503+00:00,0.3430,"{""WAP6"": -73.58786097816575, ""WAP1"": -54.09297412277069, ""WAP10"": -69.07021915877698}",11.3200,19.9000,5
21b00928-8e88-4312-b909-e80609629201,Tag2,Carleton University,Canal Building,1,Hall 1,2026-04-05T02:37:26.136503+00:00,0.1000,"{""WAP6"": -73.58786097816575, ""WAP1"": -54.09297412277069, ""WAP10"": -69.07021915877698}",10.7300,18.8200,5
0c7dad41-deac-4a30-952f-e044ec8038a8,Tag2,Carleton University,Canal Building,1,Hall 1,2026-04-05T02:37:26.136503+00:00,0.3330,"{""WAP6"": -73.74881263209107, ""WAP1"": -54.05666516380437, ""WAP10"": -69.04279664078268}",11.3100,19.9200,5
6ceb5d36-9e18-47ed-9407-78faeabe6b08,Tag2,Carleton University,Canal Building,1,Hall 1,2026-04-05T02:37:26.136503+00:00,0.1000,"{""WAP6"": -73.74881263209107, ""WAP1"": -54.05666516380437, ""WAP10"": -69.04279664078268}",10.7200,18.8300,5
40625a6b-c376-43ce-8960-a0baadf47394,Tag3,Carleton University,Canal Building,1,Lobby,2026-04-05T02:42:38.263041+00:00,0.0670,"{""WAP1"": -73.25729036334351, ""WAP10"": -64.8109534352715}",14.7600,37.7000,12
e7682362-1fcf-4fa5-bf78-725303e851b5,Tag2,Carleton University,Canal Building,1,Hall 1,2026-04-05T02:42:38.263041+00:00,0.1000,"{""WAP6"": -78.23962538881459, ""WAP1"": -54.46545200435416, ""WAP10"": -68.89132672381011}",11.1900,20.4600,12
470c0345-46c2-4a03-b83b-98a4615890d9,Tag2,Carleton University,Canal Building,1,Hall 1,2026-04-05T02:42:38.263041+00:00,0.1000,"{""WAP6"": -78.23962538881459, ""WAP1"": -54.46545200435416, ""WAP10"": -68.89132672381011}",10.6400,19.2100,12
51621366-c473-4255-bb05-4876b13e30d2,Tag2,Carleton University,Canal Building,1,Hall 1,2026-04-05T02:42:38.263041+00:00,0.1000,"{""WAP6"": -78.14607845931904, ""WAP1"": -54.28374502392827, ""WAP10"": -68.9337514908854}",11.1600,20.3800,12
2328b445-10a8-448d-a173-044ef5e7b248,Tag2,Carleton University,Canal Building,1,Hall 1,2026-04-05T02:42:38.263041+00:00,0.1000,"{""WAP6"": -78.14607845931904, ""WAP1"": -54.28374502392827, ""WAP10"": -68.9337514908854}",10.6200,19.1300,12
54421f71-c9cb-4c01-92ab-7ba27065e6c4,Tag3,Carleton University,Canal Building,1,Lobby,2026-04-05T02:44:15.895403+00:00,0.0670,"{""WAP1"": -73.31074143882452, ""WAP10"": -63.743883062846244}",14.9400,38.4300,15
16e4ac31-0a72-4fa4-8f02-c48c8b589be0,Tag2,Carleton University,Canal Building,1,Hall 1,2026-04-05T02:44:15.895403+00:00,0.3760,"{""WAP6"": -73.34259112184002, ""WAP1"": -55.11965172564581, ""WAP10"": -69.41560230092733}",11.4500,20.0300,15
2c9ddc5f-23a2-4522-997b-0084990f602d,Tag2,Carleton University,Canal Building,1,Hall 1,2026-04-05T02:44:15.895403+00:00,0.1000,"{""WAP6"": -73.34259112184002, ""WAP1"": -55.11965172564581, ""WAP10"": -69.41560230092733}",10.8400,18.9600,15
012fa324-4207-4c52-8f9d-37bb1260884d,Tag2,Carleton University,Canal Building,1,Hall 1,2026-04-05T02:44:15.895403+00:00,0.3920,"{""WAP6"": -73.0787181881942, ""WAP1"": -55.203070504556834, ""WAP10"": -69.38348546647802}",11.4800,20.0300,15
5c314ce4-62ef-4480-a84b-82c9a2196578,Tag2,Carleton University,Canal Building,1,Hall 1,2026-04-05T02:44:15.895403+00:00,0.1000,"{""WAP6"": -73.0787181881942, ""WAP1"": -55.203070504556834, ""WAP10"": -69.38348546647802}",10.8600,18.9800,15
9e807955-647f-438d-a3b6-45b000602566,Tag3,Carleton University,Canal Building,1,Lobby,2026-04-05T02:49:01.383631+00:00,0.0670,"{""WAP1"": -73.31812336580137, ""WAP10"": -64.02126562191535}",14.9000,38.2600,18
9fc80aa1-3892-4acb-bdc0-85ba31e92f46,Tag2,Carleton University,Canal Building,1,Hall 1,2026-04-05T02:49:01.383631+00:00,0.4320,"{""WAP6"": -72.88520707415451, ""WAP1"": -56.65892610316111, ""WAP10"": -69.91485546671358}",11.6600,20.2000,18
816591b0-e94f-47fa-993a-a7508a667958,Tag2,Carleton University,Canal Building,1,Hall 1,2026-04-05T02:49:01.383631+00:00,0.1000,"{""WAP6"": -72.88520707415451, ""WAP1"": -56.65892610316111, ""WAP10"": -69.91485546671358}",11.0300,19.1800,18
a0b07dcf-6747-48c4-974c-93edf19f7cde,Tag2,Carleton University,Canal Building,1,Hall 1,2026-04-05T02:49:01.383631+00:00,0.4390,"{""WAP6"": -72.79989147714805, ""WAP1"": -56.79207732890754, ""WAP10"": -69.94809488807583}",11.6800,20.2100,18
956dd0d4-1ab0-4e02-a745-4b0fda2ee848,Tag2,Carleton University,Canal Building,1,Hall 1,2026-04-05T02:49:01.383631+00:00,0.1000,"{""WAP6"": -72.79989147714805, ""WAP1"": -56.79207732890754, ""WAP10"": -69.94809488807583}",11.0500,19.2000,18
2048c63b-6be8-4540-97d5-c74783d6fa5f,Tag3,Carleton University,Canal Building,1,Lobby,2026-04-05T02:50:39.357066+00:00,0.0670,"{""WAP1"": -73.13684147264907, ""WAP10"": -63.78085399011788}",14.9000,38.3000,21
2e20552b-590d-49d3-8ef3-fa25e3eb91cf,Tag2,Carleton University,Canal Building,1,Hall 1,2026-04-05T02:50:39.357066+00:00,0.3610,"{""WAP6"": -73.55904944816879, ""WAP1"": -54.9722891270958, ""WAP10"": -71.65110346937801}",11.2600,19.2100,21
33cdc4d1-96c9-4b76-b97d-c3f0f21a0996,Tag2,Carleton University,Canal Building,1,Hall 1,2026-04-05T02:50:39.357066+00:00,0.1000,"{""WAP6"": -73.55904944816879, ""WAP1"": -54.9722891270958, ""WAP10"": -71.65110346937801}",10.6600,18.2500,21
30c2e495-ce08-4f00-b479-c3c13aeb263b,Tag2,Carleton University,Canal Building,1,Hall 1,2026-04-05T02:50:39.357066+00:00,0.3560,"{""WAP6"": -73.6010619407318, ""WAP1"": -54.85297772391063, ""WAP10"": -71.52704975693621}",11.2500,19.2300,21
f17189b0-2e4f-4cad-80c2-ca06f3258600,Tag2,Carleton University,Canal Building,1,Hall 1,2026-04-05T02:50:39.357066+00:00,0.1000,"{""WAP6"": -73.6010619407318, ""WAP1"": -54.85297772391063, ""WAP10"": -71.52704975693621}",10.6500,18.2700,21
c49cfed9-ced2-4c8e-a924-f014a116c14f,Tag3,Carleton University,Canal Building,1,Lobby,2026-04-05T02:52:17.230147+00:00,0.0670,"{""WAP1"": -73.66222134217927, ""WAP10"": -67.45006717581002}",14.3700,36.0100,24
115f46fb-1638-405c-9f91-9b1f931a8ac4,Tag2,Carleton University,Canal Building,1,Hall 1,2026-04-05T02:52:17.230147+00:00,0.3720,"{""WAP6"": -73.63342647182048, ""WAP1"": -55.74868237628892, ""WAP10"": -73.46116797786385}",11.2400,18.8200,24
8d01d79f-b344-4bdf-97bf-0533343635a6,Tag2,Carleton University,Canal Building,1,Hall 1,2026-04-05T02:52:17.230147+00:00,0.1000,"{""WAP6"": -73.63342647182048, ""WAP1"": -55.74868237628892, ""WAP10"": -73.46116797786385}",10.6400,17.9500,24
83da9e61-2374-4209-b3c7-2dbfae8b64e2,Tag2,Carleton University,Canal Building,1,Hall 1,2026-04-05T02:52:17.230147+00:00,0.3570,"{""WAP6"": -73.64640305176057, ""WAP1"": -55.84679381184254, ""WAP10"": -73.9317804449482}",11.2200,18.7000,24
5f3d80a7-a2f0-4001-9d12-d7e26fe2a390,Tag2,Carleton University,Canal Building,1,Hall 1,2026-04-05T02:52:17.230147+00:00,0.1000,"{""WAP6"": -73.64640305176057, ""WAP1"": -55.84679381184254, ""WAP10"": -73.9317804449482}",10.6300,17.8600,24
25947d50-1da1-40d2-a172-c66637bc8cb0,Tag3,Carleton University,Canal Building,1,Lobby,2026-04-05T02:53:54.335054+00:00,0.0670,"{""WAP1"": -73.6781426242645, ""WAP10"": -59.77942708988959}",15.4400,40.5900,27
b9e54b5c-be6a-4c59-a012-fadd1530e4b9,Tag2,Carleton University,Canal Building,1,Hall 1,2026-04-05T02:53:54.335054+00:00,0.3840,"{""WAP6"": -73.36448034495578, ""WAP1"": -55.61072660709053, ""WAP10"": -68.04315387749187}",11.6300,20.7600,27
3856d14f-88bd-469f-9e49-d1cfbf47acca,Tag2,Carleton University,Canal Building,1,Hall 1,2026-04-05T02:53:54.335054+00:00,0.1000,"{""WAP6"": -73.36448034495578, ""WAP1"": -55.61072660709053, ""WAP10"": -68.04315387749187}",11.0200,19.6700,27
c9065a2f-3321-4586-93f7-a486178e04a1,Tag2,Carleton University,Canal Building,1,Hall 1,2026-04-05T02:53:54.335054+00:00,0.3850,"{""WAP6"": -73.35232091905337, ""WAP1"": -55.63256494643548, ""WAP10"": -68.15643651386401}",11.6300,20.7200,27
bbba82a7-c9a7-4465-8d3a-8c4d5f484e02,Tag2,Carleton University,Canal Building,1,Hall 1,2026-04-05T02:53:54.335054+00:00,0.1000,"{""WAP6"": -73.35232091905337, ""WAP1"": -55.63256494643548, ""WAP10"": -68.15643651386401}",11.0100,19.6300,27
9d9b23ee-4a21-4bf8-9edc-9e91a515aeaf,Tag3,Carleton University,Canal Building,1,Lobby,2026-04-05T02:55:32.938238+00:00,0.0670,"{""WAP1"": -74.23075749216531, ""WAP10"": -57.01574170116274}",15.6900,41.6400,30
52417b60-0a51-4f10-9363-aff0dddc8f07,Tag2,Carleton University,Canal Building,1,Privacy Zone,2026-04-05T02:55:32.938238+00:00,0.4410,"{""WAP6"": -72.64778531215075, ""WAP1"": -56.50318283539241, ""WAP10"": -63.619229666979635}",12.2800,23.4400,30
1c8344e1-1063-49aa-820d-132543d7b033,Tag2,Carleton University,Canal Building,1,Hall 1,2026-04-05T02:55:32.938238+00:00,0.1000,"{""WAP6"": -72.64778531215075, ""WAP1"": -56.50318283539241, ""WAP10"": -63.619229666979635}",11.7700,22.6700,30
67e3c4d3-0b67-457b-ad7a-0cec925da998,Tag2,Carleton University,Canal Building,1,Privacy Zone,2026-04-05T02:55:32.938238+00:00,0.4470,"{""WAP6"": -72.52502696914684, ""WAP1"": -56.43687559346878, ""WAP10"": -63.37748970991795}",12.3100,23.5400,30
7e985326-668c-4d0b-8f0e-745218be8fe7,Tag2,Carleton University,Canal Building,1,Hall 1,2026-04-05T02:55:32.938238+00:00,0.1000,"{""WAP6"": -72.52502696914684, ""WAP1"": -56.43687559346878, ""WAP10"": -63.37748970991795}",11.8000,22.7900,30
61c2aad9-288c-4667-8050-fe458c56dee8,Tag3,Carleton University,Canal Building,1,Lobby,2026-04-05T02:58:49.155372+00:00,0.0670,"{""WAP1"": -75.16897079257349, ""WAP10"": -55.58986427647051}",15.8100,42.1600,33
447314ca-d860-410f-839a-3c25e32796b8,Tag2,Carleton University,Canal Building,1,Privacy Zone,2026-04-05T02:58:49.155372+00:00,0.4490,"{""WAP6"": -72.9344032381366, ""WAP1"": -57.56555165336201, ""WAP10"": -64.06357103184615}",12.4000,23.7100,33
79c605e7-7599-40d7-a7ec-f00fb020919f,Tag2,Carleton University,Canal Building,1,Hall 1,2026-04-05T02:58:49.155372+00:00,0.1000,"{""WAP6"": -72.9344032381366, ""WAP1"": -57.56555165336201, ""WAP10"": -64.06357103184615}",11.9000,23.0400,33
488de379-c03b-4888-8b18-6dadd1c805f8,Tag2,Carleton University,Canal Building,1,Privacy Zone,2026-04-05T02:58:49.155372+00:00,0.4490,"{""WAP6"": -72.96001144013633, ""WAP1"": -57.60502576172278, ""WAP10"": -64.03875365094802}",12.4100,23.7500,33
bd4f4023-9876-41e8-96f2-63afc6fd5dff,Tag2,Carleton University,Canal Building,1,Hall 1,2026-04-05T02:58:49.155372+00:00,0.1000,"{""WAP6"": -72.96001144013633, ""WAP1"": -57.60502576172278, ""WAP10"": -64.03875365094802}",11.9100,23.0900,33
678d5c6f-6159-454d-a942-b58b80847caf,Tag3,Carleton University,Canal Building,1,Lobby,2026-04-05T03:02:09.220717+00:00,0.0670,"{""WAP1"": -74.1614422161359, ""WAP10"": -56.06902208048012}",15.7400,41.8500,36
b107d1eb-e8bd-4620-9872-89efd7d69c1a,Tag2,Carleton University,Canal Building,1,Privacy Zone,2026-04-05T03:02:09.220717+00:00,0.4420,"{""WAP6"": -73.213048366711, ""WAP1"": -57.94545157436852, ""WAP10"": -63.637237467781965}",12.5100,24.2300,36
b4e2a7cf-ea0c-4fd0-a90a-3e11b7421f4f,Tag2,Carleton University,Canal Building,1,Privacy Zone,2026-04-05T03:02:09.220717+00:00,0.1000,"{""WAP6"": -73.213048366711, ""WAP1"": -57.94545157436852, ""WAP10"": -63.637237467781965}",12.0400,23.6800,36
d3c17eb3-6c2c-4674-8e1d-d013d6345da1,Tag2,Carleton University,Canal Building,1,Privacy Zone,2026-04-05T03:02:09.220717+00:00,0.4400,"{""WAP6"": -73.26000619870294, ""WAP1"": -57.966746636238305, ""WAP10"": -63.64872627985624}",12.5100,24.2400,36
398a58bf-695c-426c-a3c3-e7827b0c52cf,Tag2,Carleton University,Canal Building,1,Privacy Zone,2026-04-05T03:02:09.220717+00:00,0.1000,"{""WAP6"": -73.26000619870294, ""WAP1"": -57.966746636238305, ""WAP10"": -63.64872627985624}",12.0400,23.7000,36
9076c9b7-3bce-4685-8df1-7e67329d42e3,Tag3,Carleton University,Canal Building,1,Lobby,2026-04-05T03:03:35.705669+00:00,0.0670,"{""WAP1"": -74.8841898977758, ""WAP10"": -55.366209708835946}",15.8000,42.1400,39
204c37bb-7a85-4713-9feb-716a25190166,Tag2,Carleton University,Canal Building,1,Lobby,2026-04-05T03:03:35.705669+00:00,0.4990,"{""WAP6"": -72.17401477809018, ""WAP1"": -57.99540750139031, ""WAP10"": -63.30816421623989}",12.6100,24.2900,39
5ba2bdbc-4861-4f10-ad98-374bcb034424,Tag2,Carleton University,Canal Building,1,Privacy Zone,2026-04-05T03:03:35.705669+00:00,0.1000,"{""WAP6"": -72.17401477809018, ""WAP1"": -57.99540750139031, ""WAP10"": -63.30816421623989}",12.1600,23.8400,39
69fe1fa8-7f42-4055-bddf-a61d7a5d8163,Tag2,Carleton University,Canal Building,1,Lobby,2026-04-05T03:03:35.705669+00:00,0.5030,"{""WAP6"": -72.10608146154092, ""WAP1"": -57.99720035867075, ""WAP10"": -63.317989942638185}",12.6200,24.2700,39
681e654c-3d1b-4d61-ac9b-a06b493b0fa3,Tag2,Carleton University,Canal Building,1,Privacy Zone,2026-04-05T03:03:35.705669+00:00,0.1000,"{""WAP6"": -72.10608146154092, ""WAP1"": -57.99720035867075, ""WAP10"": -63.317989942638185}",12.1600,23.8200,39
e0908dcc-9678-4031-8c00-5ac406e7b35d,Tag2,Carleton University,Canal Building,1,Privacy Zone,2026-04-05T03:05:46.070125+00:00,0.5080,"{""WAP6"": -72.0, ""WAP1"": -58.0, ""WAP10"": -64.46923076923076}",12.4800,23.4800,41
36fcbbb4-df41-4c59-b980-80e58e1774ec,Tag2,Carleton University,Canal Building,1,Hall 1,2026-04-05T03:05:46.070125+00:00,0.1000,"{""WAP6"": -72.0, ""WAP1"": -58.0, ""WAP10"": -64.46923076923076}",11.9800,22.8600,41
f404dc7f-af9e-4ade-b029-b7589cc6eec9,Tag3,Carleton University,Canal Building,1,Lobby,2026-04-05T03:05:46.070125+00:00,0.0670,"{""WAP1"": -74.46923076923076, ""WAP10"": -56.53076923076923}",15.7300,41.8200,41
deb7d964-eade-4dd9-83cc-2bf0c40bb639,Tag2,Carleton University,Canal Building,1,Privacy Zone,2026-04-05T03:05:46.070125+00:00,0.5080,"{""WAP6"": -72.0, ""WAP1"": -58.0, ""WAP10"": -64.48185941043083}",12.4800,23.4700,41
128e5c69-f01e-4977-9816-1a25cdc15f3a,Tag2,Carleton University,Canal Building,1,Hall 1,2026-04-05T03:05:46.070125+00:00,0.1000,"{""WAP6"": -72.0, ""WAP1"": -58.0, ""WAP10"": -64.48185941043083}",11.9800,22.8500,41
ccc637d1-1490-43c4-8cc6-3b6f5f7199b6,Tag2,Carleton University,Canal Building,1,Lobby,2026-04-05T03:07:25.363094+00:00,0.4810,"{""WAP6"": -72.64472157900275, ""WAP1"": -58.27601297562728, ""WAP10"": -63.42058070213557}",12.6200,24.4400,44
45ed7806-2bee-419a-93f7-f4a653f08d77,Tag2,Carleton University,Canal Building,1,Privacy Zone,2026-04-05T03:07:25.363094+00:00,0.1000,"{""WAP6"": -72.64472157900275, ""WAP1"": -58.27601297562728, ""WAP10"": -63.42058070213557}",12.1800,24.0200,44
ae8087cc-d049-434e-9cab-067675fa3a54,Tag3,Carleton University,Canal Building,1,Lobby,2026-04-05T03:07:25.363094+00:00,0.0670,"{""WAP1"": -74.0615379765292, ""WAP10"": -55.84784430555665}",15.7400,41.8800,44
a3516639-ed9b-4a80-90cf-1407e8f4d5d1,Tag2,Carleton University,Canal Building,1,Lobby,2026-04-05T03:07:25.363094+00:00,0.4810,"{""WAP6"": -72.65329174093337, ""WAP1"": -58.29839815608246, ""WAP10"": -63.38650819852536}",12.6300,24.4800,44
46e563f1-93f3-4dd1-a413-38da3cc50095,Tag2,Carleton University,Canal Building,1,Privacy Zone,2026-04-05T03:07:25.363094+00:00,0.1000,"{""WAP6"": -72.65329174093337, ""WAP1"": -58.29839815608246, ""WAP10"": -63.38650819852536}",12.1900,24.0600,44
1b2ae465-188f-44d6-89f8-37b2024207aa,Tag2,Carleton University,Canal Building,1,Lobby,2026-04-05T03:09:04.341733+00:00,0.5100,"{""WAP6"": -71.72209286815132, ""WAP1"": -57.45450689133701, ""WAP10"": -62.810927570574016}",12.6000,24.2700,47
e15bfd58-4efa-47b2-8984-d46bec71c5d8,Tag2,Carleton University,Canal Building,1,Privacy Zone,2026-04-05T03:09:04.341733+00:00,0.1000,"{""WAP6"": -71.72209286815132, ""WAP1"": -57.45450689133701, ""WAP10"": -62.810927570574016}",12.1500,23.8200,47
7e781ea6-2105-4d8a-bc14-cc91747a975f,Tag3,Carleton University,Canal Building,1,Lobby,2026-04-05T03:09:04.341733+00:00,0.0670,"{""WAP1"": -74.65188506735996, ""WAP10"": -55.76037463612989}",15.7800,42.0200,47
725cda81-e434-4932-8d9e-2ee8d339fbdf,Tag2,Carleton University,Canal Building,1,Privacy Zone,2026-04-05T03:09:04.341733+00:00,0.5100,"{""WAP6"": -71.70045507819466, ""WAP1"": -57.40720204405985, ""WAP10"": -62.88473940333415}",12.5900,24.2000,47
03b8f9d6-a1bb-4468-a7d4-fbbad226e219,Tag2,Carleton University,Canal Building,1,Privacy Zone,2026-04-05T03:09:04.341733+00:00,0.1000,"{""WAP6"": -71.70045507819466, ""WAP1"": -57.40720204405985, ""WAP10"": -62.88473940333415}",12.1300,23.7200,47
1ca2bf5a-f415-42f3-b237-4f707291e564,Tag2,Carleton University,Canal Building,1,Lobby,2026-04-05T03:10:34.934615+00:00,0.5080,"{""WAP6"": -71.93213878136594, ""WAP1"": -57.8657029755289, ""WAP10"": -62.10341571363873}",12.7600,25.0200,49
a9ff45d9-b771-4d0c-a62f-60098913e592,Tag2,Carleton University,Canal Building,1,Lobby,2026-04-05T03:10:34.934615+00:00,0.1000,"{""WAP6"": -71.93213878136594, ""WAP1"": -57.8657029755289, ""WAP10"": -62.10341571363873}",12.3600,24.7700,49
3203b9a6-0ad3-4735-bff6-4d6b704683f9,Tag3,Carleton University,Canal Building,1,Lobby,2026-04-05T03:10:34.934615+00:00,0.0670,"{""WAP1"": -74.77605627280707, ""WAP10"": -54.88209742708442}",15.8200,42.2100,49
7da2d679-33f1-4c18-919d-e879b6f30c94,Tag2,Carleton University,Canal Building,1,Lobby,2026-04-05T03:10:34.934615+00:00,0.5080,"{""WAP6"": -71.95863100185412, ""WAP1"": -57.91813095213776, ""WAP10"": -62.45343165910247}",12.7200,24.8000,49
cc5d4384-03d3-445e-99e7-28e34993195c,Tag2,Carleton University,Canal Building,1,Lobby,2026-04-05T03:10:34.934615+00:00,0.1000,"{""WAP6"": -71.95863100185412, ""WAP1"": -57.91813095213776, ""WAP10"": -62.45343165910247}",12.3100,24.5000,49
c2a689f2-299e-4404-b0cd-4d2ad66898f8,Tag2,Carleton University,Canal Building,1,Privacy Zone,2026-04-05T03:40:44.139003+00:00,0.5150,"{""WAP10"": -66.0, ""WAP1"": -58.22143106023125, ""WAP6"": -71.9660998162728}",12.3500,22.6100,8
7cfa4e9f-3f97-49a1-b899-f882b3caa5e6,Tag2,Carleton University,Canal Building,1,Hall 1,2026-04-05T03:40:44.139003+00:00,0.1000,"{""WAP10"": -66.0, ""WAP1"": -58.22143106023125, ""WAP6"": -71.9660998162728}",11.8000,21.8500,8
691f65b4-eafa-4c4c-876d-52b7692972e3,Tag2,Carleton University,Canal Building,1,Privacy Zone,2026-04-05T03:40:44.139003+00:00,0.5120,"{""WAP10"": -66.0, ""WAP1"": -58.13497551837831, ""WAP6"": -71.97933580380764}",12.3300,22.5700,8
a6c0b21c-caea-4887-b97d-ce78022342ab,Tag2,Carleton University,Canal Building,1,Hall 1,2026-04-05T03:40:44.139003+00:00,0.1000,"{""WAP10"": -66.0, ""WAP1"": -58.13497551837831, ""WAP6"": -71.97933580380764}",11.7800,21.8000,8
