_id,device_id,campus_id,building_id,floor_id,room_id,timestamp,confidence,rssi_vector,x,y,scan_number
49a246b0-c60a-4cf4-9fb8-32fc411b684c,Tag2,Carleton University,Canal Building,3,D2,2026-04-01T03:12:32.029508+00:00,0.5830,"{""WAP4"": -65.0, ""WAP10"": -44.0, ""WAP1"": -61.0, ""WAP6"": -56.0}",6.3400,2.1600,1
a9457990-4651-4bed-9461-3950e09f963b,Tag2,Carleton University,Canal Building,3,E1,2026-04-01T03:12:32.029508+00:00,0.1000,"{""WAP4"": -65.0, ""WAP10"": -44.0, ""WAP1"": -61.0, ""WAP6"": -56.0}",7.0500,1.2400,1
0886e898-6e66-40a2-b9b6-8ba952a0ba61,Tag3,Carleton University,Canal Building,3,D3,2026-04-01T03:12:32.029508+00:00,0.4000,"{""WAP4"": -59.0, ""WAP10"": -49.0, ""WAP1"": -57.0, ""WAP6"": -61.0}",6.2900,4.2400,1
e4e0eab2-9866-43d3-a3ba-452394faa712,Tag2,Carleton University,Canal Building,3,D2,2026-04-01T03:12:32.029508+00:00,0.5830,"{""WAP4"": -65.0, ""WAP10"": -44.0, ""WAP1"": -61.0, ""WAP6"": -56.0}",6.3400,2.1600,1
f329c8c1-e7ed-4354-99b4-0a8231a17e74,Tag2,Carleton University,Canal Building,3,E1,2026-04-01T03:12:32.029508+00:00,0.1000,"{""WAP4"": -65.0, ""WAP10"": -44.0, ""WAP1"": -61.0, ""WAP6"": -56.0}",7.0500,1.2400,1
aeb81720-cb00-4dc9-ba11-1d33630b49f4,Tag1,Carleton University,Canal Building,3,D2,2026-04-01T03:12:32.029508+00:00,0.1730,"{""WAP4"": -64.0, ""WAP10"": -50.0, ""WAP1"": -60.0, ""WAP6"": -56.0}",5.5600,2.6700,1
1b742285-604a-462e-87cb-c2efb4ea0fc5,Tag2,Carleton University,Canal Building,3,D2,2026-04-01T03:14:26.067456+00:00,0.6210,"{""WAP4"": -65.0, ""WAP10"": -47.333333333333336, ""WAP1"": -60.666666666666664, ""WAP6"": -58.666666666666664}",6.0300,2.9800,4
db8dff59-04e6-49d9-a6e0-9714f1cc8a92,Tag2,Carleton University,Canal Building,3,D1,2026-04-01T03:14:26.067456+00:00,0.1000,"{""WAP4"": -65.0, ""WAP10"": -47.333333333333336, ""WAP1"": -60.666666666666664, ""WAP6"": -58.666666666666664}",6.7000,1.9800,4
8a3dd623-82ad-4654-8298-5e5f832a3827,Tag3,Carleton University,Canal Building,3,C4,2026-04-01T03:14:26.067456+00:00,0.7220,"{""WAP4"": -60.0, ""WAP10"": -55.333333333333336, ""WAP1"": -58.333333333333336, ""WAP6"": -60.0}",4.9200,5.9700,4
3a8a49f2-225b-441b-a250-8b9e06b1b854,Tag2,Carleton University,Canal Building,3,D2,2026-04-01T03:14:26.067456+00:00,0.6210,"{""WAP4"": -65.0, ""WAP10"": -47.333333333333336, ""WAP1"": -60.666666666666664, ""WAP6"": -58.666666666666664}",6.0300,2.9800,4
ab676dff-b94f-4a70-9b1d-35d471bb9c4e,Tag2,Carleton University,Canal Building,3,D1,2026-04-01T03:14:26.067456+00:00,0.1000,"{""WAP4"": -65.0, ""WAP10"": -47.333333333333336, ""WAP1"": -60.666666666666664, ""WAP6"": -58.666666666666664}",6.7000,1.9800,4
e85c9348-3a44-4cb1-9d9f-2986fcd32c6f,Tag1,Carleton University,Canal Building,3,C3,2026-04-01T03:14:26.067456+00:00,0.3740,"{""WAP4"": -63.666666666666664, ""WAP10"": -54.333333333333336, ""WAP1"": -60.0, ""WAP6"": -57.333333333333336}",4.6700,4.0000,4
7af34a94-ce76-4fd6-bf1e-50f46c2cd282,Tag2,Carleton University,Canal Building,3,E2,2026-04-01T03:16:13.896486+00:00,0.4820,"{""WAP4"": -68.0, ""WAP10"": -45.0, ""WAP1"": -63.5, ""WAP6"": -65.5}",7.1900,2.0500,6
07bc4a74-a3f4-4d60-92c7-a0f4a70e6c31,Tag2,Carleton University,Canal Building,3,E1,2026-04-01T03:16:13.896486+00:00,0.1000,"{""WAP4"": -68.0, ""WAP10"": -45.0, ""WAP1"": -63.5, ""WAP6"": -65.5}",7.8500,1.0800,6
64e053d8-50ea-41b7-834b-8349d2f9d614,Tag3,Carleton University,Canal Building,3,C4,2026-04-01T03:16:13.896486+00:00,0.6460,"{""WAP4"": -59.0, ""WAP10"": -54.5, ""WAP1"": -56.5, ""WAP6"": -60.5}",4.9100,6.5300,6
7fed71e7-92f5-4e79-baf9-651cee9972dc,Tag2,Carleton University,Canal Building,3,E2,2026-04-01T03:16:13.896486+00:00,0.4820,"{""WAP4"": -68.0, ""WAP10"": -45.0, ""WAP1"": -63.5, ""WAP6"": -65.5}",7.1900,2.0500,6
2d4f0b69-d23c-48b6-9084-ae5abb9b1e38,Tag2,Carleton University,Canal Building,3,E1,2026-04-01T03:16:13.896486+00:00,0.1000,"{""WAP4"": -68.0, ""WAP10"": -45.0, ""WAP1"": -63.5, ""WAP6"": -65.5}",7.8500,1.0800,6
7df9d7e0-3cf8-4297-9d29-17536aa26510,Tag1,Carleton University,Canal Building,3,C3,2026-04-01T03:16:13.896486+00:00,0.4430,"{""WAP4"": -63.0, ""WAP10"": -54.5, ""WAP1"": -59.0, ""WAP6"": -59.5}",4.9000,4.8000,6
017b8d1d-7208-4c86-8561-93f8da1265f2,Tag2,Carleton University,Canal Building,3,E1,2026-04-01T03:17:39.560357+00:00,0.4510,"{""WAP4"": -68.5, ""WAP10"": -44.0, ""WAP1"": -68.0, ""WAP6"": -66.0}",7.6000,1.4200,8
cdd0bc48-5c2c-4365-95e6-d8efb46e29bf,Tag2,Carleton University,Canal Building,3,E1,2026-04-01T03:17:39.560357+00:00,0.1000,"{""WAP4"": -68.5, ""WAP10"": -44.0, ""WAP1"": -68.0, ""WAP6"": -66.0}",8.1500,0.6200,8
963ee662-c86c-4c53-9864-9a0116e134d4,Tag3,Carleton University,Canal Building,3,D3,2026-04-01T03:17:39.560357+00:00,0.5560,"{""WAP4"": -59.5, ""WAP10"": -50.5, ""WAP1"": -58.0, ""WAP6"": -57.5}",5.6500,4.1300,8
a6abfcc6-8e4d-4ece-9e47-dd90e782c0e8,Tag2,Carleton University,Canal Building,3,E1,2026-04-01T03:17:39.560357+00:00,0.4510,"{""WAP4"": -68.5, ""WAP10"": -44.0, ""WAP1"": -68.0, ""WAP6"": -66.0}",7.6000,1.4200,8
0752d28e-c9f9-40a7-a748-1ea9116d40cc,Tag2,Carleton University,Canal Building,3,E1,2026-04-01T03:17:39.560357+00:00,0.1000,"{""WAP4"": -68.5, ""WAP10"": -44.0, ""WAP1"": -68.0, ""WAP6"": -66.0}",8.1500,0.6200,8
f67dad00-6376-4256-bd4e-f4bae62a41fb,Tag1,Carleton University,Canal Building,3,C2,2026-04-01T03:17:39.560357+00:00,0.2840,"{""WAP4"": -64.0, ""WAP10"": -53.0, ""WAP1"": -59.5, ""WAP6"": -53.0}",4.0000,3.0200,8
94044a48-d8fd-4d98-9605-2014f44833b9,Tag2,Carleton University,Canal Building,3,D2,2026-04-01T03:19:04.925918+00:00,0.6460,"{""WAP4"": -64.5, ""WAP10"": -48.0, ""WAP1"": -60.5, ""WAP6"": -58.0}",5.8200,3.1600,10
9fae929e-d156-4be5-b08f-a64120840ccc,Tag2,Carleton University,Canal Building,3,D2,2026-04-01T03:19:04.925918+00:00,0.1000,"{""WAP4"": -64.5, ""WAP10"": -48.0, ""WAP1"": -60.5, ""WAP6"": -58.0}",6.4500,2.1800,10
b7c07a88-cc43-4433-a95d-dbd8127c3280,Tag3,Carleton University,Canal Building,3,C3,2026-04-01T03:19:04.925918+00:00,0.6370,"{""WAP4"": -60.0, ""WAP10"": -53.5, ""WAP1"": -56.5, ""WAP6"": -59.0}",4.8600,5.7200,10
c2a2f31c-e82f-40d2-8d9b-c63e75b965f1,Tag2,Carleton University,Canal Building,3,D2,2026-04-01T03:19:04.925918+00:00,0.6460,"{""WAP4"": -64.5, ""WAP10"": -48.0, ""WAP1"": -60.5, ""WAP6"": -58.0}",5.8200,3.1600,10
3512bcd5-c47a-4e80-a720-74ab79d48683,Tag2,Carleton University,Canal Building,3,D2,2026-04-01T03:19:04.925918+00:00,0.1000,"{""WAP4"": -64.5, ""WAP10"": -48.0, ""WAP1"": -60.5, ""WAP6"": -58.0}",6.4500,2.1800,10
8366b89f-5383-4b36-a8fb-09a47df293d3,Tag1,Carleton University,Canal Building,3,C4,2026-04-01T03:19:04.925918+00:00,0.7460,"{""WAP4"": -62.0, ""WAP10"": -58.5, ""WAP1"": -59.5, ""WAP6"": -61.0}",4.3700,6.4200,10
bf289f60-3354-441f-94b5-ecdd95913cc3,Tag3,Carleton University,Canal Building,3,D3,2026-04-01T03:20:30.647420+00:00,0.6300,"{""WAP4"": -59.5, ""WAP10"": -52.5, ""WAP1"": -57.0, ""WAP6"": -59.5}",5.2900,5.3700,12
eb10b0cb-1c1b-4111-b585-23d627122531,Tag1,Carleton University,Canal Building,3,D4,2026-04-01T03:20:30.647420+00:00,0.5250,"{""WAP4"": -57.5, ""WAP10"": -57.0, ""WAP1"": -60.0, ""WAP6"": -63.5}",5.6700,7.4000,12
652df4b1-bf94-4fa5-81a9-ad5e9b3acb99,Tag2,Carleton University,Canal Building,3,D3,2026-04-01T03:22:09.083942+00:00,0.7040,"{""WAP4"": -65.0, ""WAP10"": -53.0, ""WAP1"": -63.0, ""WAP6"": -64.0}",5.8300,4.2700,15
1cfe6e7b-92ce-4191-851e-5bdbdaf9b23a,Tag2,Carleton University,Canal Building,3,D2,2026-04-01T03:22:09.083942+00:00,0.1840,"{""WAP4"": -65.0, ""WAP10"": -53.0, ""WAP1"": -63.0, ""WAP6"": -64.0}",6.4100,3.3400,15
bbe98331-cc0b-4718-a162-eda07970b6d2,Tag3,Carleton University,Canal Building,3,D2,2026-04-01T03:22:09.083942+00:00,0.1070,"{""WAP4"": -64.66666666666667, ""WAP10"": -50.0, ""WAP1"": -57.333333333333336, ""WAP6"": -57.333333333333336}",5.4300,3.4100,15
61f0da85-afdd-45f9-8fcb-1ae95469e5c2,Tag2,Carleton University,Canal Building,3,D3,2026-04-01T03:22:09.083942+00:00,0.7040,"{""WAP4"": -65.0, ""WAP10"": -53.0, ""WAP1"": -63.0, ""WAP6"": -64.0}",5.8300,4.2700,15
d909537f-8ea4-4942-bd75-d9131c498a30,Tag2,Carleton University,Canal Building,3,D2,2026-04-01T03:22:09.083942+00:00,0.1840,"{""WAP4"": -65.0, ""WAP10"": -53.0, ""WAP1"": -63.0, ""WAP6"": -64.0}",6.4100,3.3400,15
6d26442c-6bff-49b0-b184-65e747549a63,Tag1,Carleton University,Canal Building,3,C3,2026-04-01T03:22:09.083942+00:00,0.6390,"{""WAP4"": -62.666666666666664, ""WAP10"": -57.666666666666664, ""WAP1"": -60.0, ""WAP6"": -60.333333333333336}",4.4600,5.7200,15
7ac29802-bb07-4545-914c-6f7dd2412a4f,Tag2,Carleton University,Canal Building,3,B2,2026-04-01T03:23:34.124403+00:00,0.6490,"{""WAP4"": -65.0, ""WAP10"": -52.5, ""WAP1"": -59.5, ""WAP6"": -49.5}",3.4400,3.0700,17
09a4aacb-95bd-4ec1-bd0b-70b3351333fb,Tag2,Carleton University,Canal Building,3,B2,2026-04-01T03:23:34.124403+00:00,0.1000,"{""WAP4"": -65.0, ""WAP10"": -52.5, ""WAP1"": -59.5, ""WAP6"": -49.5}",3.2200,2.2100,17
15bf6349-d804-47e5-9b71-df9eacb59c64,Tag3,Carleton University,Canal Building,3,C2,2026-04-01T03:23:34.124403+00:00,0.1000,"{""WAP4"": -67.0, ""WAP10"": -54.5, ""WAP1"": -58.5, ""WAP6"": -53.5}",3.4600,3.3500,17
0bc62f8a-a40a-42f1-9f23-57ff2998ba4c,Tag2,Carleton University,Canal Building,3,B2,2026-04-01T03:23:34.124403+00:00,0.6490,"{""WAP4"": -65.0, ""WAP10"": -52.5, ""WAP1"": -59.5, ""WAP6"": -49.5}",3.4400,3.0700,17
6bee4d27-eceb-40b4-a213-45105b589bec,Tag2,Carleton University,Canal Building,3,B2,2026-04-01T03:23:34.124403+00:00,0.1000,"{""WAP4"": -65.0, ""WAP10"": -52.5, ""WAP1"": -59.5, ""WAP6"": -49.5}",3.2200,2.2100,17
fbf180f9-4ff9-4619-8e9e-e3a83a9f3ef8,Tag1,Carleton University,Canal Building,3,C3,2026-04-01T03:23:34.124403+00:00,0.7200,"{""WAP4"": -60.0, ""WAP10"": -56.0, ""WAP1"": -60.5, ""WAP6"": -59.0}",4.9700,5.4200,17
e1d54ac0-b940-4a19-9639-ac5c6395455c,Tag2,Carleton University,Canal Building,3,C4,2026-04-01T03:25:23.039122+00:00,0.7180,"{""WAP4"": -66.0, ""WAP10"": -56.0, ""WAP1"": -55.666666666666664, ""WAP6"": -61.333333333333336}",3.9200,6.5100,20
a6fea0eb-1751-43ea-90a8-75eb16650fd0,Tag2,Carleton University,Canal Building,3,C4,2026-04-01T03:25:23.039122+00:00,0.1980,"{""WAP4"": -66.0, ""WAP10"": -56.0, ""WAP1"": -55.666666666666664, ""WAP6"": -61.333333333333336}",3.8700,6.5100,20
f16939a2-7da5-457f-842a-6cabd520b9fe,Tag3,Carleton University,Canal Building,3,C2,2026-04-01T03:25:23.039122+00:00,0.2900,"{""WAP4"": -65.0, ""WAP10"": -56.333333333333336, ""WAP1"": -61.333333333333336, ""WAP6"": -55.333333333333336}",3.7700,3.5000,20
393f9aec-9216-48a8-bf18-b7f884d17e2c,Tag2,Carleton University,Canal Building,3,C4,2026-04-01T03:25:23.039122+00:00,0.7180,"{""WAP4"": -66.0, ""WAP10"": -56.0, ""WAP1"": -55.666666666666664, ""WAP6"": -61.333333333333336}",3.9200,6.5100,20
5a2862ca-7cb3-4824-a01e-8472682103bf,Tag2,Carleton University,Canal Building,3,C4,2026-04-01T03:25:23.039122+00:00,0.1980,"{""WAP4"": -66.0, ""WAP10"": -56.0, ""WAP1"": -55.666666666666664, ""WAP6"": -61.333333333333336}",3.8700,6.5100,20
cc0dd1ef-6f0a-4f45-a661-41e53d28b36d,Tag1,Carleton University,Canal Building,3,C5,2026-04-01T03:25:23.039122+00:00,0.7080,"{""WAP4"": -58.333333333333336, ""WAP10"": -61.666666666666664, ""WAP1"": -61.666666666666664, ""WAP6"": -62.333333333333336}",5.0300,8.1200,20
35d0d89d-4bdb-4d3d-b299-dfbbbabd26d9,Tag2,Carleton University,Canal Building,3,C3,2026-04-01T03:26:48.752922+00:00,0.8430,"{""WAP4"": -61.0, ""WAP10"": -54.0, ""WAP1"": -60.0, ""WAP6"": -57.0}",4.7000,4.9600,22
be9af0f9-2332-45d4-9f78-456fcbb7607f,Tag2,Carleton University,Canal Building,3,C3,2026-04-01T03:26:48.752922+00:00,0.5850,"{""WAP4"": -61.0, ""WAP10"": -54.0, ""WAP1"": -60.0, ""WAP6"": -57.0}",4.8800,4.3400,22
6687fd5a-c732-4a8f-b0a4-5714f46669dd,Tag3,Carleton University,Canal Building,3,B2,2026-04-01T03:26:48.752922+00:00,0.1000,"{""WAP4"": -69.0, ""WAP10"": -58.5, ""WAP1"": -59.0, ""WAP6"": -54.0}",2.5100,3.8000,22
cf340495-7009-4072-9fc6-215386cebf8a,Tag2,Carleton University,Canal Building,3,C3,2026-04-01T03:26:48.752922+00:00,0.8430,"{""WAP4"": -61.0, ""WAP10"": -54.0, ""WAP1"": -60.0, ""WAP6"": -57.0}",4.7000,4.9600,22
eac2a029-06bc-4a6d-93df-3225cff2da5f,Tag2,Carleton University,Canal Building,3,C3,2026-04-01T03:26:48.752922+00:00,0.5850,"{""WAP4"": -61.0, ""WAP10"": -54.0, ""WAP1"": -60.0, ""WAP6"": -57.0}",4.8800,4.3400,22
f7ecbad2-5c54-4839-bc1c-3eb5c86b9735,Tag1,Carleton University,Canal Building,3,C4,2026-04-01T03:26:48.752922+00:00,0.7360,"{""WAP4"": -59.0, ""WAP10"": -59.5, ""WAP1"": -61.0, ""WAP6"": -62.5}",5.1100,7.4400,22
4714e1b4-31b7-4f4f-af90-be6c6999ef18,Tag2,Carleton University,Canal Building,3,C3,2026-04-01T03:28:13.713739+00:00,0.7400,"{""WAP4"": -65.0, ""WAP10"": -55.0, ""WAP1"": -62.0, ""WAP6"": -56.5}",4.3600,4.0700,24
9d2c45a3-742b-4f37-b0fd-99da96f53bf0,Tag2,Carleton University,Canal Building,3,C2,2026-04-01T03:28:13.713739+00:00,0.2730,"{""WAP4"": -65.0, ""WAP10"": -55.0, ""WAP1"": -62.0, ""WAP6"": -56.5}",4.4600,3.2900,24
4111dcf6-6641-4f71-ad19-3862d23e0e71,Tag3,Carleton University,Canal Building,3,B2,2026-04-01T03:28:13.713739+00:00,0.1000,"{""WAP4"": -70.0, ""WAP10"": -58.0, ""WAP1"": -63.0, ""WAP6"": -54.5}",3.0000,2.6000,24
d0ac0d71-031f-4500-9e7e-3ed6d6668f50,Tag2,Carleton University,Canal Building,3,C3,2026-04-01T03:28:13.713739+00:00,0.7400,"{""WAP4"": -65.0, ""WAP10"": -55.0, ""WAP1"": -62.0, ""WAP6"": -56.5}",4.3600,4.0700,24
4b0d9a14-d039-4056-a1fc-073c5d51061e,Tag2,Carleton University,Canal Building,3,C2,2026-04-01T03:28:13.713739+00:00,0.2730,"{""WAP4"": -65.0, ""WAP10"": -55.0, ""WAP1"": -62.0, ""WAP6"": -56.5}",4.4600,3.2900,24
8f907552-d04e-47b4-872a-220548bb0c9a,Tag1,Carleton University,Canal Building,3,C4,2026-04-01T03:28:13.713739+00:00,0.6930,"{""WAP4"": -59.0, ""WAP10"": -60.5, ""WAP1"": -61.5, ""WAP6"": -63.0}",5.1300,7.7500,24
655410c3-c858-4b6d-8032-5d03211827c9,Tag2,Carleton University,Canal Building,3,C3,2026-04-01T03:29:38.267422+00:00,0.7980,"{""WAP4"": -66.5, ""WAP10"": -60.0, ""WAP1"": -65.5, ""WAP6"": -66.5}",5.1300,5.6400,26
aba53634-a2d8-4393-83f0-517ab8b563b7,Tag2,Carleton University,Canal Building,3,D3,2026-04-01T03:29:38.267422+00:00,0.4020,"{""WAP4"": -66.5, ""WAP10"": -60.0, ""WAP1"": -65.5, ""WAP6"": -66.5}",5.4400,5.1300,26
3bb102a9-ae52-4917-b9b7-479a7a602e0a,Tag3,Carleton University,Canal Building,3,C2,2026-04-01T03:29:38.267422+00:00,0.1000,"{""WAP4"": -67.5, ""WAP10"": -57.5, ""WAP1"": -67.5, ""WAP6"": -55.5}",3.7500,2.1500,26
cd04f23d-06e6-4bf6-9416-bc510d07c1cb,Tag2,Carleton University,Canal Building,3,C3,2026-04-01T03:29:38.267422+00:00,0.7980,"{""WAP4"": -66.5, ""WAP10"": -60.0, ""WAP1"": -65.5, ""WAP6"": -66.5}",5.1300,5.6400,26
437540ac-2989-4b05-b33b-d17d9fb29518,Tag2,Carleton University,Canal Building,3,D3,2026-04-01T03:29:38.267422+00:00,0.4020,"{""WAP4"": -66.5, ""WAP10"": -60.0, ""WAP1"": -65.5, ""WAP6"": -66.5}",5.4400,5.1300,26
338241d8-8242-4a46-9246-a856e69e6b53,Tag1,Carleton University,Canal Building,3,C4,2026-04-01T03:29:38.267422+00:00,0.8190,"{""WAP4"": -59.0, ""WAP10"": -60.0, ""WAP1"": -61.0, ""WAP6"": -61.5}",4.8900,7.3700,26
44101750-f2e0-4007-9988-133a63267b24,Tag2,Carleton University,Canal Building,3,C3,2026-04-01T03:31:23.550610+00:00,0.7320,"{""WAP4"": -65.5, ""WAP10"": -55.5, ""WAP1"": -63.0, ""WAP6"": -57.0}",4.4000,3.9800,28
a1742059-4392-41a7-9bbe-4e40258bb297,Tag2,Carleton University,Canal Building,3,C2,2026-04-01T03:31:23.550610+00:00,0.2450,"{""WAP4"": -65.5, ""WAP10"": -55.5, ""WAP1"": -63.0, ""WAP6"": -57.0}",4.5000,3.1800,28
d28dcbed-dd5f-4f68-84d0-5c35883def0f,Tag3,Carleton University,Canal Building,3,B2,2026-04-01T03:31:23.550610+00:00,0.1000,"{""WAP4"": -69.5, ""WAP10"": -57.0, ""WAP1"": -62.0, ""WAP6"": -52.5}",2.7400,2.3600,28
b01127a4-6d1a-4124-8911-375cd1a514b2,Tag2,Carleton University,Canal Building,3,C3,2026-04-01T03:31:23.550610+00:00,0.7320,"{""WAP4"": -65.5, ""WAP10"": -55.5, ""WAP1"": -63.0, ""WAP6"": -57.0}",4.4000,3.9800,28
9545667d-a687-42be-a85a-8c9b46849c9a,Tag2,Carleton University,Canal Building,3,C2,2026-04-01T03:31:23.550610+00:00,0.2450,"{""WAP4"": -65.5, ""WAP10"": -55.5, ""WAP1"": -63.0, ""WAP6"": -57.0}",4.5000,3.1800,28
5588d4f2-33b0-4900-b292-46fe91492239,Tag1,Carleton University,Canal Building,3,C5,2026-04-01T03:31:23.550610+00:00,0.6600,"{""WAP4"": -58.5, ""WAP10"": -62.5, ""WAP1"": -59.0, ""WAP6"": -63.0}",4.4800,9.0300,28
098eecea-da22-4561-bf33-3ea22637538c,Tag2,Carleton University,Canal Building,3,C3,2026-04-01T03:32:48.971285+00:00,0.7540,"{""WAP4"": -64.0, ""WAP10"": -56.5, ""WAP1"": -58.5, ""WAP6"": -54.0}",3.4500,4.7700,30
cd1376a2-1c5a-4dd2-9122-67a7b4a00fc6,Tag2,Carleton University,Canal Building,3,B3,2026-04-01T03:32:48.971285+00:00,0.3270,"{""WAP4"": -64.0, ""WAP10"": -56.5, ""WAP1"": -58.5, ""WAP6"": -54.0}",3.2200,4.1600,30
219da724-b762-4705-ac55-c1c13c469878,Tag3,Carleton University,Canal Building,3,B2,2026-04-01T03:32:48.971285+00:00,0.1310,"{""WAP4"": -65.5, ""WAP10"": -56.5, ""WAP1"": -59.5, ""WAP6"": -53.0}",3.0000,3.4100,30
9dc43e4a-e2d3-4526-a9fb-fde5bdb6af4c,Tag2,Carleton University,Canal Building,3,C3,2026-04-01T03:32:48.971285+00:00,0.7540,"{""WAP4"": -64.0, ""WAP10"": -56.5, ""WAP1"": -58.5, ""WAP6"": -54.0}",3.4500,4.7700,30
202e64ca-2494-4745-a4e7-ebb7fba4d6e0,Tag2,Carleton University,Canal Building,3,B3,2026-04-01T03:32:48.971285+00:00,0.3270,"{""WAP4"": -64.0, ""WAP10"": -56.5, ""WAP1"": -58.5, ""WAP6"": -54.0}",3.2200,4.1600,30
3d2bcca9-0d62-476a-91df-4894f850dfe5,Tag1,Carleton University,Canal Building,3,C5,2026-04-01T03:32:48.971285+00:00,0.7040,"{""WAP4"": -59.5, ""WAP10"": -61.0, ""WAP1"": -58.5, ""WAP6"": -62.5}",4.3100,8.3900,30
67742741-133b-4133-bcd2-734ca0c7e7bd,Tag2,Carleton University,Canal Building,3,B3,2026-04-01T03:34:14.407454+00:00,0.6620,"{""WAP4"": -65.5, ""WAP10"": -59.5, ""WAP1"": -59.0, ""WAP6"": -51.5}",2.5500,4.2800,32
7ab32ee8-2d1e-4923-9ad3-7cccfa0274a8,Tag2,Carleton University,Canal Building,3,B2,2026-04-01T03:34:14.407454+00:00,0.1000,"{""WAP4"": -65.5, ""WAP10"": -59.5, ""WAP1"": -59.0, ""WAP6"": -51.5}",2.0500,3.4900,32
525311d0-a920-45d3-857a-02510d56bd7b,Tag3,Carleton University,Canal Building,3,B3,2026-04-01T03:34:14.407454+00:00,0.1850,"{""WAP4"": -66.5, ""WAP10"": -63.5, ""WAP1"": -63.5, ""WAP6"": -56.5}",2.5300,4.0800,32
e7287c74-b25f-474a-9c4e-c3b89a3a872a,Tag2,Carleton University,Canal Building,3,B3,2026-04-01T03:34:14.407454+00:00,0.6620,"{""WAP4"": -65.5, ""WAP10"": -59.5, ""WAP1"": -59.0, ""WAP6"": -51.5}",2.5500,4.2800,32
b9aabbc6-0755-4fc5-be18-8cc877059679,Tag2,Carleton University,Canal Building,3,B2,2026-04-01T03:34:14.407454+00:00,0.1000,"{""WAP4"": -65.5, ""WAP10"": -59.5, ""WAP1"": -59.0, ""WAP6"": -51.5}",2.0500,3.4900,32
cb20d961-7ac7-4a85-ab20-724d1039aed3,Tag1,Carleton University,Canal Building,3,C4,2026-04-01T03:34:14.407454+00:00,0.8120,"{""WAP4"": -59.5, ""WAP10"": -61.0, ""WAP1"": -60.5, ""WAP6"": -62.0}",4.6400,7.7500,32
1db78626-1382-44ba-b473-ec12662d2e0b,Tag2,Carleton University,Canal Building,3,B5,2026-04-01T03:36:23.370818+00:00,0.7200,"{""WAP4"": -64.33333333333333, ""WAP10"": -60.333333333333336, ""WAP1"": -52.666666666666664, ""WAP6"": -58.666666666666664}",2.6700,8.0600,35
7eef5c1e-0187-4246-9454-21980bf15879,Tag2,Carleton University,Canal Building,3,B5,2026-04-01T03:36:23.370818+00:00,0.2380,"{""WAP4"": -64.33333333333333, ""WAP10"": -60.333333333333336, ""WAP1"": -52.666666666666664, ""WAP6"": -58.666666666666664}",2.1900,8.6600,35
3a8c4858-589b-45b4-a859-b55d253c4f8d,Tag3,Carleton University,Canal Building,3,C3,2026-04-01T03:36:23.370818+00:00,0.1000,"{""WAP4"": -67.66666666666667, ""WAP10"": -57.333333333333336, ""WAP1"": -61.0, ""WAP6"": -60.333333333333336}",4.3200,4.4800,35
6778d9b1-e2ea-4bc6-aaf3-aab491f5b2a9,Tag2,Carleton University,Canal Building,3,B5,2026-04-01T03:36:23.370818+00:00,0.7200,"{""WAP4"": -64.33333333333333, ""WAP10"": -60.333333333333336, ""WAP1"": -52.666666666666664, ""WAP6"": -58.666666666666664}",2.6700,8.0600,35
1c35c606-9856-4b2a-9a9e-1ccf72089dac,Tag2,Carleton University,Canal Building,3,B5,2026-04-01T03:36:23.370818+00:00,0.2380,"{""WAP4"": -64.33333333333333, ""WAP10"": -60.333333333333336, ""WAP1"": -52.666666666666664, ""WAP6"": -58.666666666666664}",2.1900,8.6600,35
180e37a7-8620-46b7-af05-e3c81024d14b,Tag1,Carleton University,Canal Building,3,C5,2026-04-01T03:36:23.370818+00:00,0.7780,"{""WAP4"": -59.0, ""WAP10"": -61.0, ""WAP1"": -59.333333333333336, ""WAP6"": -62.0}",4.5100,8.1800,35
b3ac0c98-45fb-4695-9471-4ef8f2f9ba5b,Tag2,Carleton University,Canal Building,3,A7,2026-04-01T03:37:47.777832+00:00,0.5470,"{""WAP4"": -59.5, ""WAP10"": -65.0, ""WAP1"": -42.0, ""WAP6"": -65.5}",1.3800,12.4000,37
47378fee-2d97-419a-a746-f13219a46e10,Tag2,Carleton University,Canal Building,3,A7,2026-04-01T03:37:47.777832+00:00,0.1000,"{""WAP4"": -59.5, ""WAP10"": -65.0, ""WAP1"": -42.0, ""WAP6"": -65.5}",0.7500,13.2100,37
e2b6e076-9ea8-4a97-9f8d-aab1b62bcf54,Tag3,Carleton University,Canal Building,3,B3,2026-04-01T03:37:47.777832+00:00,0.2970,"{""WAP4"": -65.5, ""WAP10"": -60.0, ""WAP1"": -62.5, ""WAP6"": -56.5}",3.2200,4.0400,37
15cc1358-4293-43d1-93e5-0a5951f0e000,Tag2,Carleton University,Canal Building,3,A7,2026-04-01T03:37:47.777832+00:00,0.5470,"{""WAP4"": -59.5, ""WAP10"": -65.0, ""WAP1"": -42.0, ""WAP6"": -65.5}",1.3800,12.4000,37
062eb725-7a0b-4326-ab5a-4d9a61ec5368,Tag2,Carleton University,Canal Building,3,A7,2026-04-01T03:37:47.777832+00:00,0.1000,"{""WAP4"": -59.5, ""WAP10"": -65.0, ""WAP1"": -42.0, ""WAP6"": -65.5}",0.7500,13.2100,37
8b164319-efce-420c-91ea-620e81ecdace,Tag1,Carleton University,Canal Building,3,C5,2026-04-01T03:37:47.777832+00:00,0.7460,"{""WAP4"": -58.5, ""WAP10"": -60.5, ""WAP1"": -58.5, ""WAP6"": -62.0}",4.5100,8.3800,37
813a18f9-f704-46cd-a4df-301855d3182d,Tag2,Carleton University,Canal Building,3,B6,2026-04-01T03:39:12.121670+00:00,0.5630,"{""WAP4"": -62.0, ""WAP10"": -59.5, ""WAP1"": -47.0, ""WAP6"": -66.5}",2.3500,10.7700,39
d647e88f-5305-4835-9f8c-c21322fd5297,Tag2,Carleton University,Canal Building,3,A6,2026-04-01T03:39:12.121670+00:00,0.1000,"{""WAP4"": -62.0, ""WAP10"": -59.5, ""WAP1"": -47.0, ""WAP6"": -66.5}",1.6400,11.8000,39
3d4b6cad-7f6c-494b-ab09-60baacab887c,Tag3,Carleton University,Canal Building,3,E1,2026-04-01T03:39:12.121670+00:00,0.1000,"{""WAP4"": -69.0, ""WAP10"": -49.0, ""WAP1"": -63.0, ""WAP6"": -62.5}",7.0000,1.7600,39
9e4722a1-b93c-4398-9756-ea6b25436913,Tag2,Carleton University,Canal Building,3,B6,2026-04-01T03:39:12.121670+00:00,0.5630,"{""WAP4"": -62.0, ""WAP10"": -59.5, ""WAP1"": -47.0, ""WAP6"": -66.5}",2.3500,10.7700,39
a07b6da7-240e-4cc0-9831-0c5d02b321d7,Tag2,Carleton University,Canal Building,3,A6,2026-04-01T03:39:12.121670+00:00,0.1000,"{""WAP4"": -62.0, ""WAP10"": -59.5, ""WAP1"": -47.0, ""WAP6"": -66.5}",1.6400,11.8000,39
b898372b-696f-4449-8918-03d40970a223,Tag1,Carleton University,Canal Building,3,D3,2026-04-01T03:39:12.121670+00:00,0.1000,"{""WAP4"": -65.0, ""WAP10"": -58.0, ""WAP1"": -62.5, ""WAP6"": -69.0}",5.7000,5.7800,39
3b5cfaa7-ffa6-4b33-950b-b640a432b87c,Tag2,Carleton University,Canal Building,3,C4,2026-04-01T03:40:59.991865+00:00,0.9630,"{""WAP4"": -60.0, ""WAP10"": -58.5, ""WAP1"": -58.5, ""WAP6"": -60.0}",4.3100,6.9600,42
f77a8d7a-f18a-417a-b9eb-fe8d80156706,Tag2,Carleton University,Canal Building,3,C4,2026-04-01T03:40:59.991865+00:00,0.9000,"{""WAP4"": -60.0, ""WAP10"": -58.5, ""WAP1"": -58.5, ""WAP6"": -60.0}",4.3100,6.9600,42
09691fba-2cd1-49f5-a649-8a37bbb8e6ee,Tag3,Carleton University,Canal Building,3,D2,2026-04-01T03:40:59.991865+00:00,0.1000,"{""WAP4"": -65.0, ""WAP10"": -50.5, ""WAP1"": -61.5, ""WAP6"": -62.5}",6.5800,2.8100,42
277e480e-603f-47f3-8837-672011f5c227,Tag2,Carleton University,Canal Building,3,C4,2026-04-01T03:40:59.991865+00:00,0.9630,"{""WAP4"": -60.0, ""WAP10"": -58.5, ""WAP1"": -58.5, ""WAP6"": -60.0}",4.3100,6.9600,42
1c34f9ec-1e51-4ce3-b4af-c991bd19ba97,Tag2,Carleton University,Canal Building,3,C4,2026-04-01T03:40:59.991865+00:00,0.9000,"{""WAP4"": -60.0, ""WAP10"": -58.5, ""WAP1"": -58.5, ""WAP6"": -60.0}",4.3100,6.9600,42
77509ba8-4475-45af-954c-9850d6f351c3,Tag1,Carleton University,Canal Building,3,A7,2026-04-01T03:40:59.991865+00:00,0.1000,"{""WAP4"": -62.5, ""WAP10"": -56.5, ""WAP1"": -37.0, ""WAP6"": -68.5}",0.5600,13.1600,42
bd322ab0-75a7-4aaa-81f1-cb2beff1f856,Tag2,Carleton University,Canal Building,3,D3,2026-04-01T03:43:07.391668+00:00,0.8390,"{""WAP4"": -59.5, ""WAP10"": -53.0, ""WAP1"": -60.5, ""WAP6"": -58.5}",5.2300,5.1300,44
7d9c04d7-9a21-4f48-87fc-623e8dd68eb4,Tag2,Carleton University,Canal Building,3,D3,2026-04-01T03:43:07.391668+00:00,0.5800,"{""WAP4"": -59.5, ""WAP10"": -53.0, ""WAP1"": -60.5, ""WAP6"": -58.5}",5.5800,4.5100,44
9e5b1ec7-11dd-4eab-b587-e1f684937a9a,Tag3,Carleton University,Canal Building,3,D1,2026-04-01T03:43:07.391668+00:00,0.1000,"{""WAP4"": -68.0, ""WAP10"": -50.0, ""WAP1"": -63.0, ""WAP6"": -57.5}",6.0500,1.8300,44
573815dd-6020-47af-97e6-bb4eb9a09e3f,Tag2,Carleton University,Canal Building,3,D3,2026-04-01T03:43:07.391668+00:00,0.8390,"{""WAP4"": -59.5, ""WAP10"": -53.0, ""WAP1"": -60.5, ""WAP6"": -58.5}",5.2300,5.1300,44
96d1240c-f8a7-4e86-bb84-813ab51e3b35,Tag2,Carleton University,Canal Building,3,D3,2026-04-01T03:43:07.391668+00:00,0.5800,"{""WAP4"": -59.5, ""WAP10"": -53.0, ""WAP1"": -60.5, ""WAP6"": -58.5}",5.5800,4.5100,44
7fd38483-f139-49ce-9626-13948c12bf45,Tag1,Carleton University,Canal Building,3,A7,2026-04-01T03:43:07.391668+00:00,0.1000,"{""WAP4"": -63.0, ""WAP10"": -53.5, ""WAP1"": -39.0, ""WAP6"": -65.0}",1.0000,12.3800,44
313da813-3919-435c-bfbb-a1a6c698469c,Tag2,Carleton University,Canal Building,3,C3,2026-04-01T03:45:15.376012+00:00,0.8850,"{""WAP4"": -60.666666666666664, ""WAP10"": -58.333333333333336, ""WAP1"": -62.666666666666664, ""WAP6"": -59.666666666666664}",4.7100,5.9100,47
cef79445-1bb7-45d8-bcb8-e48c9862f6da,Tag2,Carleton University,Canal Building,3,C3,2026-04-01T03:45:15.376012+00:00,0.6790,"{""WAP4"": -60.666666666666664, ""WAP10"": -58.333333333333336, ""WAP1"": -62.666666666666664, ""WAP6"": -59.666666666666664}",4.8400,5.5700,47
62590297-f945-4613-a88d-9c349e41cc31,Tag3,Carleton University,Canal Building,3,D2,2026-04-01T03:45:15.376012+00:00,0.2040,"{""WAP4"": -64.66666666666667, ""WAP10"": -52.666666666666664, ""WAP1"": -61.0, ""WAP6"": -59.666666666666664}",5.6200,3.4200,47
b82836bf-b418-4fce-9ebf-3988d70c57af,Tag2,Carleton University,Canal Building,3,C3,2026-04-01T03:45:15.376012+00:00,0.8850,"{""WAP4"": -60.666666666666664, ""WAP10"": -58.333333333333336, ""WAP1"": -62.666666666666664, ""WAP6"": -59.666666666666664}",4.7100,5.9100,47
3368cda3-c0a9-4e77-b225-fc892719fe86,Tag2,Carleton University,Canal Building,3,C3,2026-04-01T03:45:15.376012+00:00,0.6790,"{""WAP4"": -60.666666666666664, ""WAP10"": -58.333333333333336, ""WAP1"": -62.666666666666664, ""WAP6"": -59.666666666666664}",4.8400,5.5700,47
1a777bf0-5d9a-4534-8203-8f7fd6289a2b,Tag1,Carleton University,Canal Building,3,B2,2026-04-01T03:45:15.376012+00:00,0.1000,"{""WAP4"": -69.0, ""WAP10"": -59.0, ""WAP1"": -65.0, ""WAP6"": -56.666666666666664}",3.4400,2.8000,47
9c1167a6-fffc-4f69-bf1a-38314a7068c6,Tag2,Carleton University,Canal Building,3,C4,2026-04-01T03:47:21.001490+00:00,0.9470,"{""WAP4"": -60.0, ""WAP10"": -61.5, ""WAP1"": -61.5, ""WAP6"": -59.5}",4.2400,6.8400,49
7541b120-0419-43f7-a8e3-cce70df422e2,Tag2,Carleton University,Canal Building,3,C4,2026-04-01T03:47:21.001490+00:00,0.8520,"{""WAP4"": -60.0, ""WAP10"": -61.5, ""WAP1"": -61.5, ""WAP6"": -59.5}",4.2200,6.8000,49
9c3411e0-50c8-43a6-84a5-c59ad84ab1a9,Tag3,Carleton University,Canal Building,3,C2,2026-04-01T03:47:21.001490+00:00,0.2980,"{""WAP4"": -65.0, ""WAP10"": -55.5, ""WAP1"": -61.5, ""WAP6"": -58.5}",4.7000,3.8800,49
d3429b4d-147d-45d4-bb7e-c7355f7b9e99,Tag2,Carleton University,Canal Building,3,C4,2026-04-01T03:47:21.001490+00:00,0.9470,"{""WAP4"": -60.0, ""WAP10"": -61.5, ""WAP1"": -61.5, ""WAP6"": -59.5}",4.2400,6.8400,49
c06a4ad0-9044-41c1-9553-9a7d902e449a,Tag2,Carleton University,Canal Building,3,C4,2026-04-01T03:47:21.001490+00:00,0.8520,"{""WAP4"": -60.0, ""WAP10"": -61.5, ""WAP1"": -61.5, ""WAP6"": -59.5}",4.2200,6.8000,49
6297ef72-2c80-4a6d-b36b-72f8642d675f,Tag1,Carleton University,Canal Building,3,B2,2026-04-01T03:47:21.001490+00:00,0.1000,"{""WAP4"": -66.0, ""WAP10"": -61.0, ""WAP1"": -60.5, ""WAP6"": -52.5}",2.0300,3.4500,49
13b8edc0-e134-48a1-b65b-f8e8c37732bc,Tag2,Carleton University,Canal Building,3,C4,2026-04-01T03:49:11.281891+00:00,0.8900,"{""WAP4"": -61.0, ""WAP10"": -57.666666666666664, ""WAP1"": -62.0, ""WAP6"": -61.666666666666664}",4.9600,6.1400,52
9a3871d5-8d14-4137-bfbf-51096df02a7c,Tag2,Carleton University,Canal Building,3,D3,2026-04-01T03:49:11.281891+00:00,0.6950,"{""WAP4"": -61.0, ""WAP10"": -57.666666666666664, ""WAP1"": -62.0, ""WAP6"": -61.666666666666664}",5.1900,5.8400,52
99dbeca3-a6a1-45bf-988e-764e59c36920,Tag3,Carleton University,Canal Building,3,D2,2026-04-01T03:49:11.281891+00:00,0.1000,"{""WAP4"": -69.0, ""WAP10"": -53.333333333333336, ""WAP1"": -62.0, ""WAP6"": -60.666666666666664}",5.6000,2.9400,52
b19581e6-600f-45a9-ba8f-624894091783,Tag2,Carleton University,Canal Building,3,C4,2026-04-01T03:49:11.281891+00:00,0.8900,"{""WAP4"": -61.0, ""WAP10"": -57.666666666666664, ""WAP1"": -62.0, ""WAP6"": -61.666666666666664}",4.9600,6.1400,52
94c4c8ff-d131-4683-8e4b-c0e7cc2bf166,Tag2,Carleton University,Canal Building,3,D3,2026-04-01T03:49:11.281891+00:00,0.6950,"{""WAP4"": -61.0, ""WAP10"": -57.666666666666664, ""WAP1"": -62.0, ""WAP6"": -61.666666666666664}",5.1900,5.8400,52
45dfddf7-0847-49c3-a585-2e0f76bd80c1,Tag1,Carleton University,Canal Building,3,C2,2026-04-01T03:49:11.281891+00:00,0.1440,"{""WAP4"": -66.33333333333333, ""WAP10"": -55.333333333333336, ""WAP1"": -63.0, ""WAP6"": -56.333333333333336}",4.3400,2.9200,52
bfc2a417-4593-49b0-bb61-5628e4ab5a9a,Tag2,Carleton University,Canal Building,3,C3,2026-04-01T03:50:36.381634+00:00,0.9250,"{""WAP4"": -61.0, ""WAP10"": -58.0, ""WAP1"": -61.0, ""WAP6"": -58.5}",4.3800,5.8600,54
e27cff3a-5a0a-4bf7-9d3b-5dd5dd19a4a3,Tag2,Carleton University,Canal Building,3,C3,2026-04-01T03:50:36.381634+00:00,0.7950,"{""WAP4"": -61.0, ""WAP10"": -58.0, ""WAP1"": -61.0, ""WAP6"": -58.5}",4.4100,5.5100,54
7263847d-efaf-41a7-919d-c2fd6e829054,Tag3,Carleton University,Canal Building,3,D2,2026-04-01T03:50:36.381634+00:00,0.1000,"{""WAP4"": -66.5, ""WAP10"": -51.5, ""WAP1"": -63.5, ""WAP6"": -58.5}",5.9300,2.2500,54
d72f1d43-cb6a-4d52-8079-59df7072fcf4,Tag2,Carleton University,Canal Building,3,C3,2026-04-01T03:50:36.381634+00:00,0.9250,"{""WAP4"": -61.0, ""WAP10"": -58.0, ""WAP1"": -61.0, ""WAP6"": -58.5}",4.3800,5.8600,54
d1e9f89f-45d4-4bc2-ac8b-bb93e2976f2e,Tag2,Carleton University,Canal Building,3,C3,2026-04-01T03:50:36.381634+00:00,0.7950,"{""WAP4"": -61.0, ""WAP10"": -58.0, ""WAP1"": -61.0, ""WAP6"": -58.5}",4.4100,5.5100,54
b2cf8170-9514-41a7-9162-9fa1e23912c3,Tag1,Carleton University,Canal Building,3,C1,2026-04-01T03:50:36.381634+00:00,0.1000,"{""WAP4"": -65.5, ""WAP10"": -50.0, ""WAP1"": -64.0, ""WAP6"": -50.5}",4.4100,1.3600,54
e149258d-eec9-406d-a8fe-ef3bc629f6ed,Tag2,Carleton University,Canal Building,3,C4,2026-04-01T03:52:44.103070+00:00,0.9330,"{""WAP4"": -60.333333333333336, ""WAP10"": -58.333333333333336, ""WAP1"": -60.666666666666664, ""WAP6"": -61.0}",4.6900,6.5800,57
a851b023-aeff-48bd-8bdf-196026fc7232,Tag2,Carleton University,Canal Building,3,C4,2026-04-01T03:52:44.103070+00:00,0.8150,"{""WAP4"": -60.333333333333336, ""WAP10"": -58.333333333333336, ""WAP1"": -60.666666666666664, ""WAP6"": -61.0}",4.8300,6.4400,57
197e0176-fd33-4c87-bc4c-dadec18cf87f,Tag3,Carleton University,Canal Building,3,C3,2026-04-01T03:52:44.103070+00:00,0.1000,"{""WAP4"": -69.0, ""WAP10"": -58.666666666666664, ""WAP1"": -61.0, ""WAP6"": -61.333333333333336}",4.0400,4.9000,57
535edfef-3465-4a89-ae6f-1f7ccee12c6f,Tag2,Carleton University,Canal Building,3,C4,2026-04-01T03:52:44.103070+00:00,0.9330,"{""WAP4"": -60.333333333333336, ""WAP10"": -58.333333333333336, ""WAP1"": -60.666666666666664, ""WAP6"": -61.0}",4.6900,6.5800,57
1f55db11-fccb-4814-a544-76dc249a9acb,Tag2,Carleton University,Canal Building,3,C4,2026-04-01T03:52:44.103070+00:00,0.8150,"{""WAP4"": -60.333333333333336, ""WAP10"": -58.333333333333336, ""WAP1"": -60.666666666666664, ""WAP6"": -61.0}",4.8300,6.4400,57
53be42f3-e408-49f0-98c1-b78707b51c60,Tag1,Carleton University,Canal Building,3,C1,2026-04-01T03:52:44.103070+00:00,0.1000,"{""WAP4"": -67.33333333333333, ""WAP10"": -52.666666666666664, ""WAP1"": -64.66666666666667, ""WAP6"": -53.333333333333336}",4.4000,1.6900,57
c5eef26b-6e2d-4b54-864d-e62e21c20425,Tag2,Carleton University,Canal Building,3,C4,2026-04-01T03:54:34.597791+00:00,0.8770,"{""WAP4"": -59.333333333333336, ""WAP10"": -56.666666666666664, ""WAP1"": -60.0, ""WAP6"": -61.666666666666664}",5.0200,6.6200,60
ff880de7-5672-4aba-b51a-980c378cf928,Tag2,Carleton University,Canal Building,3,D4,2026-04-01T03:54:34.597791+00:00,0.6650,"{""WAP4"": -59.333333333333336, ""WAP10"": -56.666666666666664, ""WAP1"": -60.0, ""WAP6"": -61.666666666666664}",5.2600,6.4400,60
06ac6acd-21be-43dd-b159-a796922a53e4,Tag3,Carleton University,Canal Building,3,C2,2026-04-01T03:54:34.597791+00:00,0.1000,"{""WAP4"": -69.0, ""WAP10"": -56.333333333333336, ""WAP1"": -63.0, ""WAP6"": -61.666666666666664}",5.0700,3.6000,60
747ff925-7836-44e0-b33c-a8a79f5b48c2,Tag2,Carleton University,Canal Building,3,C4,2026-04-01T03:54:34.597791+00:00,0.8770,"{""WAP4"": -59.333333333333336, ""WAP10"": -56.666666666666664, ""WAP1"": -60.0, ""WAP6"": -61.666666666666664}",5.0200,6.6200,60
d1ac4645-56dc-480a-9c6f-fad2c5fe5e3a,Tag2,Carleton University,Canal Building,3,D4,2026-04-01T03:54:34.597791+00:00,0.6650,"{""WAP4"": -59.333333333333336, ""WAP10"": -56.666666666666664, ""WAP1"": -60.0, ""WAP6"": -61.666666666666664}",5.2600,6.4400,60
a9ba78ee-2945-4067-a6f3-bc6c0f97302e,Tag1,Carleton University,Canal Building,3,C2,2026-04-01T03:54:34.597791+00:00,0.1000,"{""WAP4"": -65.66666666666667, ""WAP10"": -53.0, ""WAP1"": -62.666666666666664, ""WAP6"": -52.0}",3.8900,2.0300,60
ea5b101a-b150-4bf0-b6da-932538045f59,Tag2,Carleton University,Canal Building,3,C4,2026-04-01T03:55:58.767140+00:00,0.8600,"{""WAP4"": -60.0, ""WAP10"": -57.0, ""WAP1"": -60.5, ""WAP6"": -62.5}",5.0600,6.5900,62
d7dbb847-fc97-4d1b-bad1-92769ebcb716,Tag2,Carleton University,Canal Building,3,D4,2026-04-01T03:55:58.767140+00:00,0.6150,"{""WAP4"": -60.0, ""WAP10"": -57.0, ""WAP1"": -60.5, ""WAP6"": -62.5}",5.3100,6.3900,62
d574bc71-172f-4725-ad83-4d3fab7c15de,Tag3,Carleton University,Canal Building,3,D2,2026-04-01T03:55:58.767140+00:00,0.1000,"{""WAP4"": -67.0, ""WAP10"": -51.5, ""WAP1"": -59.5, ""WAP6"": -57.0}",5.1900,2.9500,62
80e175e0-f8e7-423a-a98b-454a2402c462,Tag2,Carleton University,Canal Building,3,C4,2026-04-01T03:55:58.767140+00:00,0.8600,"{""WAP4"": -60.0, ""WAP10"": -57.0, ""WAP1"": -60.5, ""WAP6"": -62.5}",5.0600,6.5900,62
7f8d04d9-258c-4c35-831e-321222de4866,Tag2,Carleton University,Canal Building,3,D4,2026-04-01T03:55:58.767140+00:00,0.6150,"{""WAP4"": -60.0, ""WAP10"": -57.0, ""WAP1"": -60.5, ""WAP6"": -62.5}",5.3100,6.3900,62
00fa85cc-e346-474d-8907-0e0a35252a30,Tag1,Carleton University,Canal Building,3,D2,2026-04-01T03:55:58.767140+00:00,0.1000,"{""WAP4"": -70.0, ""WAP10"": -52.5, ""WAP1"": -59.5, ""WAP6"": -59.5}",5.2600,3.2500,62
2fe9adfd-2e1f-447e-a385-e13064edf8b1,Tag2,Carleton University,Canal Building,3,C4,2026-04-01T03:57:24.065115+00:00,0.7680,"{""WAP4"": -60.5, ""WAP10"": -58.0, ""WAP1"": -59.0, ""WAP6"": -66.0}",4.9600,7.5100,64
3fd23f4a-2730-4317-988a-bd488c1c6fb2,Tag2,Carleton University,Canal Building,3,C4,2026-04-01T03:57:24.065115+00:00,0.3280,"{""WAP4"": -60.5, ""WAP10"": -58.0, ""WAP1"": -59.0, ""WAP6"": -66.0}",5.1200,7.5600,64
691654a3-5aa5-405e-b09e-560cede36261,Tag3,Carleton University,Canal Building,3,D2,2026-04-01T03:57:24.065115+00:00,0.1000,"{""WAP4"": -66.5, ""WAP10"": -54.5, ""WAP1"": -62.5, ""WAP6"": -65.5}",6.1000,3.8400,64
7dd5c46b-27a7-410f-86e3-6ff8f0aa57f5,Tag2,Carleton University,Canal Building,3,C4,2026-04-01T03:57:24.065115+00:00,0.7680,"{""WAP4"": -60.5, ""WAP10"": -58.0, ""WAP1"": -59.0, ""WAP6"": -66.0}",4.9600,7.5100,64
7e452d92-b557-4b52-ad98-d6c282cfd2ba,Tag2,Carleton University,Canal Building,3,C4,2026-04-01T03:57:24.065115+00:00,0.3280,"{""WAP4"": -60.5, ""WAP10"": -58.0, ""WAP1"": -59.0, ""WAP6"": -66.0}",5.1200,7.5600,64
9b33672e-ef62-4849-85c4-225f8133af34,Tag1,Carleton University,Canal Building,3,D2,2026-04-01T03:57:24.065115+00:00,0.1000,"{""WAP4"": -68.0, ""WAP10"": -55.0, ""WAP1"": -69.0, ""WAP6"": -59.5}",5.5800,2.0000,64
e561839b-f613-4e80-9a3e-6f7c9f77e9ad,Tag2,Carleton University,Canal Building,3,C4,2026-04-01T03:59:12.674332+00:00,0.8990,"{""WAP4"": -59.333333333333336, ""WAP10"": -59.333333333333336, ""WAP1"": -59.666666666666664, ""WAP6"": -63.0}",4.7700,7.5400,67
0ddef3e7-2eae-46e4-ba99-27f70734920e,Tag2,Carleton University,Canal Building,3,C4,2026-04-01T03:59:12.674332+00:00,0.7150,"{""WAP4"": -59.333333333333336, ""WAP10"": -59.333333333333336, ""WAP1"": -59.666666666666664, ""WAP6"": -63.0}",4.9000,7.7100,67
f9a75c75-0e0a-4400-bed0-73e5e6dce020,Tag3,Carleton University,Canal Building,3,C2,2026-04-01T03:59:12.674332+00:00,0.1000,"{""WAP4"": -67.33333333333333, ""WAP10"": -57.666666666666664, ""WAP1"": -64.0, ""WAP6"": -56.0}",3.6500,2.9100,67
dd29642f-dfd9-415d-86ab-ce7161891fd6,Tag2,Carleton University,Canal Building,3,C4,2026-04-01T03:59:12.674332+00:00,0.8990,"{""WAP4"": -59.333333333333336, ""WAP10"": -59.333333333333336, ""WAP1"": -59.666666666666664, ""WAP6"": -63.0}",4.7700,7.5400,67
0f58debf-922a-4270-89ea-0c3d10bbf5cb,Tag2,Carleton University,Canal Building,3,C4,2026-04-01T03:59:12.674332+00:00,0.7150,"{""WAP4"": -59.333333333333336, ""WAP10"": -59.333333333333336, ""WAP1"": -59.666666666666664, ""WAP6"": -63.0}",4.9000,7.7100,67
617f6a97-c5cb-4a9a-8c6e-ac78420d6f8f,Tag1,Carleton University,Canal Building,3,C3,2026-04-01T03:59:12.674332+00:00,0.1000,"{""WAP4"": -70.0, ""WAP10"": -58.666666666666664, ""WAP1"": -62.333333333333336, ""WAP6"": -62.333333333333336}",4.3800,4.4800,67
557beed3-e73a-46cb-a0e0-57e9dd683b58,Tag2,Carleton University,Canal Building,3,C4,2026-04-01T04:00:37.246680+00:00,0.8720,"{""WAP4"": -59.5, ""WAP10"": -61.5, ""WAP1"": -62.0, ""WAP6"": -64.0}",4.9300,7.7500,69
1e9c514f-2e84-49c7-8c61-9d935b37f9e8,Tag2,Carleton University,Canal Building,3,C5,2026-04-01T04:00:37.246680+00:00,0.6330,"{""WAP4"": -59.5, ""WAP10"": -61.5, ""WAP1"": -62.0, ""WAP6"": -64.0}",5.1300,8.0100,69
f2c93874-7769-4667-a726-4c3c02182eda,Tag3,Carleton University,Canal Building,3,D3,2026-04-01T04:00:37.246680+00:00,0.3010,"{""WAP4"": -64.5, ""WAP10"": -54.5, ""WAP1"": -61.0, ""WAP6"": -61.0}",5.3700,4.1600,69
c6cab512-c292-4e73-8278-b491786637ec,Tag2,Carleton University,Canal Building,3,C4,2026-04-01T04:00:37.246680+00:00,0.8720,"{""WAP4"": -59.5, ""WAP10"": -61.5, ""WAP1"": -62.0, ""WAP6"": -64.0}",4.9300,7.7500,69
eb8a0493-dc4d-40ed-8a73-ca90d1d4a424,Tag2,Carleton University,Canal Building,3,C5,2026-04-01T04:00:37.246680+00:00,0.6330,"{""WAP4"": -59.5, ""WAP10"": -61.5, ""WAP1"": -62.0, ""WAP6"": -64.0}",5.1300,8.0100,69
b54fab24-b6a4-432c-a5f4-cfe1851a6261,Tag1,Carleton University,Canal Building,3,C4,2026-04-01T04:00:37.246680+00:00,0.2070,"{""WAP4"": -71.0, ""WAP10"": -65.0, ""WAP1"": -65.0, ""WAP6"": -67.0}",3.8500,6.2100,69
c190fa31-7c98-43e6-b2c8-6307e32b7da7,Tag2,Carleton University,Canal Building,3,C4,2026-04-01T04:02:02.594453+00:00,0.8790,"{""WAP4"": -60.0, ""WAP10"": -58.5, ""WAP1"": -61.5, ""WAP6"": -63.0}",5.0500,6.8500,71
29d411b7-5404-494e-a9ce-fd782d73b296,Tag2,Carleton University,Canal Building,3,D4,2026-04-01T04:02:02.594453+00:00,0.6600,"{""WAP4"": -60.0, ""WAP10"": -58.5, ""WAP1"": -61.5, ""WAP6"": -63.0}",5.2900,6.7700,71
47c23910-c488-4f0e-84f4-e0312ed0e11d,Tag3,Carleton University,Canal Building,3,D2,2026-04-01T04:02:02.594453+00:00,0.3810,"{""WAP4"": -62.0, ""WAP10"": -52.0, ""WAP1"": -62.5, ""WAP6"": -60.5}",6.2100,3.4200,71
9175f791-6e90-4a40-90de-86fc24d14f3c,Tag2,Carleton University,Canal Building,3,C4,2026-04-01T04:02:02.594453+00:00,0.8790,"{""WAP4"": -60.0, ""WAP10"": -58.5, ""WAP1"": -61.5, ""WAP6"": -63.0}",5.0500,6.8500,71
ce91aff7-2e6b-4232-878d-f217ca01d7c7,Tag2,Carleton University,Canal Building,3,D4,2026-04-01T04:02:02.594453+00:00,0.6600,"{""WAP4"": -60.0, ""WAP10"": -58.5, ""WAP1"": -61.5, ""WAP6"": -63.0}",5.2900,6.7700,71
fa759995-9e97-4d5a-b0d9-13aa2b381c51,Tag1,Carleton University,Canal Building,3,D2,2026-04-01T04:02:02.594453+00:00,0.1730,"{""WAP4"": -64.0, ""WAP10"": -50.0, ""WAP1"": -59.0, ""WAP6"": -56.5}",5.5400,2.9500,71
02013462-48a6-4318-ae1e-c59f817a3654,Tag2,Carleton University,Canal Building,3,C4,2026-04-01T04:03:27.864634+00:00,0.8720,"{""WAP4"": -59.5, ""WAP10"": -60.5, ""WAP1"": -61.0, ""WAP6"": -64.0}",4.9000,7.7000,73
c9908262-cf88-4f1d-835c-b52d6ba31280,Tag2,Carleton University,Canal Building,3,C4,2026-04-01T04:03:27.864634+00:00,0.6330,"{""WAP4"": -59.5, ""WAP10"": -60.5, ""WAP1"": -61.0, ""WAP6"": -64.0}",5.0800,7.9200,73
fda441f3-a6b8-4967-99a4-561ff100782f,Tag3,Carleton University,Canal Building,3,D2,2026-04-01T04:03:27.864634+00:00,0.3180,"{""WAP4"": -62.0, ""WAP10"": -51.5, ""WAP1"": -63.0, ""WAP6"": -59.5}",6.2200,3.1000,73
f78c4455-fd28-49b1-afbd-4f5645c28c21,Tag2,Carleton University,Canal Building,3,C4,2026-04-01T04:03:27.864634+00:00,0.8720,"{""WAP4"": -59.5, ""WAP10"": -60.5, ""WAP1"": -61.0, ""WAP6"": -64.0}",4.9000,7.7000,73
f02d5e27-ad99-465b-8fe1-4d2e0dbf41c3,Tag2,Carleton University,Canal Building,3,C4,2026-04-01T04:03:27.864634+00:00,0.6330,"{""WAP4"": -59.5, ""WAP10"": -60.5, ""WAP1"": -61.0, ""WAP6"": -64.0}",5.0800,7.9200,73
29c934da-1b40-4ffe-97da-9b3708833f38,Tag1,Carleton University,Canal Building,3,C2,2026-04-01T04:03:27.864634+00:00,0.1000,"{""WAP4"": -68.5, ""WAP10"": -55.5, ""WAP1"": -60.5, ""WAP6"": -59.5}",4.5700,3.9000,73
45ab82a6-f098-4e27-8e4e-6423a04e519d,Tag2,Carleton University,Canal Building,3,C5,2026-04-01T04:04:52.395428+00:00,0.8560,"{""WAP4"": -59.5, ""WAP10"": -62.0, ""WAP1"": -60.5, ""WAP6"": -64.5}",4.7100,8.2100,75
3c619084-2095-4e29-bdba-81e00645865b,Tag2,Carleton University,Canal Building,3,C5,2026-04-01T04:04:52.395428+00:00,0.5840,"{""WAP4"": -59.5, ""WAP10"": -62.0, ""WAP1"": -60.5, ""WAP6"": -64.5}",4.8300,8.6000,75
0e5414ab-d825-4469-a7b1-2fd96a738b7b,Tag3,Carleton University,Canal Building,3,D2,2026-04-01T04:04:52.395428+00:00,0.4690,"{""WAP4"": -60.5, ""WAP10"": -50.0, ""WAP1"": -60.5, ""WAP6"": -60.0}",6.4000,3.4400,75
f64fd6f6-bb98-48f0-988a-7404030c8869,Tag2,Carleton University,Canal Building,3,C5,2026-04-01T04:04:52.395428+00:00,0.8560,"{""WAP4"": -59.5, ""WAP10"": -62.0, ""WAP1"": -60.5, ""WAP6"": -64.5}",4.7100,8.2100,75
8ecbeb2b-603d-40ac-8b9b-7199371bdca6,Tag2,Carleton University,Canal Building,3,C5,2026-04-01T04:04:52.395428+00:00,0.5840,"{""WAP4"": -59.5, ""WAP10"": -62.0, ""WAP1"": -60.5, ""WAP6"": -64.5}",4.8300,8.6000,75
0221e658-71bd-43c0-a975-e4c37be79e3b,Tag1,Carleton University,Canal Building,3,B2,2026-04-01T04:04:52.395428+00:00,0.1900,"{""WAP4"": -64.0, ""WAP10"": -54.0, ""WAP1"": -63.0, ""WAP6"": -50.5}",3.3000,2.0400,75
395e3509-d0c6-43fd-89a1-fe73eda6b3d0,Tag2,Carleton University,Canal Building,3,C4,2026-04-01T04:06:16.903491+00:00,0.9000,"{""WAP4"": -59.5, ""WAP10"": -57.5, ""WAP1"": -61.5, ""WAP6"": -60.5}",4.9400,6.3300,77
c32e0592-3513-4e38-94a4-d8e573361980,Tag2,Carleton University,Canal Building,3,C4,2026-04-01T04:06:16.903491+00:00,0.7260,"{""WAP4"": -59.5, ""WAP10"": -57.5, ""WAP1"": -61.5, ""WAP6"": -60.5}",5.1500,6.1100,77
7c1f9934-afa0-4099-a846-71882ff82132,Tag3,Carleton University,Canal Building,3,E1,2026-04-01T04:06:16.903491+00:00,0.2560,"{""WAP4"": -61.5, ""WAP10"": -45.0, ""WAP1"": -60.5, ""WAP6"": -60.5}",7.3600,1.8900,77
834ab7e0-a56c-4ceb-8b67-56b3953d7067,Tag2,Carleton University,Canal Building,3,C4,2026-04-01T04:06:16.903491+00:00,0.9000,"{""WAP4"": -59.5, ""WAP10"": -57.5, ""WAP1"": -61.5, ""WAP6"": -60.5}",4.9400,6.3300,77
b6e5332e-0630-4a02-a298-554184218126,Tag2,Carleton University,Canal Building,3,C4,2026-04-01T04:06:16.903491+00:00,0.7260,"{""WAP4"": -59.5, ""WAP10"": -57.5, ""WAP1"": -61.5, ""WAP6"": -60.5}",5.1500,6.1100,77
d8ff7033-403c-4b6e-9382-7f5e2fb81954,Tag1,Carleton University,Canal Building,3,C1,2026-04-01T04:06:16.903491+00:00,0.1000,"{""WAP4"": -70.0, ""WAP10"": -48.5, ""WAP1"": -59.0, ""WAP6"": -50.0}",4.4000,1.6200,77
335fa0cd-0a63-4549-81bf-a29ee76b7217,Tag2,Carleton University,Canal Building,3,C4,2026-04-01T04:08:05.451947+00:00,0.9400,"{""WAP4"": -59.0, ""WAP10"": -60.333333333333336, ""WAP1"": -61.333333333333336, ""WAP6"": -61.0}",4.6900,7.1800,80
340bd514-2348-4f33-9415-d478f3176877,Tag2,Carleton University,Canal Building,3,C4,2026-04-01T04:08:05.451947+00:00,0.8320,"{""WAP4"": -59.0, ""WAP10"": -60.333333333333336, ""WAP1"": -61.333333333333336, ""WAP6"": -61.0}",4.8100,7.2700,80
05d21d8c-52da-4689-af52-25b88245d452,Tag3,Carleton University,Canal Building,3,D3,2026-04-01T04:08:05.451947+00:00,0.2070,"{""WAP4"": -62.666666666666664, ""WAP10"": -51.0, ""WAP1"": -59.0, ""WAP6"": -64.0}",6.3000,4.0100,80
f3ba0ee9-91a2-4ac9-a4a3-6757d1d16aee,Tag2,Carleton University,Canal Building,3,C4,2026-04-01T04:08:05.451947+00:00,0.9400,"{""WAP4"": -59.0, ""WAP10"": -60.333333333333336, ""WAP1"": -61.333333333333336, ""WAP6"": -61.0}",4.6900,7.1800,80
ca2263ac-68cf-4822-875c-121d29305b84,Tag2,Carleton University,Canal Building,3,C4,2026-04-01T04:08:05.451947+00:00,0.8320,"{""WAP4"": -59.0, ""WAP10"": -60.333333333333336, ""WAP1"": -61.333333333333336, ""WAP6"": -61.0}",4.8100,7.2700,80
a153e303-fa84-43e5-ba44-7172efc57750,Tag1,Carleton University,Canal Building,3,C1,2026-04-01T04:08:05.451947+00:00,0.1000,"{""WAP4"": -71.33333333333333, ""WAP10"": -51.666666666666664, ""WAP1"": -59.666666666666664, ""WAP6"": -51.0}",3.6900,1.9400,80
d00f9b8d-11df-4653-ab25-c3da1d09488c,Tag2,Carleton University,Canal Building,3,C3,2026-04-01T04:09:31.842039+00:00,0.8440,"{""WAP4"": -60.5, ""WAP10"": -55.5, ""WAP1"": -62.0, ""WAP6"": -58.5}",4.9100,5.2500,82
87252c5a-1a5c-4309-88d2-86886a8dc11d,Tag2,Carleton University,Canal Building,3,C3,2026-04-01T04:09:31.842039+00:00,0.5770,"{""WAP4"": -60.5, ""WAP10"": -55.5, ""WAP1"": -62.0, ""WAP6"": -58.5}",5.1200,4.7000,82
9f669783-f9c2-46e0-9ca6-878e5869818d,Tag3,Carleton University,Canal Building,3,E2,2026-04-01T04:09:31.842039+00:00,0.3940,"{""WAP4"": -60.0, ""WAP10"": -47.5, ""WAP1"": -60.5, ""WAP6"": -60.5}",6.9700,2.7700,82
e9769c8a-9002-4965-a26a-1850076cee9c,Tag2,Carleton University,Canal Building,3,C3,2026-04-01T04:09:31.842039+00:00,0.8440,"{""WAP4"": -60.5, ""WAP10"": -55.5, ""WAP1"": -62.0, ""WAP6"": -58.5}",4.9100,5.2500,82
a7269903-53d6-4578-b4d6-159f3400cacb,Tag2,Carleton University,Canal Building,3,C3,2026-04-01T04:09:31.842039+00:00,0.5770,"{""WAP4"": -60.5, ""WAP10"": -55.5, ""WAP1"": -62.0, ""WAP6"": -58.5}",5.1200,4.7000,82
9628a92d-7d76-488c-8c3c-bf02d3442c42,Tag1,Carleton University,Canal Building,3,C1,2026-04-01T04:09:31.842039+00:00,0.1000,"{""WAP4"": -70.0, ""WAP10"": -48.5, ""WAP1"": -58.5, ""WAP6"": -48.0}",3.8300,1.5000,82
42582b21-d1a7-473e-a074-62f78ea0b938,Tag2,Carleton University,Canal Building,3,C4,2026-04-01T04:11:21.179159+00:00,0.9300,"{""WAP4"": -59.0, ""WAP10"": -61.666666666666664, ""WAP1"": -61.333333333333336, ""WAP6"": -61.333333333333336}",4.5800,7.5200,85
dc973408-c480-46de-abde-b857dfb25a37,Tag2,Carleton University,Canal Building,3,C4,2026-04-01T04:11:21.179159+00:00,0.8060,"{""WAP4"": -59.0, ""WAP10"": -61.666666666666664, ""WAP1"": -61.333333333333336, ""WAP6"": -61.333333333333336}",4.6800,7.7200,85
d8854542-5445-4b0a-bcea-7831a2cc6ff1,Tag3,Carleton University,Canal Building,3,D3,2026-04-01T04:11:21.179159+00:00,0.4910,"{""WAP4"": -60.666666666666664, ""WAP10"": -53.666666666666664, ""WAP1"": -62.0, ""WAP6"": -62.0}",6.0900,4.5400,85
dc996646-e204-47e3-9aeb-b5bae1c146ee,Tag2,Carleton University,Canal Building,3,C4,2026-04-01T04:11:21.179159+00:00,0.9300,"{""WAP4"": -59.0, ""WAP10"": -61.666666666666664, ""WAP1"": -61.333333333333336, ""WAP6"": -61.333333333333336}",4.5800,7.5200,85
0f695b76-d144-4b57-b4f5-b76798c959fe,Tag2,Carleton University,Canal Building,3,C4,2026-04-01T04:11:21.179159+00:00,0.8060,"{""WAP4"": -59.0, ""WAP10"": -61.666666666666664, ""WAP1"": -61.333333333333336, ""WAP6"": -61.333333333333336}",4.6800,7.7200,85
010adcc1-41ab-4a20-bae3-9ad4888fa0f0,Tag1,Carleton University,Canal Building,3,C1,2026-04-01T04:11:21.179159+00:00,0.1000,"{""WAP4"": -71.33333333333333, ""WAP10"": -52.0, ""WAP1"": -61.333333333333336, ""WAP6"": -51.0}",3.6900,1.6400,85
0994941a-9140-4d09-9e88-72ec9d3a31a0,Tag2,Carleton University,Canal Building,3,C4,2026-04-01T04:13:30.487971+00:00,0.8760,"{""WAP4"": -59.0, ""WAP10"": -63.5, ""WAP1"": -62.0, ""WAP6"": -62.0}",4.5700,7.8900,87
c77321b9-7c25-4bb4-bb12-ad5f8dd3654b,Tag2,Carleton University,Canal Building,3,C5,2026-04-01T04:13:30.487971+00:00,0.6470,"{""WAP4"": -59.0, ""WAP10"": -63.5, ""WAP1"": -62.0, ""WAP6"": -62.0}",4.6800,8.2100,87
d73ec776-db81-4392-a4d4-6a59884aaae1,Tag3,Carleton University,Canal Building,3,D2,2026-04-01T04:13:30.487971+00:00,0.3180,"{""WAP4"": -61.0, ""WAP10"": -51.5, ""WAP1"": -63.0, ""WAP6"": -63.0}",6.7500,3.5700,87
afad8660-6464-4b31-a13d-896f429b6d36,Tag2,Carleton University,Canal Building,3,C4,2026-04-01T04:13:30.487971+00:00,0.8760,"{""WAP4"": -59.0, ""WAP10"": -63.5, ""WAP1"": -62.0, ""WAP6"": -62.0}",4.5700,7.8900,87
b3142ea7-6d6c-4c72-a512-d12108dddca4,Tag2,Carleton University,Canal Building,3,C5,2026-04-01T04:13:30.487971+00:00,0.6470,"{""WAP4"": -59.0, ""WAP10"": -63.5, ""WAP1"": -62.0, ""WAP6"": -62.0}",4.6800,8.2100,87
cdda7c05-b8ae-43ad-9e93-351c2d6f96af,Tag1,Carleton University,Canal Building,3,C1,2026-04-01T04:13:30.487971+00:00,0.1000,"{""WAP4"": -71.5, ""WAP10"": -52.5, ""WAP1"": -66.0, ""WAP6"": -51.5}",3.8700,1.0700,87
34b44833-adfe-4aae-a457-1d2d03b1143a,Tag2,Carleton University,Canal Building,3,C4,2026-04-01T04:15:20.131677+00:00,0.9210,"{""WAP4"": -59.0, ""WAP10"": -62.0, ""WAP1"": -61.333333333333336, ""WAP6"": -61.666666666666664}",4.5900,7.6500,90
f188fea4-9e3b-4e0a-bb09-d14df9bb07a9,Tag2,Carleton University,Canal Building,3,C4,2026-04-01T04:15:20.131677+00:00,0.7780,"{""WAP4"": -59.0, ""WAP10"": -62.0, ""WAP1"": -61.333333333333336, ""WAP6"": -61.666666666666664}",4.7000,7.8900,90
0233ba7b-c3ae-4413-aecd-7363387c919a,Tag3,Carleton University,Canal Building,3,D2,2026-04-01T04:15:20.131677+00:00,0.2760,"{""WAP4"": -62.666666666666664, ""WAP10"": -52.0, ""WAP1"": -63.666666666666664, ""WAP6"": -60.666666666666664}",6.3300,3.0900,90
786115c7-e452-4bd8-acdf-de4790a44ef0,Tag2,Carleton University,Canal Building,3,C4,2026-04-01T04:15:20.131677+00:00,0.9210,"{""WAP4"": -59.0, ""WAP10"": -62.0, ""WAP1"": -61.333333333333336, ""WAP6"": -61.666666666666664}",4.5900,7.6500,90
b42f4370-13c6-41ba-8b4a-41006fd9d0f6,Tag2,Carleton University,Canal Building,3,C4,2026-04-01T04:15:20.131677+00:00,0.7780,"{""WAP4"": -59.0, ""WAP10"": -62.0, ""WAP1"": -61.333333333333336, ""WAP6"": -61.666666666666664}",4.7000,7.8900,90
324eabd7-fa4e-49dc-906e-3c61263dcd7a,Tag1,Carleton University,Canal Building,3,C3,2026-04-01T04:15:20.131677+00:00,0.4160,"{""WAP4"": -65.0, ""WAP10"": -57.666666666666664, ""WAP1"": -61.333333333333336, ""WAP6"": -60.666666666666664}",4.5200,4.9300,90
616a545a-c453-41b7-9413-bf938acdcee1,Tag2,Carleton University,Canal Building,3,C4,2026-04-01T04:17:10.438858+00:00,0.8730,"{""WAP4"": -58.666666666666664, ""WAP10"": -63.333333333333336, ""WAP1"": -61.666666666666664, ""WAP6"": -61.0}",4.4700,7.7700,93
b7b25c1e-334d-4506-8518-d997cc2d94ea,Tag2,Carleton University,Canal Building,3,C5,2026-04-01T04:17:10.438858+00:00,0.6410,"{""WAP4"": -58.666666666666664, ""WAP10"": -63.333333333333336, ""WAP1"": -61.666666666666664, ""WAP6"": -61.0}",4.5500,8.0500,93
010205e4-59e2-4c93-9d47-dcf431ee69c2,Tag3,Carleton University,Canal Building,3,D2,2026-04-01T04:17:10.438858+00:00,0.1950,"{""WAP4"": -64.0, ""WAP10"": -50.666666666666664, ""WAP1"": -61.0, ""WAP6"": -55.0}",5.2700,2.5100,93
01f24a06-5bdf-4819-96e0-477cdff400b8,Tag2,Carleton University,Canal Building,3,C4,2026-04-01T04:17:10.438858+00:00,0.8730,"{""WAP4"": -58.666666666666664, ""WAP10"": -63.333333333333336, ""WAP1"": -61.666666666666664, ""WAP6"": -61.0}",4.4700,7.7700,93
beb1e007-8585-4cae-bbf0-07c7d5d84f64,Tag2,Carleton University,Canal Building,3,C5,2026-04-01T04:17:10.438858+00:00,0.6410,"{""WAP4"": -58.666666666666664, ""WAP10"": -63.333333333333336, ""WAP1"": -61.666666666666664, ""WAP6"": -61.0}",4.5500,8.0500,93
fccaa6be-7387-44ac-9776-aac45526a1a3,Tag1,Carleton University,Canal Building,3,D2,2026-04-01T04:17:10.438858+00:00,0.1310,"{""WAP4"": -67.33333333333333, ""WAP10"": -57.333333333333336, ""WAP1"": -66.33333333333333, ""WAP6"": -61.666666666666664}",5.2900,3.2800,93
21fa18cd-4018-4d96-a3c0-d0aeb05a0b14,Tag2,Carleton University,Canal Building,3,C4,2026-04-01T04:18:58.958361+00:00,0.8390,"{""WAP4"": -59.5, ""WAP10"": -65.0, ""WAP1"": -61.5, ""WAP6"": -61.0}",4.1700,7.8800,95
f24cea27-9cc8-47f9-a6c9-5815a7f6590a,Tag2,Carleton University,Canal Building,3,C5,2026-04-01T04:18:58.958361+00:00,0.5330,"{""WAP4"": -59.5, ""WAP10"": -65.0, ""WAP1"": -61.5, ""WAP6"": -61.0}",4.1600,8.1600,95
be117ace-31f0-4a28-81f4-9aa09e7997d0,Tag3,Carleton University,Canal Building,3,C2,2026-04-01T04:18:58.958361+00:00,0.2250,"{""WAP4"": -64.0, ""WAP10"": -51.5, ""WAP1"": -61.0, ""WAP6"": -55.5}",5.1500,2.7500,95
69fa80a4-4b1e-4be7-9dc1-a3a474e98def,Tag2,Carleton University,Canal Building,3,C4,2026-04-01T04:18:58.958361+00:00,0.8390,"{""WAP4"": -59.5, ""WAP10"": -65.0, ""WAP1"": -61.5, ""WAP6"": -61.0}",4.1700,7.8800,95
a1a2db92-cd13-4d64-912b-3a3abd0e07e3,Tag2,Carleton University,Canal Building,3,C5,2026-04-01T04:18:58.958361+00:00,0.5330,"{""WAP4"": -59.5, ""WAP10"": -65.0, ""WAP1"": -61.5, ""WAP6"": -61.0}",4.1600,8.1600,95
3ee3ec47-1be9-4517-9125-13f5d70fb0cc,Tag1,Carleton University,Canal Building,3,C3,2026-04-01T04:18:58.958361+00:00,0.5540,"{""WAP4"": -63.5, ""WAP10"": -58.0, ""WAP1"": -61.5, ""WAP6"": -57.5}",3.9800,4.5600,95
13decc93-96b9-4fa3-bb92-052155a83230,Tag2,Carleton University,Canal Building,3,C4,2026-04-01T04:20:27.508218+00:00,0.9090,"{""WAP4"": -58.5, ""WAP10"": -60.5, ""WAP1"": -62.0, ""WAP6"": -61.5}",4.8800,7.3200,97
f4940789-b459-40ac-8de4-3b0cc1146e89,Tag2,Carleton University,Canal Building,3,C4,2026-04-01T04:20:27.508218+00:00,0.7460,"{""WAP4"": -58.5, ""WAP10"": -60.5, ""WAP1"": -62.0, ""WAP6"": -61.5}",5.0700,7.4700,97
3c149a88-49e1-4aee-b394-6bc48ce389c2,Tag3,Carleton University,Canal Building,3,D2,2026-04-01T04:20:27.508218+00:00,0.4000,"{""WAP4"": -61.0, ""WAP10"": -52.5, ""WAP1"": -62.5, ""WAP6"": -55.5}",5.1700,3.2000,97
2bfd022c-01cc-470b-9c96-1ba8febbacda,Tag2,Carleton University,Canal Building,3,C4,2026-04-01T04:20:27.508218+00:00,0.9090,"{""WAP4"": -58.5, ""WAP10"": -60.5, ""WAP1"": -62.0, ""WAP6"": -61.5}",4.8800,7.3200,97
fb8692ed-6ee3-4034-a69a-6377fd2bb8e4,Tag2,Carleton University,Canal Building,3,C4,2026-04-01T04:20:27.508218+00:00,0.7460,"{""WAP4"": -58.5, ""WAP10"": -60.5, ""WAP1"": -62.0, ""WAP6"": -61.5}",5.0700,7.4700,97
0ea122d4-7bfe-4254-bb75-50394b135337,Tag1,Carleton University,Canal Building,3,C3,2026-04-01T04:20:27.508218+00:00,0.1200,"{""WAP4"": -67.5, ""WAP10"": -57.5, ""WAP1"": -62.5, ""WAP6"": -61.0}",4.6300,4.1800,97
75e70f17-8f25-40d5-990c-42ec0f17bcf4,Tag2,Carleton University,Canal Building,3,C4,2026-04-01T04:22:18.858486+00:00,0.9010,"{""WAP4"": -59.0, ""WAP10"": -62.0, ""WAP1"": -62.666666666666664, ""WAP6"": -60.0}",4.5200,7.0800,100
9e90684b-44b5-46ab-b6d1-55d90c63c7ca,Tag2,Carleton University,Canal Building,3,C4,2026-04-01T04:22:18.858486+00:00,0.7220,"{""WAP4"": -59.0, ""WAP10"": -62.0, ""WAP1"": -62.666666666666664, ""WAP6"": -60.0}",4.6000,7.1400,100
1a23a6f0-dcbf-471f-9e26-b34534ba4a50,Tag3,Carleton University,Canal Building,3,D2,2026-04-01T04:22:18.858486+00:00,0.3770,"{""WAP4"": -61.666666666666664, ""WAP10"": -53.0, ""WAP1"": -63.0, ""WAP6"": -57.0}",5.3900,3.3000,100
5ea85643-6628-4478-9bc5-458be92d76f6,Tag2,Carleton University,Canal Building,3,C4,2026-04-01T04:22:18.858486+00:00,0.9010,"{""WAP4"": -59.0, ""WAP10"": -62.0, ""WAP1"": -62.666666666666664, ""WAP6"": -60.0}",4.5200,7.0800,100
1d20d475-cee9-4b26-b4d0-78af1580fb01,Tag2,Carleton University,Canal Building,3,C4,2026-04-01T04:22:18.858486+00:00,0.7220,"{""WAP4"": -59.0, ""WAP10"": -62.0, ""WAP1"": -62.666666666666664, ""WAP6"": -60.0}",4.6000,7.1400,100
09d12f3f-b3f2-404f-b565-3b0e4d21fae0,Tag1,Carleton University,Canal Building,3,C2,2026-04-01T04:22:18.858486+00:00,0.1000,"{""WAP4"": -76.33333333333333, ""WAP10"": -66.33333333333333, ""WAP1"": -72.66666666666667, ""WAP6"": -69.0}",4.6400,3.6600,100
a96ee95c-4184-4776-8642-9cce1c517b9c,Tag2,Carleton University,Canal Building,3,C4,2026-04-01T04:23:47.176064+00:00,0.8790,"{""WAP4"": -58.5, ""WAP10"": -61.0, ""WAP1"": -63.0, ""WAP6"": -60.0}",4.7300,6.9600,102
359afaaa-9b25-44df-80a7-3061719a4e5b,Tag2,Carleton University,Canal Building,3,C4,2026-04-01T04:23:47.176064+00:00,0.6600,"{""WAP4"": -58.5, ""WAP10"": -61.0, ""WAP1"": -63.0, ""WAP6"": -60.0}",4.8700,7.0100,102
9a5cd903-7ea7-44a9-be38-1ab043c6ff5b,Tag3,Carleton University,Canal Building,3,D2,2026-04-01T04:23:47.176064+00:00,0.2540,"{""WAP4"": -61.0, ""WAP10"": -51.0, ""WAP1"": -63.5, ""WAP6"": -55.0}",5.5000,2.6500,102
a3fd3ed9-2569-4607-b3cf-178a288646dc,Tag2,Carleton University,Canal Building,3,C4,2026-04-01T04:23:47.176064+00:00,0.8790,"{""WAP4"": -58.5, ""WAP10"": -61.0, ""WAP1"": -63.0, ""WAP6"": -60.0}",4.7300,6.9600,102
efe4cf90-a6a6-448e-9161-214e82272189,Tag2,Carleton University,Canal Building,3,C4,2026-04-01T04:23:47.176064+00:00,0.6600,"{""WAP4"": -58.5, ""WAP10"": -61.0, ""WAP1"": -63.0, ""WAP6"": -60.0}",4.8700,7.0100,102
7130c896-3f7e-4d52-a58f-e40066bf4459,Tag1,Carleton University,Canal Building,3,D3,2026-04-01T04:23:47.176064+00:00,0.3680,"{""WAP4"": -66.5, ""WAP10"": -59.5, ""WAP1"": -66.0, ""WAP6"": -64.0}",5.2300,4.4700,102
bbd5fd76-a776-47d4-9deb-5b968b7f02eb,Tag2,Carleton University,Canal Building,3,C4,2026-04-01T04:25:37.830917+00:00,0.9290,"{""WAP4"": -59.333333333333336, ""WAP10"": -61.0, ""WAP1"": -62.0, ""WAP6"": -60.666666666666664}",4.6000,7.0600,105
9752b03c-c9ad-488f-b3ba-1b91e493d500,Tag2,Carleton University,Canal Building,3,C4,2026-04-01T04:25:37.830917+00:00,0.8010,"{""WAP4"": -59.333333333333336, ""WAP10"": -61.0, ""WAP1"": -62.0, ""WAP6"": -60.666666666666664}",4.7000,7.1200,105
c7d85be7-3af3-4b7b-a4ee-7ca8ced9722a,Tag3,Carleton University,Canal Building,3,D2,2026-04-01T04:25:37.830917+00:00,0.4890,"{""WAP4"": -60.666666666666664, ""WAP10"": -52.333333333333336, ""WAP1"": -61.333333333333336, ""WAP6"": -56.333333333333336}",5.3200,3.5600,105
1b3b8ef8-a005-4e45-b321-fbb7f7470865,Tag2,Carleton University,Canal Building,3,C4,2026-04-01T04:25:37.830917+00:00,0.9290,"{""WAP4"": -59.333333333333336, ""WAP10"": -61.0, ""WAP1"": -62.0, ""WAP6"": -60.666666666666664}",4.6000,7.0600,105
6cd9c480-3d35-4ac8-8ace-e90056132345,Tag2,Carleton University,Canal Building,3,C4,2026-04-01T04:25:37.830917+00:00,0.8010,"{""WAP4"": -59.333333333333336, ""WAP10"": -61.0, ""WAP1"": -62.0, ""WAP6"": -60.666666666666664}",4.7000,7.1200,105
794edb0b-6eb6-4563-a378-8b784d0f53c2,Tag1,Carleton University,Canal Building,3,C3,2026-04-01T04:25:37.830917+00:00,0.3700,"{""WAP4"": -67.33333333333333, ""WAP10"": -66.33333333333333, ""WAP1"": -68.0, ""WAP6"": -62.0}",3.5000,4.9600,105
0fe57eff-d559-4e53-a42b-83d4a0e37d02,Tag2,Carleton University,Canal Building,3,C4,2026-04-01T04:27:28.645612+00:00,0.8830,"{""WAP4"": -58.666666666666664, ""WAP10"": -60.0, ""WAP1"": -61.666666666666664, ""WAP6"": -63.0}",5.0500,7.4900,108
72e2a787-1fc2-4043-9491-d241b70885d7,Tag2,Carleton University,Canal Building,3,D4,2026-04-01T04:27:28.645612+00:00,0.6710,"{""WAP4"": -58.666666666666664, ""WAP10"": -60.0, ""WAP1"": -61.666666666666664, ""WAP6"": -63.0}",5.2900,7.6600,108
53d1680c-816c-4675-ae7e-5f00291be1ff,Tag3,Carleton University,Canal Building,3,C3,2026-04-01T04:27:28.645612+00:00,0.5810,"{""WAP4"": -60.666666666666664, ""WAP10"": -53.333333333333336, ""WAP1"": -58.666666666666664, ""WAP6"": -56.333333333333336}",4.7600,4.4400,108
e0488362-cc12-4b1d-ab54-8a8191592689,Tag2,Carleton University,Canal Building,3,C4,2026-04-01T04:27:28.645612+00:00,0.8830,"{""WAP4"": -58.666666666666664, ""WAP10"": -60.0, ""WAP1"": -61.666666666666664, ""WAP6"": -63.0}",5.0500,7.4900,108
72c6f0f4-5bfe-48ab-9513-8cffb6b0354e,Tag2,Carleton University,Canal Building,3,D4,2026-04-01T04:27:28.645612+00:00,0.6710,"{""WAP4"": -58.666666666666664, ""WAP10"": -60.0, ""WAP1"": -61.666666666666664, ""WAP6"": -63.0}",5.2900,7.6600,108
1a6a52d8-be86-47bf-be27-6b3557a8bb0b,Tag1,Carleton University,Canal Building,3,D2,2026-04-01T04:27:28.645612+00:00,0.1000,"{""WAP4"": -76.33333333333333, ""WAP10"": -63.0, ""WAP1"": -71.66666666666667, ""WAP6"": -67.66666666666667}",5.1700,2.9100,108
ea8aa6ef-5529-4dad-ae6d-7ce66ddd1c5a,Tag2,Carleton University,Canal Building,3,C5,2026-04-01T04:29:17.290530+00:00,0.8360,"{""WAP4"": -58.0, ""WAP10"": -61.0, ""WAP1"": -61.5, ""WAP6"": -64.0}",5.1200,8.0600,110
ab1ab081-afbb-4144-a079-4f250253682a,Tag2,Carleton University,Canal Building,3,D5,2026-04-01T04:29:17.290530+00:00,0.5370,"{""WAP4"": -58.0, ""WAP10"": -61.0, ""WAP1"": -61.5, ""WAP6"": -64.0}",5.3800,8.4300,110
239cd978-ae93-4505-aa72-783929d4f70b,Tag3,Carleton University,Canal Building,3,D3,2026-04-01T04:29:17.290530+00:00,0.4660,"{""WAP4"": -61.5, ""WAP10"": -55.0, ""WAP1"": -62.0, ""WAP6"": -63.0}",5.8900,4.9300,110
768176c6-1d43-42bb-a733-1046cbb56875,Tag2,Carleton University,Canal Building,3,C5,2026-04-01T04:29:17.290530+00:00,0.8360,"{""WAP4"": -58.0, ""WAP10"": -61.0, ""WAP1"": -61.5, ""WAP6"": -64.0}",5.1200,8.0600,110
26818ac1-e0f5-4893-af42-2d315d228b94,Tag2,Carleton University,Canal Building,3,D5,2026-04-01T04:29:17.290530+00:00,0.5370,"{""WAP4"": -58.0, ""WAP10"": -61.0, ""WAP1"": -61.5, ""WAP6"": -64.0}",5.3800,8.4300,110
c2146a4d-0395-405f-b53a-8d581064bfe6,Tag2,Carleton University,Canal Building,3,C5,2026-04-01T04:30:40.382286+00:00,0.8600,"{""WAP4"": -59.0, ""WAP10"": -62.5, ""WAP1"": -62.0, ""WAP6"": -64.0}",4.8900,8.0800,112
ef9fd81d-25f1-4eef-96a5-8f5eefa2360e,Tag2,Carleton University,Canal Building,3,C5,2026-04-01T04:30:40.382286+00:00,0.6000,"{""WAP4"": -59.0, ""WAP10"": -62.5, ""WAP1"": -62.0, ""WAP6"": -64.0}",5.1000,8.4700,112
dde81819-e82e-4c05-a96d-173f6ac163bb,Tag3,Carleton University,Canal Building,3,D3,2026-04-01T04:30:40.382286+00:00,0.2700,"{""WAP4"": -62.5, ""WAP10"": -56.0, ""WAP1"": -65.5, ""WAP6"": -62.5}",5.9900,4.2500,112
6fa8fdf1-7b4b-426d-8bf2-c0538195785a,Tag2,Carleton University,Canal Building,3,C5,2026-04-01T04:30:40.382286+00:00,0.8600,"{""WAP4"": -59.0, ""WAP10"": -62.5, ""WAP1"": -62.0, ""WAP6"": -64.0}",4.8900,8.0800,112
09b9072d-252f-4ad5-a012-6c7f7cb55e5e,Tag2,Carleton University,Canal Building,3,C5,2026-04-01T04:30:40.382286+00:00,0.6000,"{""WAP4"": -59.0, ""WAP10"": -62.5, ""WAP1"": -62.0, ""WAP6"": -64.0}",5.1000,8.4700,112
de738d10-3f9e-48e2-bd56-07a723f85a67,Tag2,Carleton University,Canal Building,3,D4,2026-04-01T04:32:24.208651+00:00,0.8310,"{""WAP4"": -58.5, ""WAP10"": -59.5, ""WAP1"": -62.5, ""WAP6"": -64.5}",5.3900,7.5000,114
9b9c6edf-3867-47b0-869b-a4a43abf8f99,Tag2,Carleton University,Canal Building,3,D4,2026-04-01T04:32:24.208651+00:00,0.5180,"{""WAP4"": -58.5, ""WAP10"": -59.5, ""WAP1"": -62.5, ""WAP6"": -64.5}",5.7300,7.6600,114
5263afe0-0c3c-4605-af9f-a41e0386f64f,Tag3,Carleton University,Canal Building,3,D3,2026-04-01T04:32:24.208651+00:00,0.4010,"{""WAP4"": -63.5, ""WAP10"": -56.5, ""WAP1"": -64.5, ""WAP6"": -60.0}",5.2100,3.9800,114
8a41b78a-65d3-4e79-a5df-cb8130ca855a,Tag2,Carleton University,Canal Building,3,D4,2026-04-01T04:32:24.208651+00:00,0.8310,"{""WAP4"": -58.5, ""WAP10"": -59.5, ""WAP1"": -62.5, ""WAP6"": -64.5}",5.3900,7.5000,114
8cb87e5c-8881-4999-8f6b-92594daca601,Tag2,Carleton University,Canal Building,3,D4,2026-04-01T04:32:24.208651+00:00,0.5180,"{""WAP4"": -58.5, ""WAP10"": -59.5, ""WAP1"": -62.5, ""WAP6"": -64.5}",5.7300,7.6600,114
da569226-ec59-443c-a4ef-5461c59a2fbc,Tag2,Carleton University,Canal Building,3,C4,2026-04-01T04:33:46.741564+00:00,0.8760,"{""WAP4"": -59.0, ""WAP10"": -62.5, ""WAP1"": -63.0, ""WAP6"": -63.5}",4.9700,7.8400,116
41c92d9f-c574-42f7-a370-ec355411449f,Tag2,Carleton University,Canal Building,3,D5,2026-04-01T04:33:46.741564+00:00,0.6470,"{""WAP4"": -59.0, ""WAP10"": -62.5, ""WAP1"": -63.0, ""WAP6"": -63.5}",5.2000,8.1600,116
b36568ec-79f8-4b44-9383-ad316a702d30,Tag3,Carleton University,Canal Building,3,C2,2026-04-01T04:33:46.741564+00:00,0.2980,"{""WAP4"": -62.5, ""WAP10"": -55.5, ""WAP1"": -65.0, ""WAP6"": -58.0}",5.1300,3.5400,116
db320942-fb8b-42fc-9340-9d86f82d949d,Tag2,Carleton University,Canal Building,3,C4,2026-04-01T04:33:46.741564+00:00,0.8760,"{""WAP4"": -59.0, ""WAP10"": -62.5, ""WAP1"": -63.0, ""WAP6"": -63.5}",4.9700,7.8400,116
2cfaa1da-4099-4d53-9365-6c573cf12aa1,Tag2,Carleton University,Canal Building,3,D5,2026-04-01T04:33:46.741564+00:00,0.6470,"{""WAP4"": -59.0, ""WAP10"": -62.5, ""WAP1"": -63.0, ""WAP6"": -63.5}",5.2000,8.1600,116
f8381049-2dce-4354-b69d-7e9999707636,Tag2,Carleton University,Canal Building,3,C4,2026-04-01T04:35:11.963435+00:00,0.8600,"{""WAP4"": -59.0, ""WAP10"": -60.0, ""WAP1"": -62.0, ""WAP6"": -64.0}",5.1600,7.5100,118
852e83be-4e84-4708-b91f-0fe19d7e3218,Tag2,Carleton University,Canal Building,3,D4,2026-04-01T04:35:11.963435+00:00,0.6000,"{""WAP4"": -59.0, ""WAP10"": -60.0, ""WAP1"": -62.0, ""WAP6"": -64.0}",5.4200,7.6800,118
2e1bc2f0-e487-4849-90e3-b9855dc2c61c,Tag3,Carleton University,Canal Building,3,D2,2026-04-01T04:35:11.963435+00:00,0.1190,"{""WAP4"": -63.0, ""WAP10"": -54.0, ""WAP1"": -66.0, ""WAP6"": -59.0}",5.7600,3.0400,118
dde45693-9fdf-4e57-abce-5d8b3a827bdd,Tag2,Carleton University,Canal Building,3,C4,2026-04-01T04:35:11.963435+00:00,0.8600,"{""WAP4"": -59.0, ""WAP10"": -60.0, ""WAP1"": -62.0, ""WAP6"": -64.0}",5.1600,7.5100,118
1e24c77f-5583-49c9-8c86-88993c013e68,Tag2,Carleton University,Canal Building,3,D4,2026-04-01T04:35:11.963435+00:00,0.6000,"{""WAP4"": -59.0, ""WAP10"": -60.0, ""WAP1"": -62.0, ""WAP6"": -64.0}",5.4200,7.6800,118
f70c3c8d-0d62-43f2-bc8a-9f03886c7361,Tag3,Carleton University,Canal Building,3,D2,2026-04-01T04:36:34.581552+00:00,0.1650,"{""WAP4"": -63.0, ""WAP10"": -55.0, ""WAP1"": -66.0, ""WAP6"": -61.0}",5.9400,3.5400,120
5fad9a20-2a78-4671-8206-5167a36152db,Tag2,Carleton University,Canal Building,3,C4,2026-04-01T19:13:03.380212+00:00,0.8190,"{""WAP6"": -63.0, ""WAP4"": -63.5, ""WAP1"": -56.5, ""WAP10"": -57.0}",4.1900,7.0300,2
31d94cd8-4e55-4a3d-a1aa-502b7245b1d2,Tag2,Carleton University,Canal Building,3,C4,2026-04-01T19:13:03.380212+00:00,0.4980,"{""WAP6"": -63.0, ""WAP4"": -63.5, ""WAP1"": -56.5, ""WAP10"": -57.0}",4.1400,7.0800,2
eb834c1d-0a17-479b-8bf0-1ae412f1602a,Tag2,Carleton University,Canal Building,3,C4,2026-04-01T19:13:03.380212+00:00,0.8190,"{""WAP6"": -63.0, ""WAP4"": -63.5, ""WAP1"": -56.5, ""WAP10"": -57.0}",4.1900,7.0300,2
3c285031-f790-4abb-9d20-eb51d351f330,Tag2,Carleton University,Canal Building,3,C4,2026-04-01T19:13:03.380212+00:00,0.4980,"{""WAP6"": -63.0, ""WAP4"": -63.5, ""WAP1"": -56.5, ""WAP10"": -57.0}",4.1400,7.0800,2
3300dfbd-651d-45d8-865e-56e85774eb8b,Tag2,Carleton University,Canal Building,3,C4,2026-04-01T19:14:24.832795+00:00,0.8580,"{""WAP6"": -60.5, ""WAP4"": -61.5, ""WAP1"": -55.5, ""WAP10"": -57.0}",3.9800,7.1900,4
d18e4041-305c-4945-9e61-71e0bb5a9d1d,Tag2,Carleton University,Canal Building,3,C4,2026-04-01T19:14:24.832795+00:00,0.6170,"{""WAP6"": -60.5, ""WAP4"": -61.5, ""WAP1"": -55.5, ""WAP10"": -57.0}",3.8700,7.3200,4
78ea1b37-abeb-4b2f-8f58-f90c3a69aaf2,Tag2,Carleton University,Canal Building,3,C4,2026-04-01T19:14:24.832795+00:00,0.8580,"{""WAP6"": -60.5, ""WAP4"": -61.5, ""WAP1"": -55.5, ""WAP10"": -57.0}",3.9800,7.1900,4
a83b5992-13bf-45fd-82f7-22bd51e6acd1,Tag2,Carleton University,Canal Building,3,C4,2026-04-01T19:14:24.832795+00:00,0.6170,"{""WAP6"": -60.5, ""WAP4"": -61.5, ""WAP1"": -55.5, ""WAP10"": -57.0}",3.8700,7.3200,4
91064289-01af-4dec-a012-4f3822892204,Tag2,Carleton University,Canal Building,3,C4,2026-04-01T19:16:08.721492+00:00,0.8210,"{""WAP6"": -61.0, ""WAP4"": -62.666666666666664, ""WAP1"": -55.333333333333336, ""WAP10"": -56.666666666666664}",3.9500,7.0800,7
0c20eafe-c0e3-4ff0-ad71-373b087a0528,Tag2,Carleton University,Canal Building,3,C4,2026-04-01T19:16:08.721492+00:00,0.5120,"{""WAP6"": -61.0, ""WAP4"": -62.666666666666664, ""WAP1"": -55.333333333333336, ""WAP10"": -56.666666666666664}",3.8400,7.2000,7
b61ee58f-089e-4745-a274-d4fdee25c746,Tag2,Carleton University,Canal Building,3,C4,2026-04-01T19:16:08.721492+00:00,0.8210,"{""WAP6"": -61.0, ""WAP4"": -62.666666666666664, ""WAP1"": -55.333333333333336, ""WAP10"": -56.666666666666664}",3.9500,7.0800,7
a1e09fc2-d05f-41df-aa12-c784bf40ee01,Tag2,Carleton University,Canal Building,3,C4,2026-04-01T19:16:08.721492+00:00,0.5120,"{""WAP6"": -61.0, ""WAP4"": -62.666666666666664, ""WAP1"": -55.333333333333336, ""WAP10"": -56.666666666666664}",3.8400,7.2000,7
d3c4ed98-f34f-42a2-8a0b-b8554b832904,Tag2,Carleton University,Canal Building,3,C3,2026-04-01T19:33:27.520637+00:00,0.7790,"{""WAP1"": -66.0, ""WAP6"": -60.0, ""WAP10"": -62.0, ""WAP4"": -67.0}",3.9000,4.8100,1
1938a3c2-d842-42b7-ab17-eff33cbcc289,Tag2,Carleton University,Canal Building,3,C3,2026-04-01T19:33:27.520637+00:00,0.3430,"{""WAP1"": -66.0, ""WAP6"": -60.0, ""WAP10"": -62.0, ""WAP4"": -67.0}",3.7500,4.1600,1
613e9f93-8917-43c0-b7f0-39da53423977,Tag2,Carleton University,Canal Building,3,C3,2026-04-01T19:33:27.520637+00:00,0.7790,"{""WAP1"": -66.0, ""WAP6"": -60.0, ""WAP10"": -62.0, ""WAP4"": -67.0}",3.9000,4.8100,1
a4630699-662b-4f9a-bb92-a5cbabd324f5,Tag2,Carleton University,Canal Building,3,C3,2026-04-01T19:33:27.520637+00:00,0.3430,"{""WAP1"": -66.0, ""WAP6"": -60.0, ""WAP10"": -62.0, ""WAP4"": -67.0}",3.7500,4.1600,1
9cc65f9a-693f-4c6d-a308-c5be4b13fdcc,Tag2,Carleton University,Canal Building,3,C1,2026-04-01T19:34:49.980961+00:00,0.5050,"{""WAP1"": -68.0, ""WAP6"": -53.0, ""WAP10"": -53.0, ""WAP4"": -70.0}",4.2400,1.9100,3
5b9b9181-630c-4fc1-af80-70b87047ead1,Tag2,Carleton University,Canal Building,3,C1,2026-04-01T19:34:49.980961+00:00,0.1000,"{""WAP1"": -68.0, ""WAP6"": -53.0, ""WAP10"": -53.0, ""WAP4"": -70.0}",4.2600,1.1100,3
2f2493ce-ea97-4fab-acb5-cdb9a2f70743,Tag2,Carleton University,Canal Building,3,C1,2026-04-01T19:34:49.980961+00:00,0.5050,"{""WAP1"": -68.0, ""WAP6"": -53.0, ""WAP10"": -53.0, ""WAP4"": -70.0}",4.2400,1.9100,3
93fe9686-bcbe-4c91-a777-7c06dee9dc81,Tag2,Carleton University,Canal Building,3,C1,2026-04-01T19:34:49.980961+00:00,0.1000,"{""WAP1"": -68.0, ""WAP6"": -53.0, ""WAP10"": -53.0, ""WAP4"": -70.0}",4.2600,1.1100,3
dbf7ff65-6e37-4912-9c47-da36956f6088,Tag2,Carleton University,Canal Building,3,C2,2026-04-01T19:36:54.398301+00:00,0.5040,"{""WAP1"": -67.0, ""WAP6"": -54.666666666666664, ""WAP10"": -54.666666666666664, ""WAP4"": -70.66666666666667}",4.1600,2.3200,6
b4491432-5558-418b-89e6-e8759f0fba74,Tag2,Carleton University,Canal Building,3,C1,2026-04-01T19:36:54.398301+00:00,0.1000,"{""WAP1"": -67.0, ""WAP6"": -54.666666666666664, ""WAP10"": -54.666666666666664, ""WAP4"": -70.66666666666667}",4.1900,1.4700,6
9659e455-b1e7-413f-a821-5f9074fb3cd1,Tag2,Carleton University,Canal Building,3,C2,2026-04-01T19:36:54.398301+00:00,0.5040,"{""WAP1"": -67.0, ""WAP6"": -54.666666666666664, ""WAP10"": -54.666666666666664, ""WAP4"": -70.66666666666667}",4.1600,2.3200,6
51ef2e97-ee3a-4b19-90fa-d775d5afee4b,Tag2,Carleton University,Canal Building,3,C1,2026-04-01T19:36:54.398301+00:00,0.1000,"{""WAP1"": -67.0, ""WAP6"": -54.666666666666664, ""WAP10"": -54.666666666666664, ""WAP4"": -70.66666666666667}",4.1900,1.4700,6
21486846-dc29-437b-847b-ad490dc2ae30,Tag2,Carleton University,Canal Building,3,C2,2026-04-01T19:38:13.249091+00:00,0.5840,"{""WAP1"": -62.0, ""WAP6"": -56.0, ""WAP10"": -57.0, ""WAP4"": -69.5}",3.6500,3.8100,8
d21b80cc-61af-4476-a159-bfd472e86f15,Tag2,Carleton University,Canal Building,3,C2,2026-04-01T19:38:13.249091+00:00,0.1000,"{""WAP1"": -62.0, ""WAP6"": -56.0, ""WAP10"": -57.0, ""WAP4"": -69.5}",3.5600,3.0600,8
4ba9968e-d33e-4913-8651-ae3cda9bedfd,Tag2,Carleton University,Canal Building,3,C2,2026-04-01T19:38:13.249091+00:00,0.5840,"{""WAP1"": -62.0, ""WAP6"": -56.0, ""WAP10"": -57.0, ""WAP4"": -69.5}",3.6500,3.8100,8
a7685e28-4ad5-4da7-adbd-6cfece5cf286,Tag2,Carleton University,Canal Building,3,C2,2026-04-01T19:38:13.249091+00:00,0.1000,"{""WAP1"": -62.0, ""WAP6"": -56.0, ""WAP10"": -57.0, ""WAP4"": -69.5}",3.5600,3.0600,8
aa4f2dbe-fe0d-4868-afef-4e519f0908f8,Tag2,Carleton University,Canal Building,3,B2,2026-04-01T19:39:31.977245+00:00,0.6200,"{""WAP1"": -64.0, ""WAP6"": -53.5, ""WAP10"": -58.5, ""WAP4"": -67.5}",3.1900,3.3600,10
90efdb3b-912b-41d1-b017-60967f19267c,Tag2,Carleton University,Canal Building,3,B2,2026-04-01T19:39:31.977245+00:00,0.1000,"{""WAP1"": -64.0, ""WAP6"": -53.5, ""WAP10"": -58.5, ""WAP4"": -67.5}",2.8100,2.4700,10
d9a43ac9-3738-465d-8753-87135e3219d9,Tag2,Carleton University,Canal Building,3,B2,2026-04-01T19:39:31.977245+00:00,0.6200,"{""WAP1"": -64.0, ""WAP6"": -53.5, ""WAP10"": -58.5, ""WAP4"": -67.5}",3.1900,3.3600,10
4f44cefb-1afc-471e-a7c5-9c7d53a09e4b,Tag2,Carleton University,Canal Building,3,B2,2026-04-01T19:39:31.977245+00:00,0.1000,"{""WAP1"": -64.0, ""WAP6"": -53.5, ""WAP10"": -58.5, ""WAP4"": -67.5}",2.8100,2.4700,10
2de09c8f-674a-4351-bc1c-62c8997cfa3e,Tag2,Carleton University,Canal Building,3,C2,2026-04-01T19:42:37.013005+00:00,0.6270,"{""WAP1"": -67.0, ""WAP4"": -69.0, ""WAP6"": -61.0, ""WAP10"": -57.0}",4.9100,3.5900,2
30175d1e-0738-4eb8-97da-f4a72cc4566c,Tag2,Carleton University,Canal Building,3,D2,2026-04-01T19:42:37.013005+00:00,0.1000,"{""WAP1"": -67.0, ""WAP4"": -69.0, ""WAP6"": -61.0, ""WAP10"": -57.0}",5.2100,2.7200,2
ffe731fd-cee9-46d2-b254-964e1c61778a,Tag2,Carleton University,Canal Building,3,C2,2026-04-01T19:42:37.013005+00:00,0.6270,"{""WAP1"": -67.0, ""WAP4"": -69.0, ""WAP6"": -61.0, ""WAP10"": -57.0}",4.9100,3.5900,2
056cd348-bcb0-49a5-9acd-3bf2434417d7,Tag2,Carleton University,Canal Building,3,D2,2026-04-01T19:42:37.013005+00:00,0.1000,"{""WAP1"": -67.0, ""WAP4"": -69.0, ""WAP6"": -61.0, ""WAP10"": -57.0}",5.2100,2.7200,2
694093cc-4112-4fd5-b04c-239d14d30f73,Tag2,Carleton University,Canal Building,3,C2,2026-04-01T19:43:56.939031+00:00,0.5230,"{""WAP1"": -69.5, ""WAP4"": -70.0, ""WAP6"": -57.5, ""WAP10"": -54.0}",5.0100,2.2800,4
a1a1961c-4972-4f9a-a1df-23470ecf26f0,Tag2,Carleton University,Canal Building,3,D1,2026-04-01T19:43:56.939031+00:00,0.1000,"{""WAP1"": -69.5, ""WAP4"": -70.0, ""WAP6"": -57.5, ""WAP10"": -54.0}",5.3100,1.4100,4
2b4c0d62-955e-4efd-9db3-ce397a101f42,Tag2,Carleton University,Canal Building,3,C2,2026-04-01T19:43:56.939031+00:00,0.5230,"{""WAP1"": -69.5, ""WAP4"": -70.0, ""WAP6"": -57.5, ""WAP10"": -54.0}",5.0100,2.2800,4
078ac4b9-f516-4ae9-bca9-289aeb9cd8b8,Tag2,Carleton University,Canal Building,3,D1,2026-04-01T19:43:56.939031+00:00,0.1000,"{""WAP1"": -69.5, ""WAP4"": -70.0, ""WAP6"": -57.5, ""WAP10"": -54.0}",5.3100,1.4100,4
6c475341-e802-4a10-ae27-56ca732b3f96,Tag2,Carleton University,Canal Building,3,C2,2026-04-01T19:45:39.043097+00:00,0.6000,"{""WAP1"": -66.33333333333333, ""WAP4"": -68.66666666666667, ""WAP6"": -55.0, ""WAP10"": -55.333333333333336}",4.1300,2.7300,7
417ba0f3-dfbc-4c0a-af24-7b1b3dc02d24,Tag2,Carleton University,Canal Building,3,C1,2026-04-01T19:45:39.043097+00:00,0.1000,"{""WAP1"": -66.33333333333333, ""WAP4"": -68.66666666666667, ""WAP6"": -55.0, ""WAP10"": -55.333333333333336}",4.1100,1.8500,7
98d9eec2-1de1-4cf3-8147-5e3964828d29,Tag2,Carleton University,Canal Building,3,C2,2026-04-01T19:45:39.043097+00:00,0.6000,"{""WAP1"": -66.33333333333333, ""WAP4"": -68.66666666666667, ""WAP6"": -55.0, ""WAP10"": -55.333333333333336}",4.1300,2.7300,7
e522f2ed-fa18-40e3-9584-8c8384bfa79d,Tag2,Carleton University,Canal Building,3,C1,2026-04-01T19:45:39.043097+00:00,0.1000,"{""WAP1"": -66.33333333333333, ""WAP4"": -68.66666666666667, ""WAP6"": -55.0, ""WAP10"": -55.333333333333336}",4.1100,1.8500,7
2abb7061-7309-4f87-a090-658a98ce2303,Tag2,Carleton University,Canal Building,3,C2,2026-04-01T19:46:58.342800+00:00,0.7600,"{""WAP1"": -65.0, ""WAP4"": -64.0, ""WAP6"": -56.0, ""WAP10"": -56.0}",4.3800,3.8000,9
781843e2-720f-4bdd-85a7-2066db552dfa,Tag2,Carleton University,Canal Building,3,C2,2026-04-01T19:46:58.342800+00:00,0.3240,"{""WAP1"": -65.0, ""WAP4"": -64.0, ""WAP6"": -56.0, ""WAP10"": -56.0}",4.3800,2.9700,9
ab1b8739-9475-4d96-814e-bf67ba009bc5,Tag2,Carleton University,Canal Building,3,C2,2026-04-01T19:46:58.342800+00:00,0.7600,"{""WAP1"": -65.0, ""WAP4"": -64.0, ""WAP6"": -56.0, ""WAP10"": -56.0}",4.3800,3.8000,9
f65afc5f-39a2-4c2e-bf61-dc9a8b99aacb,Tag2,Carleton University,Canal Building,3,C2,2026-04-01T19:46:58.342800+00:00,0.3240,"{""WAP1"": -65.0, ""WAP4"": -64.0, ""WAP6"": -56.0, ""WAP10"": -56.0}",4.3800,2.9700,9
9841b76f-6f11-4b15-b8e6-f7f8ed0d417f,Tag2,Carleton University,Canal Building,3,D2,2026-04-01T21:22:31.889944+00:00,0.6360,"{""WAP4"": -65.0, ""WAP10"": -48.5, ""WAP1"": -62.5, ""WAP6"": -59.5}",6.0800,2.9800,2
48c71e80-24ac-46b2-a7b4-4966c1e10c0c,Tag2,Carleton University,Canal Building,3,D1,2026-04-01T21:22:31.889944+00:00,0.1000,"{""WAP4"": -65.0, ""WAP10"": -48.5, ""WAP1"": -62.5, ""WAP6"": -59.5}",6.7400,1.9700,2
93e870b3-76b8-46c6-8c64-abf6335c7573,Tag2,Carleton University,Canal Building,3,D2,2026-04-01T21:22:31.889944+00:00,0.6360,"{""WAP4"": -65.0, ""WAP10"": -48.5, ""WAP1"": -62.5, ""WAP6"": -59.5}",6.0800,2.9800,2
28d5cf68-3472-4ead-ad5b-d18223c91917,Tag2,Carleton University,Canal Building,3,D1,2026-04-01T21:22:31.889944+00:00,0.1000,"{""WAP4"": -65.0, ""WAP10"": -48.5, ""WAP1"": -62.5, ""WAP6"": -59.5}",6.7400,1.9700,2
156537ef-8a23-465b-af74-5ebee69d1131,Tag2,Carleton University,Canal Building,3,D2,2026-04-01T21:23:52.446713+00:00,0.6250,"{""WAP4"": -65.5, ""WAP10"": -49.0, ""WAP1"": -63.0, ""WAP6"": -58.0}",5.8200,2.8500,4
0270bf44-57fb-4106-a1cc-a6d974f4f72f,Tag2,Carleton University,Canal Building,3,D1,2026-04-01T21:23:52.446713+00:00,0.1000,"{""WAP4"": -65.5, ""WAP10"": -49.0, ""WAP1"": -63.0, ""WAP6"": -58.0}",6.4300,1.8800,4
d7d1cb6e-c7b7-4f1a-abaf-19dc545c54a3,Tag2,Carleton University,Canal Building,3,D2,2026-04-01T21:23:52.446713+00:00,0.6250,"{""WAP4"": -65.5, ""WAP10"": -49.0, ""WAP1"": -63.0, ""WAP6"": -58.0}",5.8200,2.8500,4
95274173-4cbf-4c04-a8e7-fcbfce1a4c19,Tag2,Carleton University,Canal Building,3,D1,2026-04-01T21:23:52.446713+00:00,0.1000,"{""WAP4"": -65.5, ""WAP10"": -49.0, ""WAP1"": -63.0, ""WAP6"": -58.0}",6.4300,1.8800,4
8ad56594-cef7-49ec-ba4f-dd7c57c3dddb,Tag2,Carleton University,Canal Building,3,D2,2026-04-01T21:25:33.893955+00:00,0.6150,"{""WAP4"": -65.66666666666667, ""WAP10"": -48.666666666666664, ""WAP1"": -64.66666666666667, ""WAP6"": -55.333333333333336}",5.5800,2.3600,7
0651fec0-d999-4598-a987-00f08db8e3cc,Tag2,Carleton University,Canal Building,3,D1,2026-04-01T21:25:33.893955+00:00,0.1000,"{""WAP4"": -65.66666666666667, ""WAP10"": -48.666666666666664, ""WAP1"": -64.66666666666667, ""WAP6"": -55.333333333333336}",6.0900,1.4600,7
53806f6d-590c-4a7f-bd4b-3195c159efec,Tag2,Carleton University,Canal Building,3,D2,2026-04-01T21:25:33.893955+00:00,0.6150,"{""WAP4"": -65.66666666666667, ""WAP10"": -48.666666666666664, ""WAP1"": -64.66666666666667, ""WAP6"": -55.333333333333336}",5.5800,2.3600,7
983e14b3-2b15-43fd-9d67-bb839fce04d5,Tag2,Carleton University,Canal Building,3,D1,2026-04-01T21:25:33.893955+00:00,0.1000,"{""WAP4"": -65.66666666666667, ""WAP10"": -48.666666666666664, ""WAP1"": -64.66666666666667, ""WAP6"": -55.333333333333336}",6.0900,1.4600,7
f779f508-6fc6-4359-a902-885b52032312,Tag2,Carleton University,Canal Building,3,D2,2026-04-01T21:27:15.329735+00:00,0.6540,"{""WAP4"": -64.66666666666667, ""WAP10"": -49.0, ""WAP1"": -61.666666666666664, ""WAP6"": -59.333333333333336}",5.9000,3.2500,10
03d61eb0-a51e-4b29-bb78-b96aa652b096,Tag2,Carleton University,Canal Building,3,D2,2026-04-01T21:27:15.329735+00:00,0.1000,"{""WAP4"": -64.66666666666667, ""WAP10"": -49.0, ""WAP1"": -61.666666666666664, ""WAP6"": -59.333333333333336}",6.5400,2.2600,10
aa27fed7-73bd-4db8-a24d-8d614957dc55,Tag2,Carleton University,Canal Building,3,D2,2026-04-01T21:27:15.329735+00:00,0.6540,"{""WAP4"": -64.66666666666667, ""WAP10"": -49.0, ""WAP1"": -61.666666666666664, ""WAP6"": -59.333333333333336}",5.9000,3.2500,10
a5a03078-4c67-40f3-98a6-f27ee8648401,Tag2,Carleton University,Canal Building,3,D2,2026-04-01T21:27:15.329735+00:00,0.1000,"{""WAP4"": -64.66666666666667, ""WAP10"": -49.0, ""WAP1"": -61.666666666666664, ""WAP6"": -59.333333333333336}",6.5400,2.2600,10
4b9ccbd5-4d8d-4e94-aac8-cd09802230c5,Tag2,Carleton University,Canal Building,3,D2,2026-04-01T21:28:33.723463+00:00,0.6360,"{""WAP4"": -66.0, ""WAP10"": -51.0, ""WAP1"": -60.5, ""WAP6"": -60.5}",5.4900,3.8600,12
4cef1727-ae5a-4460-9bc9-fdf5e13bc53f,Tag2,Carleton University,Canal Building,3,D2,2026-04-01T21:28:33.723463+00:00,0.1000,"{""WAP4"": -66.0, ""WAP10"": -51.0, ""WAP1"": -60.5, ""WAP6"": -60.5}",6.0600,2.9600,12
7c0406af-5b97-4c89-84a0-aa6605250023,Tag2,Carleton University,Canal Building,3,D2,2026-04-01T21:28:33.723463+00:00,0.6360,"{""WAP4"": -66.0, ""WAP10"": -51.0, ""WAP1"": -60.5, ""WAP6"": -60.5}",5.4900,3.8600,12
af92541a-18bb-42b9-aaaf-a425b81c8db4,Tag2,Carleton University,Canal Building,3,D2,2026-04-01T21:28:33.723463+00:00,0.1000,"{""WAP4"": -66.0, ""WAP10"": -51.0, ""WAP1"": -60.5, ""WAP6"": -60.5}",6.0600,2.9600,12
2ca11941-0fa4-42df-8bf0-67ebdd3fcfa1,Tag2,Carleton University,Canal Building,3,D2,2026-04-01T21:30:15.731704+00:00,0.5940,"{""WAP4"": -66.0, ""WAP10"": -48.0, ""WAP1"": -59.0, ""WAP6"": -58.0}",5.6300,3.2900,15
a62b7dfb-5ed1-48b4-9328-6a10521000d2,Tag2,Carleton University,Canal Building,3,D2,2026-04-01T21:30:15.731704+00:00,0.1000,"{""WAP4"": -66.0, ""WAP10"": -48.0, ""WAP1"": -59.0, ""WAP6"": -58.0}",6.2600,2.3600,15
240ec658-6470-42da-96a0-663418bf815c,Tag2,Carleton University,Canal Building,3,D2,2026-04-01T21:30:15.731704+00:00,0.5940,"{""WAP4"": -66.0, ""WAP10"": -48.0, ""WAP1"": -59.0, ""WAP6"": -58.0}",5.6300,3.2900,15
b29e0a4b-639c-4d11-8bfd-6f8f7abd8a25,Tag2,Carleton University,Canal Building,3,D2,2026-04-01T21:30:15.731704+00:00,0.1000,"{""WAP4"": -66.0, ""WAP10"": -48.0, ""WAP1"": -59.0, ""WAP6"": -58.0}",6.2600,2.3600,15
a56dcbd6-57d4-4af4-b927-1d3b562f87d3,Tag2,Carleton University,Canal Building,3,D2,2026-04-01T21:31:34.214129+00:00,0.6180,"{""WAP4"": -65.5, ""WAP10"": -48.5, ""WAP1"": -60.0, ""WAP6"": -60.5}",5.9300,3.4200,17
02511609-0eb3-49f2-a880-fb81d3790406,Tag2,Carleton University,Canal Building,3,D2,2026-04-01T21:31:34.214129+00:00,0.1000,"{""WAP4"": -65.5, ""WAP10"": -48.5, ""WAP1"": -60.0, ""WAP6"": -60.5}",6.6000,2.4300,17
26ef0e7b-27ea-4bcd-bfa4-1c699bde2f6b,Tag2,Carleton University,Canal Building,3,D2,2026-04-01T21:31:34.214129+00:00,0.6180,"{""WAP4"": -65.5, ""WAP10"": -48.5, ""WAP1"": -60.0, ""WAP6"": -60.5}",5.9300,3.4200,17
e371d7a6-dbde-4ed2-bde0-f8d35a93ec91,Tag2,Carleton University,Canal Building,3,D2,2026-04-01T21:31:34.214129+00:00,0.1000,"{""WAP4"": -65.5, ""WAP10"": -48.5, ""WAP1"": -60.0, ""WAP6"": -60.5}",6.6000,2.4300,17
bb9b4e0b-f6b0-498a-84f0-1d79fcfdf93a,Tag2,Carleton University,Canal Building,3,D2,2026-04-01T21:33:16.398567+00:00,0.6020,"{""WAP4"": -65.66666666666667, ""WAP10"": -47.666666666666664, ""WAP1"": -59.0, ""WAP6"": -61.333333333333336}",6.0500,3.4400,20
49a300a6-23d2-4184-8447-894f0fb9e5f9,Tag2,Carleton University,Canal Building,3,D2,2026-04-01T21:33:16.398567+00:00,0.1000,"{""WAP4"": -65.66666666666667, ""WAP10"": -47.666666666666664, ""WAP1"": -59.0, ""WAP6"": -61.333333333333336}",6.7300,2.4400,20
9e10a0ec-83ac-4265-81f8-9acdeb82f897,Tag2,Carleton University,Canal Building,3,D2,2026-04-01T21:33:16.398567+00:00,0.6020,"{""WAP4"": -65.66666666666667, ""WAP10"": -47.666666666666664, ""WAP1"": -59.0, ""WAP6"": -61.333333333333336}",6.0500,3.4400,20
f7313fa9-14c4-4f4f-8046-c9d19236f0b7,Tag2,Carleton University,Canal Building,3,D2,2026-04-01T21:33:16.398567+00:00,0.1000,"{""WAP4"": -65.66666666666667, ""WAP10"": -47.666666666666664, ""WAP1"": -59.0, ""WAP6"": -61.333333333333336}",6.7300,2.4400,20
b81ea26c-3c31-4ff9-a4c1-509ce651c927,Tag2,Carleton University,Canal Building,3,D2,2026-04-01T21:35:28.272253+00:00,0.6180,"{""WAP4"": -65.5, ""WAP10"": -48.5, ""WAP1"": -61.5, ""WAP6"": -59.5}",5.9700,3.0800,22
2b569c34-ddd3-4c0e-b050-ca775c14a967,Tag2,Carleton University,Canal Building,3,D2,2026-04-01T21:35:28.272253+00:00,0.1000,"{""WAP4"": -65.5, ""WAP10"": -48.5, ""WAP1"": -61.5, ""WAP6"": -59.5}",6.6400,2.0900,22
e71e94b8-96c7-4539-8838-61f047434f1e,Tag2,Carleton University,Canal Building,3,D2,2026-04-01T21:35:28.272253+00:00,0.6180,"{""WAP4"": -65.5, ""WAP10"": -48.5, ""WAP1"": -61.5, ""WAP6"": -59.5}",5.9700,3.0800,22
b549ea32-2ec7-417f-980f-753e1cb670f7,Tag2,Carleton University,Canal Building,3,D2,2026-04-01T21:35:28.272253+00:00,0.1000,"{""WAP4"": -65.5, ""WAP10"": -48.5, ""WAP1"": -61.5, ""WAP6"": -59.5}",6.6400,2.0900,22
b5e69e73-3d19-4f09-9873-b2e454fc332f,Tag2,Carleton University,Canal Building,3,D2,2026-04-01T21:36:47.567299+00:00,0.6050,"{""WAP4"": -65.5, ""WAP10"": -47.5, ""WAP1"": -60.5, ""WAP6"": -59.0}",6.0100,3.0100,24
fe4ed679-3849-4e79-a770-83d61b62f7ec,Tag2,Carleton University,Canal Building,3,D2,2026-04-01T21:36:47.567299+00:00,0.1000,"{""WAP4"": -65.5, ""WAP10"": -47.5, ""WAP1"": -60.5, ""WAP6"": -59.0}",6.6900,2.0200,24
ac59b38c-d4ac-4176-b948-a31b6e0b52b5,Tag2,Carleton University,Canal Building,3,D2,2026-04-01T21:36:47.567299+00:00,0.6050,"{""WAP4"": -65.5, ""WAP10"": -47.5, ""WAP1"": -60.5, ""WAP6"": -59.0}",6.0100,3.0100,24
353f9aff-c86a-4d43-bd1a-0f05185d39fc,Tag2,Carleton University,Canal Building,3,D2,2026-04-01T21:36:47.567299+00:00,0.1000,"{""WAP4"": -65.5, ""WAP10"": -47.5, ""WAP1"": -60.5, ""WAP6"": -59.0}",6.6900,2.0200,24
48f42ad7-ab8e-4940-a66c-abcb357b67cb,Tag2,Carleton University,Canal Building,3,D2,2026-04-01T21:38:29.494534+00:00,0.6380,"{""WAP4"": -65.0, ""WAP10"": -48.666666666666664, ""WAP1"": -61.0, ""WAP6"": -60.666666666666664}",6.0400,3.3300,27
b693fc54-0213-4910-9087-5d7bf193bf31,Tag2,Carleton University,Canal Building,3,D2,2026-04-01T21:38:29.494534+00:00,0.1000,"{""WAP4"": -65.0, ""WAP10"": -48.666666666666664, ""WAP1"": -61.0, ""WAP6"": -60.666666666666664}",6.7000,2.3200,27
55862e35-9886-43a3-bb79-bdd8db78ba87,Tag2,Carleton University,Canal Building,3,D2,2026-04-01T21:38:29.494534+00:00,0.6380,"{""WAP4"": -65.0, ""WAP10"": -48.666666666666664, ""WAP1"": -61.0, ""WAP6"": -60.666666666666664}",6.0400,3.3300,27
6c6a1169-f340-4dac-b177-3881b2b68aeb,Tag2,Carleton University,Canal Building,3,D2,2026-04-01T21:38:29.494534+00:00,0.1000,"{""WAP4"": -65.0, ""WAP10"": -48.666666666666664, ""WAP1"": -61.0, ""WAP6"": -60.666666666666664}",6.7000,2.3200,27
5aed094e-7d92-4499-9c0b-83fc71489e04,Tag2,Carleton University,Canal Building,3,D2,2026-04-01T21:40:11.397025+00:00,0.6170,"{""WAP4"": -65.0, ""WAP10"": -47.0, ""WAP1"": -60.0, ""WAP6"": -61.0}",6.2600,3.1400,29
ea2c937f-ee9d-4d78-b87f-2f7d411f4ea4,Tag2,Carleton University,Canal Building,3,E2,2026-04-01T21:40:11.397025+00:00,0.1000,"{""WAP4"": -65.0, ""WAP10"": -47.0, ""WAP1"": -60.0, ""WAP6"": -61.0}",6.9700,2.1000,29
8f482c10-41f7-4060-9f92-9a003a6db50d,Tag2,Carleton University,Canal Building,3,D2,2026-04-01T21:40:11.397025+00:00,0.6170,"{""WAP4"": -65.0, ""WAP10"": -47.0, ""WAP1"": -60.0, ""WAP6"": -61.0}",6.2600,3.1400,29
3cef8db3-17d2-4be4-b35f-b13f9d061434,Tag2,Carleton University,Canal Building,3,E2,2026-04-01T21:40:11.397025+00:00,0.1000,"{""WAP4"": -65.0, ""WAP10"": -47.0, ""WAP1"": -60.0, ""WAP6"": -61.0}",6.9700,2.1000,29
297e3001-357c-4a2a-be42-50e1a1185367,Tag2,Carleton University,Canal Building,3,D3,2026-04-01T21:41:30.389335+00:00,0.6950,"{""WAP4"": -63.0, ""WAP10"": -54.5, ""WAP1"": -66.0, ""WAP6"": -61.5}",5.6800,4.2800,31
841c0d03-a47e-4ca3-8ada-1ac69b2b324a,Tag2,Carleton University,Canal Building,3,D2,2026-04-01T21:41:30.389335+00:00,0.1410,"{""WAP4"": -63.0, ""WAP10"": -54.5, ""WAP1"": -66.0, ""WAP6"": -61.5}",6.1400,3.4500,31
4d45af3e-100d-4278-aa24-ecb7a4db5fc7,Tag2,Carleton University,Canal Building,3,D3,2026-04-01T21:41:30.389335+00:00,0.6950,"{""WAP4"": -63.0, ""WAP10"": -54.5, ""WAP1"": -66.0, ""WAP6"": -61.5}",5.6800,4.2800,31
a2d962ec-d1ed-40c8-ad77-c206f2163210,Tag2,Carleton University,Canal Building,3,D2,2026-04-01T21:41:30.389335+00:00,0.1410,"{""WAP4"": -63.0, ""WAP10"": -54.5, ""WAP1"": -66.0, ""WAP6"": -61.5}",6.1400,3.4500,31
ec8977df-5561-4643-b8c4-ec510cbf83f0,Tag2,Carleton University,Canal Building,3,D3,2026-04-01T21:43:12.038360+00:00,0.7110,"{""WAP4"": -62.0, ""WAP10"": -55.333333333333336, ""WAP1"": -66.0, ""WAP6"": -60.333333333333336}",5.4400,4.5400,34
b1cda03c-d1c2-4550-8589-c86c85913698,Tag2,Carleton University,Canal Building,3,D2,2026-04-01T21:43:12.038360+00:00,0.1810,"{""WAP4"": -62.0, ""WAP10"": -55.333333333333336, ""WAP1"": -66.0, ""WAP6"": -60.333333333333336}",5.8100,3.8200,34
0c2b7cf9-b6b0-45b9-80d1-70dc6f34c5d3,Tag2,Carleton University,Canal Building,3,D3,2026-04-01T21:43:12.038360+00:00,0.7110,"{""WAP4"": -62.0, ""WAP10"": -55.333333333333336, ""WAP1"": -66.0, ""WAP6"": -60.333333333333336}",5.4400,4.5400,34
f1443bc7-68cf-4886-aeec-080b5c60046f,Tag2,Carleton University,Canal Building,3,D2,2026-04-01T21:43:12.038360+00:00,0.1810,"{""WAP4"": -62.0, ""WAP10"": -55.333333333333336, ""WAP1"": -66.0, ""WAP6"": -60.333333333333336}",5.8100,3.8200,34
786f75c5-df1d-4e0d-844e-71deb8023a2c,Tag2,Carleton University,Canal Building,3,C3,2026-04-01T21:44:30.555225+00:00,0.7190,"{""WAP4"": -67.0, ""WAP10"": -57.5, ""WAP1"": -62.0, ""WAP6"": -58.5}",4.0800,4.5900,36
4bf13c01-d279-4038-9acb-921b14d0afe0,Tag2,Carleton University,Canal Building,3,C2,2026-04-01T21:44:30.555225+00:00,0.1810,"{""WAP4"": -67.0, ""WAP10"": -57.5, ""WAP1"": -62.0, ""WAP6"": -58.5}",4.1000,3.9400,36
65bc19e6-909b-4611-a730-d34dd9722de4,Tag2,Carleton University,Canal Building,3,C3,2026-04-01T21:44:30.555225+00:00,0.7190,"{""WAP4"": -67.0, ""WAP10"": -57.5, ""WAP1"": -62.0, ""WAP6"": -58.5}",4.0800,4.5900,36
a768e5d3-07eb-4451-9178-11d7b5157f51,Tag2,Carleton University,Canal Building,3,C2,2026-04-01T21:44:30.555225+00:00,0.1810,"{""WAP4"": -67.0, ""WAP10"": -57.5, ""WAP1"": -62.0, ""WAP6"": -58.5}",4.1000,3.9400,36
4d82ada8-dd28-4e97-a8a8-3b2e59e12e26,Tag2,Carleton University,Canal Building,3,C3,2026-04-01T21:46:12.324969+00:00,0.7460,"{""WAP4"": -65.0, ""WAP10"": -55.333333333333336, ""WAP1"": -57.666666666666664, ""WAP6"": -58.666666666666664}",4.1300,5.4800,39
d40ebefa-a7d8-4b71-8aa3-2768c8d96fb1,Tag2,Carleton University,Canal Building,3,C3,2026-04-01T21:46:12.324969+00:00,0.2900,"{""WAP4"": -65.0, ""WAP10"": -55.333333333333336, ""WAP1"": -57.666666666666664, ""WAP6"": -58.666666666666664}",4.1900,5.1000,39
c412b5d9-a6be-41a3-8ab5-d851602ac774,Tag2,Carleton University,Canal Building,3,C3,2026-04-01T21:46:12.324969+00:00,0.7460,"{""WAP4"": -65.0, ""WAP10"": -55.333333333333336, ""WAP1"": -57.666666666666664, ""WAP6"": -58.666666666666664}",4.1300,5.4800,39
fb609282-aded-445c-8ab2-a8b189b86942,Tag2,Carleton University,Canal Building,3,C3,2026-04-01T21:46:12.324969+00:00,0.2900,"{""WAP4"": -65.0, ""WAP10"": -55.333333333333336, ""WAP1"": -57.666666666666664, ""WAP6"": -58.666666666666664}",4.1900,5.1000,39
dcc7378e-9da2-4fea-ae9d-6788ea1cd24e,Tag2,Carleton University,Canal Building,3,C4,2026-04-01T21:47:53.753984+00:00,0.7670,"{""WAP4"": -64.5, ""WAP10"": -57.0, ""WAP1"": -55.5, ""WAP6"": -58.5}",3.5500,6.4900,41
62b0bcda-ff02-4ed4-a694-0d29222ca893,Tag2,Carleton University,Canal Building,3,B4,2026-04-01T21:47:53.753984+00:00,0.3490,"{""WAP4"": -64.5, ""WAP10"": -57.0, ""WAP1"": -55.5, ""WAP6"": -58.5}",3.3700,6.5000,41
c2edefcf-0099-464d-bda4-1ee53bb88bd8,Tag2,Carleton University,Canal Building,3,C4,2026-04-01T21:47:53.753984+00:00,0.7670,"{""WAP4"": -64.5, ""WAP10"": -57.0, ""WAP1"": -55.5, ""WAP6"": -58.5}",3.5500,6.4900,41
84f0762f-f9e3-4a03-b14d-bc30568577b0,Tag2,Carleton University,Canal Building,3,B4,2026-04-01T21:47:53.753984+00:00,0.3490,"{""WAP4"": -64.5, ""WAP10"": -57.0, ""WAP1"": -55.5, ""WAP6"": -58.5}",3.3700,6.5000,41
656f35d8-068b-455d-a90f-3886c2496eef,Tag2,Carleton University,Canal Building,3,C4,2026-04-01T21:49:12.931079+00:00,0.7870,"{""WAP4"": -64.5, ""WAP10"": -57.5, ""WAP1"": -56.5, ""WAP6"": -60.0}",3.7600,6.5800,43
86f68246-0124-412c-b1d7-31d8d477e42d,Tag2,Carleton University,Canal Building,3,C4,2026-04-01T21:49:12.931079+00:00,0.4010,"{""WAP4"": -64.5, ""WAP10"": -57.5, ""WAP1"": -56.5, ""WAP6"": -60.0}",3.6300,6.5800,43
db9e6251-7c12-4ebc-bc85-e80b669b69a1,Tag2,Carleton University,Canal Building,3,C4,2026-04-01T21:49:12.931079+00:00,0.7870,"{""WAP4"": -64.5, ""WAP10"": -57.5, ""WAP1"": -56.5, ""WAP6"": -60.0}",3.7600,6.5800,43
1a879e79-7705-4fe1-b2b3-e656c82b30d0,Tag2,Carleton University,Canal Building,3,C4,2026-04-01T21:49:12.931079+00:00,0.4010,"{""WAP4"": -64.5, ""WAP10"": -57.5, ""WAP1"": -56.5, ""WAP6"": -60.0}",3.6300,6.5800,43
01e6e6a7-36ce-46e8-bcfb-1ee331d912c6,Tag2,Carleton University,Canal Building,3,C4,2026-04-01T21:50:54.630066+00:00,0.8000,"{""WAP4"": -64.0, ""WAP10"": -57.333333333333336, ""WAP1"": -56.333333333333336, ""WAP6"": -59.666666666666664}",3.7700,6.5900,46
1e79c087-5dbf-4ddd-ab2d-aa97e0b10c21,Tag2,Carleton University,Canal Building,3,C4,2026-04-01T21:50:54.630066+00:00,0.4410,"{""WAP4"": -64.0, ""WAP10"": -57.333333333333336, ""WAP1"": -56.333333333333336, ""WAP6"": -59.666666666666664}",3.6300,6.5800,46
390d42ad-689d-4d9b-a31a-56e3a00a19e2,Tag2,Carleton University,Canal Building,3,C4,2026-04-01T21:50:54.630066+00:00,0.8000,"{""WAP4"": -64.0, ""WAP10"": -57.333333333333336, ""WAP1"": -56.333333333333336, ""WAP6"": -59.666666666666664}",3.7700,6.5900,46
b251b066-5c73-4c2f-92ec-bfcd8e7b9362,Tag2,Carleton University,Canal Building,3,C4,2026-04-01T21:50:54.630066+00:00,0.4410,"{""WAP4"": -64.0, ""WAP10"": -57.333333333333336, ""WAP1"": -56.333333333333336, ""WAP6"": -59.666666666666664}",3.6300,6.5800,46
07dd76f5-47c5-437c-aedf-851610ad864b,Tag2,Carleton University,Canal Building,3,C4,2026-04-01T21:52:12.969811+00:00,0.7350,"{""WAP4"": -66.0, ""WAP10"": -58.0, ""WAP1"": -56.5, ""WAP6"": -64.0}",3.9000,7.1500,48
8c143c31-f815-4d73-be59-8ba43ccd56c1,Tag2,Carleton University,Canal Building,3,C4,2026-04-01T21:52:12.969811+00:00,0.2420,"{""WAP4"": -66.0, ""WAP10"": -58.0, ""WAP1"": -56.5, ""WAP6"": -64.0}",3.7800,7.3200,48
e90c23ab-919a-4a09-89a3-1897ee1f3b19,Tag2,Carleton University,Canal Building,3,C4,2026-04-01T21:52:12.969811+00:00,0.7350,"{""WAP4"": -66.0, ""WAP10"": -58.0, ""WAP1"": -56.5, ""WAP6"": -64.0}",3.9000,7.1500,48
d3eec5c9-abfd-4ab7-9715-b05b4ec895fa,Tag2,Carleton University,Canal Building,3,C4,2026-04-01T21:52:12.969811+00:00,0.2420,"{""WAP4"": -66.0, ""WAP10"": -58.0, ""WAP1"": -56.5, ""WAP6"": -64.0}",3.7800,7.3200,48
d246b28d-2981-4390-af88-f028d17d4677,Tag2,Carleton University,Canal Building,3,C4,2026-04-01T21:53:54.696081+00:00,0.7740,"{""WAP4"": -65.0, ""WAP10"": -57.0, ""WAP1"": -56.666666666666664, ""WAP6"": -60.333333333333336}",3.8600,6.4100,51
fcdfe189-caa5-48ff-a638-a56559455795,Tag2,Carleton University,Canal Building,3,C4,2026-04-01T21:53:54.696081+00:00,0.3590,"{""WAP4"": -65.0, ""WAP10"": -57.0, ""WAP1"": -56.666666666666664, ""WAP6"": -60.333333333333336}",3.7800,6.3500,51
5865094e-ac42-4814-9517-b2876536fab1,Tag2,Carleton University,Canal Building,3,C4,2026-04-01T21:53:54.696081+00:00,0.7740,"{""WAP4"": -65.0, ""WAP10"": -57.0, ""WAP1"": -56.666666666666664, ""WAP6"": -60.333333333333336}",3.8600,6.4100,51
df7f576b-f84c-4ea1-92c7-375c46c11d5a,Tag2,Carleton University,Canal Building,3,C4,2026-04-01T21:53:54.696081+00:00,0.3590,"{""WAP4"": -65.0, ""WAP10"": -57.0, ""WAP1"": -56.666666666666664, ""WAP6"": -60.333333333333336}",3.7800,6.3500,51
6c17ac27-2ee6-4847-81c3-7e3b363daaff,Tag2,Carleton University,Canal Building,3,C4,2026-04-01T21:55:13.355449+00:00,0.7600,"{""WAP4"": -65.0, ""WAP10"": -56.0, ""WAP1"": -57.0, ""WAP6"": -61.0}",4.1600,6.1700,53
fef3ae2c-f1f9-4426-8da7-c33a57c0a5d8,Tag2,Carleton University,Canal Building,3,C4,2026-04-01T21:55:13.355449+00:00,0.3240,"{""WAP4"": -65.0, ""WAP10"": -56.0, ""WAP1"": -57.0, ""WAP6"": -61.0}",4.1900,5.9900,53
b4aeef13-e8c7-4335-80b3-65d37bd89d7e,Tag2,Carleton University,Canal Building,3,C4,2026-04-01T21:55:13.355449+00:00,0.7600,"{""WAP4"": -65.0, ""WAP10"": -56.0, ""WAP1"": -57.0, ""WAP6"": -61.0}",4.1600,6.1700,53
4ef12667-f5fa-4a7b-8afc-1b2b06bf0809,Tag2,Carleton University,Canal Building,3,C4,2026-04-01T21:55:13.355449+00:00,0.3240,"{""WAP4"": -65.0, ""WAP10"": -56.0, ""WAP1"": -57.0, ""WAP6"": -61.0}",4.1900,5.9900,53
7a8d5c24-8308-4c09-988a-2aac9e363151,Tag2,Carleton University,Canal Building,3,C3,2026-04-01T21:56:32.287463+00:00,0.7120,"{""WAP4"": -65.0, ""WAP10"": -53.5, ""WAP1"": -57.0, ""WAP6"": -60.5}",4.5800,5.4600,55
493bed4e-fe82-4172-9e96-1ea5fd82d7b4,Tag2,Carleton University,Canal Building,3,C3,2026-04-01T21:56:32.287463+00:00,0.2050,"{""WAP4"": -65.0, ""WAP10"": -53.5, ""WAP1"": -57.0, ""WAP6"": -60.5}",4.8100,5.0100,55
660d330b-07c4-42e2-858d-6213f97f3616,Tag2,Carleton University,Canal Building,3,C3,2026-04-01T21:56:32.287463+00:00,0.7120,"{""WAP4"": -65.0, ""WAP10"": -53.5, ""WAP1"": -57.0, ""WAP6"": -60.5}",4.5800,5.4600,55
e36c936d-4778-408c-abbd-dfa5c7237e92,Tag2,Carleton University,Canal Building,3,C3,2026-04-01T21:56:32.287463+00:00,0.2050,"{""WAP4"": -65.0, ""WAP10"": -53.5, ""WAP1"": -57.0, ""WAP6"": -60.5}",4.8100,5.0100,55
9b711645-cd1e-40b8-b71a-f89b5fd96a3b,Tag2,Carleton University,Canal Building,3,C4,2026-04-01T21:57:50.794047+00:00,0.7400,"{""WAP4"": -65.0, ""WAP10"": -55.0, ""WAP1"": -56.0, ""WAP6"": -61.0}",4.1900,6.2000,57
779f65b4-1fdd-475b-a16f-6512e1f7b0c6,Tag2,Carleton University,Canal Building,3,C4,2026-04-01T21:57:50.794047+00:00,0.2730,"{""WAP4"": -65.0, ""WAP10"": -55.0, ""WAP1"": -56.0, ""WAP6"": -61.0}",4.2400,6.0400,57
4834abdd-1a9b-4c17-a6d1-eaa186f6077a,Tag2,Carleton University,Canal Building,3,C4,2026-04-01T21:57:50.794047+00:00,0.7400,"{""WAP4"": -65.0, ""WAP10"": -55.0, ""WAP1"": -56.0, ""WAP6"": -61.0}",4.1900,6.2000,57
d8317531-d02a-43e4-87ee-07e365fac423,Tag2,Carleton University,Canal Building,3,C4,2026-04-01T21:57:50.794047+00:00,0.2730,"{""WAP4"": -65.0, ""WAP10"": -55.0, ""WAP1"": -56.0, ""WAP6"": -61.0}",4.2400,6.0400,57
00cf2c11-6c07-477f-8bc5-201549672722,Tag2,Carleton University,Canal Building,3,C3,2026-04-01T21:59:33.030841+00:00,0.7270,"{""WAP4"": -65.0, ""WAP10"": -54.333333333333336, ""WAP1"": -56.333333333333336, ""WAP6"": -56.666666666666664}",3.9100,5.3000,60
0034b945-71e7-491d-819e-0e1dd82450a6,Tag2,Carleton University,Canal Building,3,C3,2026-04-01T21:59:33.030841+00:00,0.2420,"{""WAP4"": -65.0, ""WAP10"": -54.333333333333336, ""WAP1"": -56.333333333333336, ""WAP6"": -56.666666666666664}",3.9200,4.9200,60
18fc72d9-e9e1-422f-bd73-6d7d8a551f89,Tag2,Carleton University,Canal Building,3,C3,2026-04-01T21:59:33.030841+00:00,0.7270,"{""WAP4"": -65.0, ""WAP10"": -54.333333333333336, ""WAP1"": -56.333333333333336, ""WAP6"": -56.666666666666664}",3.9100,5.3000,60
285949fe-6ab3-4a29-8f7d-d9ef64fc5a19,Tag2,Carleton University,Canal Building,3,C3,2026-04-01T21:59:33.030841+00:00,0.2420,"{""WAP4"": -65.0, ""WAP10"": -54.333333333333336, ""WAP1"": -56.333333333333336, ""WAP6"": -56.666666666666664}",3.9200,4.9200,60
2eb38ece-484a-46aa-816f-defcf6339d3a,Tag2,Carleton University,Canal Building,3,C4,2026-04-01T22:00:51.912789+00:00,0.7470,"{""WAP4"": -64.5, ""WAP10"": -54.5, ""WAP1"": -55.5, ""WAP6"": -62.0}",4.3200,6.3900,62
df04f01e-77e2-476e-8b1b-c2794a6ecf6d,Tag2,Carleton University,Canal Building,3,C4,2026-04-01T22:00:51.912789+00:00,0.3010,"{""WAP4"": -64.5, ""WAP10"": -54.5, ""WAP1"": -55.5, ""WAP6"": -62.0}",4.3800,6.2500,62
c55ea0d0-9c38-4bfd-976a-23b814d6d5a9,Tag2,Carleton University,Canal Building,3,C4,2026-04-01T22:00:51.912789+00:00,0.7470,"{""WAP4"": -64.5, ""WAP10"": -54.5, ""WAP1"": -55.5, ""WAP6"": -62.0}",4.3200,6.3900,62
67ab1aeb-8a7e-4ca3-b94f-37d114377621,Tag2,Carleton University,Canal Building,3,C4,2026-04-01T22:00:51.912789+00:00,0.3010,"{""WAP4"": -64.5, ""WAP10"": -54.5, ""WAP1"": -55.5, ""WAP6"": -62.0}",4.3800,6.2500,62
4220e87a-5b71-47cb-87f5-87958d9be037,Tag2,Carleton University,Canal Building,3,C4,2026-04-01T22:02:33.345000+00:00,0.7160,"{""WAP4"": -65.33333333333333, ""WAP10"": -55.0, ""WAP1"": -54.333333333333336, ""WAP6"": -57.0}",3.5400,6.0600,65
3223e09f-0139-467f-9e94-d04a5f9b7f93,Tag2,Carleton University,Canal Building,3,B4,2026-04-01T22:02:33.345000+00:00,0.2070,"{""WAP4"": -65.33333333333333, ""WAP10"": -55.0, ""WAP1"": -54.333333333333336, ""WAP6"": -57.0}",3.4100,5.9900,65
08327907-c8f2-41d6-ad6c-bc01412dd86a,Tag2,Carleton University,Canal Building,3,C4,2026-04-01T22:02:33.345000+00:00,0.7160,"{""WAP4"": -65.33333333333333, ""WAP10"": -55.0, ""WAP1"": -54.333333333333336, ""WAP6"": -57.0}",3.5400,6.0600,65
2780372c-9fce-4f3d-921c-681a40c0ce21,Tag2,Carleton University,Canal Building,3,B4,2026-04-01T22:02:33.345000+00:00,0.2070,"{""WAP4"": -65.33333333333333, ""WAP10"": -55.0, ""WAP1"": -54.333333333333336, ""WAP6"": -57.0}",3.4100,5.9900,65
095489d1-1420-40d9-8e66-7163beb78063,Tag2,Carleton University,Canal Building,3,C4,2026-04-01T22:03:52.662906+00:00,0.8140,"{""WAP4"": -64.0, ""WAP10"": -57.5, ""WAP1"": -57.0, ""WAP6"": -60.5}",3.9200,6.5800,67
03b1983f-64b6-44c3-b76a-69c0028bc38c,Tag2,Carleton University,Canal Building,3,C4,2026-04-01T22:03:52.662906+00:00,0.4780,"{""WAP4"": -64.0, ""WAP10"": -57.5, ""WAP1"": -57.0, ""WAP6"": -60.5}",3.8300,6.5400,67
691bb827-e2af-4729-96dd-ddf9fc4ddf12,Tag2,Carleton University,Canal Building,3,C4,2026-04-01T22:03:52.662906+00:00,0.8140,"{""WAP4"": -64.0, ""WAP10"": -57.5, ""WAP1"": -57.0, ""WAP6"": -60.5}",3.9200,6.5800,67
20e44d1a-7892-4ef9-a56d-de1ccd1cc56c,Tag2,Carleton University,Canal Building,3,C4,2026-04-01T22:03:52.662906+00:00,0.4780,"{""WAP4"": -64.0, ""WAP10"": -57.5, ""WAP1"": -57.0, ""WAP6"": -60.5}",3.8300,6.5400,67
002a03a8-5784-4f48-820b-ef84a25688e6,Tag2,Carleton University,Canal Building,3,D3,2026-04-01T22:05:34.576536+00:00,0.6240,"{""WAP4"": -66.33333333333333, ""WAP10"": -51.0, ""WAP1"": -59.0, ""WAP6"": -62.666666666666664}",5.5200,4.3300,70
56b12a22-e44c-413c-b1a8-457793ac43e7,Tag2,Carleton University,Canal Building,3,D2,2026-04-01T22:05:34.576536+00:00,0.1000,"{""WAP4"": -66.33333333333333, ""WAP10"": -51.0, ""WAP1"": -59.0, ""WAP6"": -62.666666666666664}",6.0700,3.4700,70
4e2db192-52ef-47ad-86a5-60da4be1eb0f,Tag2,Carleton University,Canal Building,3,D3,2026-04-01T22:05:34.576536+00:00,0.6240,"{""WAP4"": -66.33333333333333, ""WAP10"": -51.0, ""WAP1"": -59.0, ""WAP6"": -62.666666666666664}",5.5200,4.3300,70
0a7c356a-6295-403e-8ae9-410d098625e2,Tag2,Carleton University,Canal Building,3,D2,2026-04-01T22:05:34.576536+00:00,0.1000,"{""WAP4"": -66.33333333333333, ""WAP10"": -51.0, ""WAP1"": -59.0, ""WAP6"": -62.666666666666664}",6.0700,3.4700,70
5d771870-0554-48a7-8fd5-fa6d07540977,Tag2,Carleton University,Canal Building,3,D3,2026-04-01T22:07:16.015978+00:00,0.5950,"{""WAP4"": -67.5, ""WAP10"": -52.0, ""WAP1"": -60.0, ""WAP6"": -60.5}",5.1800,4.0500,72
c407f73b-2563-4006-8419-6c42a2448866,Tag2,Carleton University,Canal Building,3,D2,2026-04-01T22:07:16.015978+00:00,0.1000,"{""WAP4"": -67.5, ""WAP10"": -52.0, ""WAP1"": -60.0, ""WAP6"": -60.5}",5.6800,3.2400,72
35973a33-f0fe-4d3b-b9d3-18822f647c8a,Tag2,Carleton University,Canal Building,3,D3,2026-04-01T22:07:16.015978+00:00,0.5950,"{""WAP4"": -67.5, ""WAP10"": -52.0, ""WAP1"": -60.0, ""WAP6"": -60.5}",5.1800,4.0500,72
c31b065a-8212-430d-ac32-6c486a45443b,Tag2,Carleton University,Canal Building,3,D2,2026-04-01T22:07:16.015978+00:00,0.1000,"{""WAP4"": -67.5, ""WAP10"": -52.0, ""WAP1"": -60.0, ""WAP6"": -60.5}",5.6800,3.2400,72
92a76305-5c4d-4eb6-99bc-6fa0ac9120e8,Tag2,Carleton University,Canal Building,3,D3,2026-04-01T22:08:34.392588+00:00,0.6250,"{""WAP4"": -66.5, ""WAP10"": -51.5, ""WAP1"": -59.5, ""WAP6"": -63.5}",5.5600,4.3800,74
61bff7a3-fda4-4eb3-b567-10a5945634f3,Tag2,Carleton University,Canal Building,3,D2,2026-04-01T22:08:34.392588+00:00,0.1000,"{""WAP4"": -66.5, ""WAP10"": -51.5, ""WAP1"": -59.5, ""WAP6"": -63.5}",6.1100,3.5200,74
d468582d-cdd6-41a0-813b-715c659d71e6,Tag2,Carleton University,Canal Building,3,D3,2026-04-01T22:08:34.392588+00:00,0.6250,"{""WAP4"": -66.5, ""WAP10"": -51.5, ""WAP1"": -59.5, ""WAP6"": -63.5}",5.5600,4.3800,74
d29a3e3a-6683-4a66-b396-1fe32903a06e,Tag2,Carleton University,Canal Building,3,D2,2026-04-01T22:08:34.392588+00:00,0.1000,"{""WAP4"": -66.5, ""WAP10"": -51.5, ""WAP1"": -59.5, ""WAP6"": -63.5}",6.1100,3.5200,74
5bd01b9a-0da5-4f69-b1cd-2e38b3cbfba5,Tag2,Carleton University,Canal Building,3,C3,2026-04-01T22:10:16.092598+00:00,0.6220,"{""WAP4"": -66.66666666666667, ""WAP10"": -51.666666666666664, ""WAP1"": -57.0, ""WAP6"": -62.666666666666664}",5.0700,5.0000,77
cfde305d-dfeb-4a44-9341-dd347d85320c,Tag2,Carleton University,Canal Building,3,D3,2026-04-01T22:10:16.092598+00:00,0.1000,"{""WAP4"": -66.66666666666667, ""WAP10"": -51.666666666666664, ""WAP1"": -57.0, ""WAP6"": -62.666666666666664}",5.4900,4.3600,77
68ee3309-36b0-44f0-aba6-0194dd29a025,Tag2,Carleton University,Canal Building,3,C3,2026-04-01T22:10:16.092598+00:00,0.6220,"{""WAP4"": -66.66666666666667, ""WAP10"": -51.666666666666664, ""WAP1"": -57.0, ""WAP6"": -62.666666666666664}",5.0700,5.0000,77
7a05a18b-40db-4abe-9661-a9ef80cfec56,Tag2,Carleton University,Canal Building,3,D3,2026-04-01T22:10:16.092598+00:00,0.1000,"{""WAP4"": -66.66666666666667, ""WAP10"": -51.666666666666664, ""WAP1"": -57.0, ""WAP6"": -62.666666666666664}",5.4900,4.3600,77
005c664f-76c4-4853-a4f3-9e15fa3b3fe0,Tag2,Carleton University,Canal Building,3,D3,2026-04-01T22:11:35.423450+00:00,0.6330,"{""WAP4"": -66.5, ""WAP10"": -52.0, ""WAP1"": -59.5, ""WAP6"": -63.0}",5.4100,4.4900,79
06a0e179-b741-4411-aa33-88b765dbc3a4,Tag2,Carleton University,Canal Building,3,D2,2026-04-01T22:11:35.423450+00:00,0.1000,"{""WAP4"": -66.5, ""WAP10"": -52.0, ""WAP1"": -59.5, ""WAP6"": -63.0}",5.9400,3.6700,79
adfb138c-8b7a-47ed-a360-cb1805c22494,Tag2,Carleton University,Canal Building,3,D3,2026-04-01T22:11:35.423450+00:00,0.6330,"{""WAP4"": -66.5, ""WAP10"": -52.0, ""WAP1"": -59.5, ""WAP6"": -63.0}",5.4100,4.4900,79
a295402c-6ac1-43ae-bcd2-663d0f52742a,Tag2,Carleton University,Canal Building,3,D2,2026-04-01T22:11:35.423450+00:00,0.1000,"{""WAP4"": -66.5, ""WAP10"": -52.0, ""WAP1"": -59.5, ""WAP6"": -63.0}",5.9400,3.6700,79
1104755e-0d6c-4707-ac83-7cfafe021851,Tag2,Carleton University,Canal Building,3,C3,2026-04-01T22:13:16.851753+00:00,0.5500,"{""WAP4"": -69.0, ""WAP10"": -53.0, ""WAP1"": -58.0, ""WAP6"": -61.666666666666664}",4.7800,4.8000,82
f078f775-8686-4aae-83a2-b2a940981cc6,Tag2,Carleton University,Canal Building,3,C3,2026-04-01T22:13:16.851753+00:00,0.1000,"{""WAP4"": -69.0, ""WAP10"": -53.0, ""WAP1"": -58.0, ""WAP6"": -61.666666666666664}",5.1600,4.2200,82
700fc680-968a-47d8-9660-e7ed781be9ee,Tag2,Carleton University,Canal Building,3,C3,2026-04-01T22:13:16.851753+00:00,0.5500,"{""WAP4"": -69.0, ""WAP10"": -53.0, ""WAP1"": -58.0, ""WAP6"": -61.666666666666664}",4.7800,4.8000,82
60b1f8bc-927d-46a9-847b-9f99bf087da4,Tag2,Carleton University,Canal Building,3,C3,2026-04-01T22:13:16.851753+00:00,0.1000,"{""WAP4"": -69.0, ""WAP10"": -53.0, ""WAP1"": -58.0, ""WAP6"": -61.666666666666664}",5.1600,4.2200,82
f5826625-4225-48b6-8488-0dd3918afa95,Tag2,Carleton University,Canal Building,3,C3,2026-04-01T22:14:58.264485+00:00,0.5050,"{""WAP4"": -70.0, ""WAP10"": -53.0, ""WAP1"": -59.5, ""WAP6"": -61.5}",4.9400,4.2900,84
a0e34e2d-c6c7-40e0-ae11-e0d3a78cd065,Tag2,Carleton University,Canal Building,3,D2,2026-04-01T22:14:58.264485+00:00,0.1000,"{""WAP4"": -70.0, ""WAP10"": -53.0, ""WAP1"": -59.5, ""WAP6"": -61.5}",5.4000,3.5900,84
138156aa-1b08-4ef4-b633-93d86b888625,Tag2,Carleton University,Canal Building,3,C3,2026-04-01T22:14:58.264485+00:00,0.5050,"{""WAP4"": -70.0, ""WAP10"": -53.0, ""WAP1"": -59.5, ""WAP6"": -61.5}",4.9400,4.2900,84
88fc8bce-762b-44d6-9f64-2af5f09fcf0c,Tag2,Carleton University,Canal Building,3,D2,2026-04-01T22:14:58.264485+00:00,0.1000,"{""WAP4"": -70.0, ""WAP10"": -53.0, ""WAP1"": -59.5, ""WAP6"": -61.5}",5.4000,3.5900,84
0ab853f2-cf28-4638-924e-fe54c5760eac,Tag2,Carleton University,Canal Building,3,C3,2026-04-01T22:16:16.681622+00:00,0.5830,"{""WAP4"": -68.0, ""WAP10"": -52.5, ""WAP1"": -56.5, ""WAP6"": -64.5}",4.9100,5.4200,86
40475a0d-4f08-4e6f-8f7d-58ac58efc1c8,Tag2,Carleton University,Canal Building,3,D3,2026-04-01T22:16:16.681622+00:00,0.1000,"{""WAP4"": -68.0, ""WAP10"": -52.5, ""WAP1"": -56.5, ""WAP6"": -64.5}",5.2500,4.9200,86
79cafe31-f496-42a6-8032-04d588a713b2,Tag2,Carleton University,Canal Building,3,C3,2026-04-01T22:16:16.681622+00:00,0.5830,"{""WAP4"": -68.0, ""WAP10"": -52.5, ""WAP1"": -56.5, ""WAP6"": -64.5}",4.9100,5.4200,86
acd7d865-6299-4a21-bddf-4314d7e9e263,Tag2,Carleton University,Canal Building,3,D3,2026-04-01T22:16:16.681622+00:00,0.1000,"{""WAP4"": -68.0, ""WAP10"": -52.5, ""WAP1"": -56.5, ""WAP6"": -64.5}",5.2500,4.9200,86
bbb9f205-22f5-42aa-9161-5c4f57a3f8e4,Tag2,Carleton University,Canal Building,3,C3,2026-04-01T22:17:58.628326+00:00,0.6500,"{""WAP4"": -66.66666666666667, ""WAP10"": -53.333333333333336, ""WAP1"": -57.0, ""WAP6"": -63.0}",4.7600,5.5100,89
9a6b1a4e-67f8-4cef-8703-c008d027974c,Tag2,Carleton University,Canal Building,3,C3,2026-04-01T22:17:58.628326+00:00,0.1000,"{""WAP4"": -66.66666666666667, ""WAP10"": -53.333333333333336, ""WAP1"": -57.0, ""WAP6"": -63.0}",5.0500,5.0500,89
6a7a8987-65a8-4f87-96a0-fbd5260b4972,Tag2,Carleton University,Canal Building,3,C3,2026-04-01T22:17:58.628326+00:00,0.6500,"{""WAP4"": -66.66666666666667, ""WAP10"": -53.333333333333336, ""WAP1"": -57.0, ""WAP6"": -63.0}",4.7600,5.5100,89
8e2e220c-9668-4565-b5cd-2917497bd6e3,Tag2,Carleton University,Canal Building,3,C3,2026-04-01T22:17:58.628326+00:00,0.1000,"{""WAP4"": -66.66666666666667, ""WAP10"": -53.333333333333336, ""WAP1"": -57.0, ""WAP6"": -63.0}",5.0500,5.0500,89
7d407a17-a452-4f69-bab5-1470ae9f377f,Tag2,Carleton University,Canal Building,3,C3,2026-04-01T22:19:17.707285+00:00,0.5670,"{""WAP4"": -68.0, ""WAP10"": -51.5, ""WAP1"": -56.5, ""WAP6"": -61.0}",4.8400,4.8400,91
2bec5444-9728-4c79-aceb-c198394724cb,Tag2,Carleton University,Canal Building,3,D3,2026-04-01T22:19:17.707285+00:00,0.1000,"{""WAP4"": -68.0, ""WAP10"": -51.5, ""WAP1"": -56.5, ""WAP6"": -61.0}",5.2400,4.2600,91
c0c9263c-5497-4a9e-89c2-54f779e0649f,Tag2,Carleton University,Canal Building,3,C3,2026-04-01T22:19:17.707285+00:00,0.5670,"{""WAP4"": -68.0, ""WAP10"": -51.5, ""WAP1"": -56.5, ""WAP6"": -61.0}",4.8400,4.8400,91
4f7442ff-683e-409b-9599-c28d25ebb617,Tag2,Carleton University,Canal Building,3,D3,2026-04-01T22:19:17.707285+00:00,0.1000,"{""WAP4"": -68.0, ""WAP10"": -51.5, ""WAP1"": -56.5, ""WAP6"": -61.0}",5.2400,4.2600,91
31628b42-7972-43fb-833c-bacb89a3076c,Tag2,Carleton University,Canal Building,3,C3,2026-04-01T22:20:59.276011+00:00,0.5960,"{""WAP4"": -68.33333333333333, ""WAP10"": -54.0, ""WAP1"": -54.333333333333336, ""WAP6"": -58.333333333333336}",3.7200,5.8100,94
84f0d262-3ee5-4f09-be90-a87debb108a7,Tag2,Carleton University,Canal Building,3,C3,2026-04-01T22:20:59.276011+00:00,0.1000,"{""WAP4"": -68.33333333333333, ""WAP10"": -54.0, ""WAP1"": -54.333333333333336, ""WAP6"": -58.333333333333336}",3.7200,5.7300,94
6817a09d-5a6a-4a23-a183-f14586dbdd0f,Tag2,Carleton University,Canal Building,3,C3,2026-04-01T22:20:59.276011+00:00,0.5960,"{""WAP4"": -68.33333333333333, ""WAP10"": -54.0, ""WAP1"": -54.333333333333336, ""WAP6"": -58.333333333333336}",3.7200,5.8100,94
e354f3b7-270a-4aa8-8208-2fbb699c1b67,Tag2,Carleton University,Canal Building,3,C3,2026-04-01T22:20:59.276011+00:00,0.1000,"{""WAP4"": -68.33333333333333, ""WAP10"": -54.0, ""WAP1"": -54.333333333333336, ""WAP6"": -58.333333333333336}",3.7200,5.7300,94
610c4ecf-ef3b-475d-a4bc-75468dc0929a,Tag2,Carleton University,Canal Building,3,D3,2026-04-01T22:22:18.089905+00:00,0.4970,"{""WAP4"": -70.0, ""WAP10"": -52.5, ""WAP1"": -59.0, ""WAP6"": -64.5}",5.2600,4.5400,96
1d3d3c60-7d16-4987-934f-e31a2ab74b16,Tag2,Carleton University,Canal Building,3,D2,2026-04-01T22:22:18.089905+00:00,0.1000,"{""WAP4"": -70.0, ""WAP10"": -52.5, ""WAP1"": -59.0, ""WAP6"": -64.5}",5.7700,3.8100,96
adb6cbb5-bece-4529-b11c-9a7018bfd7c4,Tag2,Carleton University,Canal Building,3,D3,2026-04-01T22:22:18.089905+00:00,0.4970,"{""WAP4"": -70.0, ""WAP10"": -52.5, ""WAP1"": -59.0, ""WAP6"": -64.5}",5.2600,4.5400,96
7ca24642-c749-4f8c-9a4f-15ede7a2fb3d,Tag2,Carleton University,Canal Building,3,D2,2026-04-01T22:22:18.089905+00:00,0.1000,"{""WAP4"": -70.0, ""WAP10"": -52.5, ""WAP1"": -59.0, ""WAP6"": -64.5}",5.7700,3.8100,96
9e67bfd6-84d3-4c05-b441-9b700d08a1bc,Tag2,Carleton University,Canal Building,3,C3,2026-04-01T22:23:36.498853+00:00,0.6280,"{""WAP4"": -68.0, ""WAP10"": -55.0, ""WAP1"": -58.0, ""WAP6"": -61.0}",4.3400,5.3300,98
3a8a374b-73d3-4945-955c-2d71253bd931,Tag2,Carleton University,Canal Building,3,C3,2026-04-01T22:23:36.498853+00:00,0.1000,"{""WAP4"": -68.0, ""WAP10"": -55.0, ""WAP1"": -58.0, ""WAP6"": -61.0}",4.5200,4.9300,98
d36bb17d-0304-4cda-968b-ac7bc6ba5bb7,Tag2,Carleton University,Canal Building,3,C3,2026-04-01T22:23:36.498853+00:00,0.6280,"{""WAP4"": -68.0, ""WAP10"": -55.0, ""WAP1"": -58.0, ""WAP6"": -61.0}",4.3400,5.3300,98
3e2eb741-4364-4c2a-869d-81efe7b9bea3,Tag2,Carleton University,Canal Building,3,C3,2026-04-01T22:23:36.498853+00:00,0.1000,"{""WAP4"": -68.0, ""WAP10"": -55.0, ""WAP1"": -58.0, ""WAP6"": -61.0}",4.5200,4.9300,98
529eb753-b5ec-4ac9-a2bc-4cc756e4184b,Tag2,Carleton University,Canal Building,3,C3,2026-04-01T22:24:55.229211+00:00,0.5800,"{""WAP4"": -68.5, ""WAP10"": -53.5, ""WAP1"": -58.0, ""WAP6"": -60.5}",4.5700,4.8500,100
54014b1b-9721-4fc5-82ac-ce0eb65b19f4,Tag2,Carleton University,Canal Building,3,C3,2026-04-01T22:24:55.229211+00:00,0.1000,"{""WAP4"": -68.5, ""WAP10"": -53.5, ""WAP1"": -58.0, ""WAP6"": -60.5}",4.8800,4.3000,100
068e1f80-a983-44e8-b684-c0a13f66555e,Tag2,Carleton University,Canal Building,3,C3,2026-04-01T22:24:55.229211+00:00,0.5800,"{""WAP4"": -68.5, ""WAP10"": -53.5, ""WAP1"": -58.0, ""WAP6"": -60.5}",4.5700,4.8500,100
4199a250-9945-4b34-a6f2-32b05cfabeb6,Tag2,Carleton University,Canal Building,3,C3,2026-04-01T22:24:55.229211+00:00,0.1000,"{""WAP4"": -68.5, ""WAP10"": -53.5, ""WAP1"": -58.0, ""WAP6"": -60.5}",4.8800,4.3000,100
d71e7bdf-ff4b-477a-a210-483d88ea97a1,Tag2,Carleton University,Canal Building,3,C3,2026-04-01T22:26:37.433090+00:00,0.5910,"{""WAP4"": -67.33333333333333, ""WAP10"": -51.333333333333336, ""WAP1"": -57.333333333333336, ""WAP6"": -61.333333333333336}",5.0500,4.6400,103
2fe3734e-8e62-4aa5-bf1c-5d4be24185c4,Tag2,Carleton University,Canal Building,3,D2,2026-04-01T22:26:37.433090+00:00,0.1000,"{""WAP4"": -67.33333333333333, ""WAP10"": -51.333333333333336, ""WAP1"": -57.333333333333336, ""WAP6"": -61.333333333333336}",5.5100,3.9600,103
5a5fe2ec-d114-4992-a397-0be2a9bd5eff,Tag2,Carleton University,Canal Building,3,C3,2026-04-01T22:26:37.433090+00:00,0.5910,"{""WAP4"": -67.33333333333333, ""WAP10"": -51.333333333333336, ""WAP1"": -57.333333333333336, ""WAP6"": -61.333333333333336}",5.0500,4.6400,103
86b8d9e1-0617-42a6-aa69-fa63dde37bd3,Tag2,Carleton University,Canal Building,3,D2,2026-04-01T22:26:37.433090+00:00,0.1000,"{""WAP4"": -67.33333333333333, ""WAP10"": -51.333333333333336, ""WAP1"": -57.333333333333336, ""WAP6"": -61.333333333333336}",5.5100,3.9600,103
83aa0821-cdb2-4fd9-84fc-395e53223d73,Tag2,Carleton University,Canal Building,3,D3,2026-04-01T22:27:56.418775+00:00,0.6620,"{""WAP4"": -65.5, ""WAP10"": -51.5, ""WAP1"": -59.5, ""WAP6"": -60.5}",5.3000,4.2600,105
967dbc03-ba92-4dc7-a172-bd90e58ebe50,Tag2,Carleton University,Canal Building,3,D2,2026-04-01T22:27:56.418775+00:00,0.1000,"{""WAP4"": -65.5, ""WAP10"": -51.5, ""WAP1"": -59.5, ""WAP6"": -60.5}",5.8000,3.4300,105
d9411787-a8bb-47a7-a5bb-f01d02941a7a,Tag2,Carleton University,Canal Building,3,D3,2026-04-01T22:27:56.418775+00:00,0.6620,"{""WAP4"": -65.5, ""WAP10"": -51.5, ""WAP1"": -59.5, ""WAP6"": -60.5}",5.3000,4.2600,105
9d024034-961b-4eb8-928d-0636465c67a6,Tag2,Carleton University,Canal Building,3,D2,2026-04-01T22:27:56.418775+00:00,0.1000,"{""WAP4"": -65.5, ""WAP10"": -51.5, ""WAP1"": -59.5, ""WAP6"": -60.5}",5.8000,3.4300,105
49636a80-cc7b-4f5a-9f13-259fd6045a7c,Tag2,Carleton University,Canal Building,3,C3,2026-04-01T22:29:38.422601+00:00,0.6880,"{""WAP4"": -67.33333333333333, ""WAP10"": -56.666666666666664, ""WAP1"": -58.0, ""WAP6"": -59.333333333333336}",3.8600,5.5500,108
58f8e58a-b496-4062-a01c-998704416a46,Tag2,Carleton University,Canal Building,3,C3,2026-04-01T22:29:38.422601+00:00,0.1000,"{""WAP4"": -67.33333333333333, ""WAP10"": -56.666666666666664, ""WAP1"": -58.0, ""WAP6"": -59.333333333333336}",3.8500,5.2500,108
d0af4a7f-23ca-49db-98dd-3e1e5b6d20b0,Tag2,Carleton University,Canal Building,3,C3,2026-04-01T22:29:38.422601+00:00,0.6880,"{""WAP4"": -67.33333333333333, ""WAP10"": -56.666666666666664, ""WAP1"": -58.0, ""WAP6"": -59.333333333333336}",3.8600,5.5500,108
de881b83-a034-48bd-ba30-8bf33591bff6,Tag2,Carleton University,Canal Building,3,C3,2026-04-01T22:29:38.422601+00:00,0.1000,"{""WAP4"": -67.33333333333333, ""WAP10"": -56.666666666666664, ""WAP1"": -58.0, ""WAP6"": -59.333333333333336}",3.8500,5.2500,108
123c0e26-b425-447e-806c-b38d3b80f631,Tag2,Carleton University,Canal Building,3,C3,2026-04-01T22:30:57.437469+00:00,0.6140,"{""WAP4"": -67.0, ""WAP10"": -52.0, ""WAP1"": -55.0, ""WAP6"": -57.0}",4.1500,5.0300,110
1e21fcca-9d61-475b-a448-40120f7fa609,Tag2,Carleton University,Canal Building,3,C3,2026-04-01T22:30:57.437469+00:00,0.1000,"{""WAP4"": -67.0, ""WAP10"": -52.0, ""WAP1"": -55.0, ""WAP6"": -57.0}",4.3200,4.6300,110
1d25b8ce-f76b-4735-a807-0677f803c81d,Tag2,Carleton University,Canal Building,3,C3,2026-04-01T22:30:57.437469+00:00,0.6140,"{""WAP4"": -67.0, ""WAP10"": -52.0, ""WAP1"": -55.0, ""WAP6"": -57.0}",4.1500,5.0300,110
fc999676-dbb7-4bb9-b000-9bfeda3955f4,Tag2,Carleton University,Canal Building,3,C3,2026-04-01T22:30:57.437469+00:00,0.1000,"{""WAP4"": -67.0, ""WAP10"": -52.0, ""WAP1"": -55.0, ""WAP6"": -57.0}",4.3200,4.6300,110
ba493126-eb48-4bc6-8e16-b6c2ac320ea5,Tag3,Carleton University,Canal Building,1,Lobby,2026-04-05T02:19:44.608806+00:00,0.0670,"{""WAP10"": -64.5, ""WAP1"": -74.0}",14.9300,38.3900,2
4b1bca95-e5b6-4b36-99e6-36b714210a99,Tag3,Carleton University,Canal Building,1,Lobby,2026-04-05T02:20:55.969485+00:00,0.0670,"{""WAP10"": -64.0, ""WAP1"": -73.5}",14.9300,38.3900,4
efa56f24-b37a-43bd-8526-10563babac38,Tag3,Carleton University,Canal Building,1,Lobby,2026-04-05T02:22:06.146162+00:00,0.0670,"{""WAP10"": -64.0, ""WAP1"": -73.5}",14.9300,38.3900,6
876a548a-694f-4d89-8d11-5265f25b815f,Tag2,Carleton University,Canal Building,1,Hall 1,2026-04-05T02:23:16.370064+00:00,0.1000,"{""WAP10"": -75.0, ""WAP6"": -79.0, ""WAP1"": -58.0}",11.1000,19.3400,8
4abbe50c-321e-4c4b-8f38-ef40ccdea7a7,Tag2,Carleton University,Canal Building,1,Hall 1,2026-04-05T02:23:16.370064+00:00,0.1000,"{""WAP10"": -75.0, ""WAP6"": -79.0, ""WAP1"": -58.0}",10.5400,18.3100,8
5d134986-e16c-4c7e-90b4-33aa4365277e,Tag3,Carleton University,Canal Building,1,Lobby,2026-04-05T02:23:16.370064+00:00,0.0670,"{""WAP10"": -65.0, ""WAP1"": -73.5}",14.7700,37.7400,8
46d74ecc-6b08-4f54-b40d-088a96299230,Tag2,Carleton University,Canal Building,1,Hall 1,2026-04-05T02:23:16.370064+00:00,0.1000,"{""WAP10"": -75.0, ""WAP6"": -79.0, ""WAP1"": -58.0}",11.1000,19.3400,8
1108a371-bce1-44e2-9a8a-6c78f3977e62,Tag2,Carleton University,Canal Building,1,Hall 1,2026-04-05T02:23:16.370064+00:00,0.1000,"{""WAP10"": -75.0, ""WAP6"": -79.0, ""WAP1"": -58.0}",10.5400,18.3100,8
bc7ff984-d728-42d1-90d8-0474ce958d69,Tag2,Carleton University,Canal Building,1,Hall 1,2026-04-05T02:24:54.180825+00:00,0.2470,"{""WAP10"": -68.0, ""WAP6"": -75.0, ""WAP1"": -53.333333333333336}",11.2500,20.2200,11
6da5014f-7547-4dcb-8217-a22ce7df6dc0,Tag2,Carleton University,Canal Building,1,Hall 1,2026-04-05T02:24:54.180825+00:00,0.1000,"{""WAP10"": -68.0, ""WAP6"": -75.0, ""WAP1"": -53.333333333333336}",10.6800,19.0400,11
2fadff97-48ff-48d2-9d80-0795dab236c3,Tag3,Carleton University,Canal Building,1,Lobby,2026-04-05T02:24:54.180825+00:00,0.0670,"{""WAP10"": -63.666666666666664, ""WAP1"": -73.66666666666667}",15.0000,38.7000,11
1cb8222a-0c84-483a-873a-7a1934b3f2f7,Tag2,Carleton University,Canal Building,1,Hall 1,2026-04-05T02:24:54.180825+00:00,0.2470,"{""WAP10"": -68.0, ""WAP6"": -75.0, ""WAP1"": -53.333333333333336}",11.2500,20.2200,11
23b3cdeb-eb16-4a5b-aee3-2f7a434ca997,Tag2,Carleton University,Canal Building,1,Hall 1,2026-04-05T02:24:54.180825+00:00,0.1000,"{""WAP10"": -68.0, ""WAP6"": -75.0, ""WAP1"": -53.333333333333336}",10.6800,19.0400,11
b54fcb0c-a134-4883-a1d0-1c349760b8e7,Tag2,Carleton University,Canal Building,1,Hall 1,2026-04-05T02:26:32.397665+00:00,0.3060,"{""WAP10"": -68.66666666666667, ""WAP6"": -74.0, ""WAP1"": -53.333333333333336}",11.2400,19.8800,14
4037fef8-f61e-4320-93aa-2d47ef93f8ed,Tag2,Carleton University,Canal Building,1,Hall 1,2026-04-05T02:26:32.397665+00:00,0.1000,"{""WAP10"": -68.66666666666667, ""WAP6"": -74.0, ""WAP1"": -53.333333333333336}",10.6600,18.7700,14
cc2ad23f-0931-410a-81cf-1f0e9cddf6d2,Tag3,Carleton University,Canal Building,1,Lobby,2026-04-05T02:26:32.397665+00:00,0.0670,"{""WAP10"": -63.0, ""WAP1"": -73.0}",15.0000,38.7000,14
ab518e82-7b8c-47f2-85c2-f7cb69b2ebc2,Tag2,Carleton University,Canal Building,1,Hall 1,2026-04-05T02:26:32.397665+00:00,0.3060,"{""WAP10"": -68.66666666666667, ""WAP6"": -74.0, ""WAP1"": -53.333333333333336}",11.2400,19.8800,14
478f8f36-97dd-4423-930c-3c5ba318688c,Tag2,Carleton University,Canal Building,1,Hall 1,2026-04-05T02:26:32.397665+00:00,0.1000,"{""WAP10"": -68.66666666666667, ""WAP6"": -74.0, ""WAP1"": -53.333333333333336}",10.6600,18.7700,14
e9d83e49-9852-4bbf-9750-500fcce886cd,Tag2,Carleton University,Canal Building,1,Hall 1,2026-04-05T02:28:10.138261+00:00,0.2930,"{""WAP10"": -69.66666666666667, ""WAP6"": -74.33333333333333, ""WAP1"": -53.666666666666664}",11.1900,19.6400,17
b7f4b977-8338-467d-b0b4-4c2341808755,Tag2,Carleton University,Canal Building,1,Hall 1,2026-04-05T02:28:10.138261+00:00,0.1000,"{""WAP10"": -69.66666666666667, ""WAP6"": -74.33333333333333, ""WAP1"": -53.666666666666664}",10.6100,18.5700,17
64f11647-d111-4531-8154-6e756879722a,Tag3,Carleton University,Canal Building,1,Lobby,2026-04-05T02:28:10.138261+00:00,0.0670,"{""WAP10"": -63.666666666666664, ""WAP1"": -73.33333333333333}",14.9500,38.5000,17
24878086-2c41-4a19-bd7e-5ef218c73cb7,Tag2,Carleton University,Canal Building,1,Hall 1,2026-04-05T02:28:10.138261+00:00,0.2930,"{""WAP10"": -69.66666666666667, ""WAP6"": -74.33333333333333, ""WAP1"": -53.666666666666664}",11.1900,19.6400,17
ff702d0f-21d5-46ef-b922-e27728c8a948,Tag2,Carleton University,Canal Building,1,Hall 1,2026-04-05T02:28:10.138261+00:00,0.1000,"{""WAP10"": -69.66666666666667, ""WAP6"": -74.33333333333333, ""WAP1"": -53.666666666666664}",10.6100,18.5700,17
cb7eb256-f112-4341-9d62-46a20b8d6a27,Tag3,Carleton University,Canal Building,1,Lobby,2026-04-05T02:35:30.576659+00:00,0.0670,"{""WAP1"": -74.0, ""WAP10"": -64.0}",15.0000,38.7000,2
1f349311-b1a4-46a0-b98a-c174ef78b122,Tag2,Carleton University,Canal Building,1,Hall 1,2026-04-05T02:35:30.576659+00:00,0.3670,"{""WAP6"": -74.0, ""WAP1"": -56.5, ""WAP10"": -69.5}",11.6000,20.4800,2
cb4cc1a0-3286-45b2-9353-8a1af68c63b7,Tag2,Carleton University,Canal Building,1,Hall 1,2026-04-05T02:35:30.576659+00:00,0.1000,"{""WAP6"": -74.0, ""WAP1"": -56.5, ""WAP10"": -69.5}",10.9800,19.4000,2
c4f50f92-eb6d-4eac-8ccf-e71d532cc44f,Tag2,Carleton University,Canal Building,1,Hall 1,2026-04-05T02:35:30.576659+00:00,0.3670,"{""WAP6"": -74.0, ""WAP1"": -56.5, ""WAP10"": -69.5}",11.6000,20.4800,2
fe5f5975-c210-49f9-a994-7d62e6957dfa,Tag2,Carleton University,Canal Building,1,Hall 1,2026-04-05T02:35:30.576659+00:00,0.1000,"{""WAP6"": -74.0, ""WAP1"": -56.5, ""WAP10"": -69.5}",10.9800,19.4000,2
bd12c642-ba10-464b-a3b3-4beebb398757,Tag3,Carleton University,Canal Building,1,Lobby,2026-04-05T02:37:26.136503+00:00,0.0670,"{""WAP1"": -73.5, ""WAP10"": -65.0}",14.7700,37.7400,5
b2856cc9-506e-4aa9-81e7-c0fd9f8c2390,Tag2,Carleton University,Canal Building,1,Hall 1,2026-04-05T02:37:26.136503+00:00,0.3180,"{""WAP6"": -74.0, ""WAP1"": -54.0, ""WAP10"": -69.0}",11.3000,19.9400,5
dd372d1b-3179-4487-b121-7b8e30130ac5,Tag2,Carleton University,Canal Building,1,Hall 1,2026-04-05T02:37:26.136503+00:00,0.1000,"{""WAP6"": -74.0, ""WAP1"": -54.0, ""WAP10"": -69.0}",10.7100,18.8400,5
1ab3ccc4-776e-40db-8322-ded824c0845f,Tag2,Carleton University,Canal Building,1,Hall 1,2026-04-05T02:37:26.136503+00:00,0.3180,"{""WAP6"": -74.0, ""WAP1"": -54.0, ""WAP10"": -69.0}",11.3000,19.9400,5
25acd7f8-d4bd-44c3-9187-83e12d497acb,Tag2,Carleton University,Canal Building,1,Hall 1,2026-04-05T02:37:26.136503+00:00,0.1000,"{""WAP6"": -74.0, ""WAP1"": -54.0, ""WAP10"": -69.0}",10.7100,18.8400,5
4200ff3a-e1a8-44f7-ba07-bca8b9c00eff,Tag3,Carleton University,Canal Building,1,Lobby,2026-04-05T02:42:38.263041+00:00,0.0670,"{""WAP1"": -73.0, ""WAP10"": -65.0}",14.6900,37.3900,12
6c18af92-b027-4d4c-b0dd-6f5b4884dec2,Tag2,Carleton University,Canal Building,1,Hall 1,2026-04-05T02:42:38.263041+00:00,0.1000,"{""WAP6"": -78.0, ""WAP1"": -54.0, ""WAP10"": -69.0}",11.1300,20.2500,12
54856e4c-6efb-4a3c-9c63-90c434caa0b1,Tag2,Carleton University,Canal Building,1,Hall 1,2026-04-05T02:42:38.263041+00:00,0.1000,"{""WAP6"": -78.0, ""WAP1"": -54.0, ""WAP10"": -69.0}",10.5900,19.0200,12
dae7a405-127c-4708-ba91-1be98d260fbd,Tag2,Carleton University,Canal Building,1,Hall 1,2026-04-05T02:42:38.263041+00:00,0.1000,"{""WAP6"": -78.0, ""WAP1"": -54.0, ""WAP10"": -69.0}",11.1300,20.2500,12
c0ada468-1c10-4ad0-8dce-ccca53861361,Tag2,Carleton University,Canal Building,1,Hall 1,2026-04-05T02:42:38.263041+00:00,0.1000,"{""WAP6"": -78.0, ""WAP1"": -54.0, ""WAP10"": -69.0}",10.5900,19.0200,12
dc7c7f8c-2948-4c37-938d-dc8a4e51c871,Tag3,Carleton University,Canal Building,1,Lobby,2026-04-05T02:44:15.895403+00:00,0.0670,"{""WAP1"": -73.33333333333333, ""WAP10"": -63.666666666666664}",14.9500,38.5000,15
502a4693-bea8-4a88-b632-af7f3776af92,Tag2,Carleton University,Canal Building,1,Hall 1,2026-04-05T02:44:15.895403+00:00,0.4170,"{""WAP6"": -72.66666666666667, ""WAP1"": -55.333333333333336, ""WAP10"": -69.33333333333333}",11.5300,20.0400,15
9ef47071-b17f-4331-a4fd-dbe0c5603d04,Tag2,Carleton University,Canal Building,1,Hall 1,2026-04-05T02:44:15.895403+00:00,0.1000,"{""WAP6"": -72.66666666666667, ""WAP1"": -55.333333333333336, ""WAP10"": -69.33333333333333}",10.9100,19.0000,15
b56825a6-a599-40f6-9c7d-39ddb66d0e7e,Tag2,Carleton University,Canal Building,1,Hall 1,2026-04-05T02:44:15.895403+00:00,0.4170,"{""WAP6"": -72.66666666666667, ""WAP1"": -55.333333333333336, ""WAP10"": -69.33333333333333}",11.5300,20.0400,15
ba008a7c-aac0-4bcc-ab39-0856a6f732a5,Tag2,Carleton University,Canal Building,1,Hall 1,2026-04-05T02:44:15.895403+00:00,0.1000,"{""WAP6"": -72.66666666666667, ""WAP1"": -55.333333333333336, ""WAP10"": -69.33333333333333}",10.9100,19.0000,15
fdc863ea-118f-48d4-b40e-7754f77de99f,Tag3,Carleton University,Canal Building,1,Lobby,2026-04-05T02:49:01.383631+00:00,0.0670,"{""WAP1"": -73.33333333333333, ""WAP10"": -64.0}",14.9000,38.2900,18
27f808ea-680d-4cfe-8cb9-26e2282591a4,Tag2,Carleton University,Canal Building,1,Hall 1,2026-04-05T02:49:01.383631+00:00,0.4510,"{""WAP6"": -72.66666666666667, ""WAP1"": -57.0, ""WAP10"": -70.0}",11.7200,20.2300,18
e6dc5506-5ba0-45a0-a74b-1facfe938f2c,Tag2,Carleton University,Canal Building,1,Hall 1,2026-04-05T02:49:01.383631+00:00,0.1000,"{""WAP6"": -72.66666666666667, ""WAP1"": -57.0, ""WAP10"": -70.0}",11.0900,19.2200,18
99c15c95-6c36-458a-a2e2-582350c1bd00,Tag2,Carleton University,Canal Building,1,Hall 1,2026-04-05T02:49:01.383631+00:00,0.4510,"{""WAP6"": -72.66666666666667, ""WAP1"": -57.0, ""WAP10"": -70.0}",11.7200,20.2300,18
66bced39-a4d0-4176-ad18-cd964447f6ab,Tag2,Carleton University,Canal Building,1,Hall 1,2026-04-05T02:49:01.383631+00:00,0.1000,"{""WAP6"": -72.66666666666667, ""WAP1"": -57.0, ""WAP10"": -70.0}",11.0900,19.2200,18
b7d403a4-25e4-4a1a-b06f-16583d6c6768,Tag3,Carleton University,Canal Building,1,Lobby,2026-04-05T02:50:39.357066+00:00,0.0670,"{""WAP1"": -73.0, ""WAP10"": -64.0}",14.8500,38.0700,21
d9c4e1f1-2254-44c9-bb53-df5a2e662c59,Tag2,Carleton University,Canal Building,1,Hall 1,2026-04-05T02:50:39.357066+00:00,0.3490,"{""WAP6"": -73.66666666666667, ""WAP1"": -54.666666666666664, ""WAP10"": -71.33333333333333}",11.2300,19.2600,21
a2327e6c-6c99-4dbe-9586-d21dd7b39ddf,Tag2,Carleton University,Canal Building,1,Hall 1,2026-04-05T02:50:39.357066+00:00,0.1000,"{""WAP6"": -73.66666666666667, ""WAP1"": -54.666666666666664, ""WAP10"": -71.33333333333333}",10.6400,18.2900,21
fc6c8107-469c-450f-873d-816be19bb248,Tag2,Carleton University,Canal Building,1,Hall 1,2026-04-05T02:50:39.357066+00:00,0.3490,"{""WAP6"": -73.66666666666667, ""WAP1"": -54.666666666666664, ""WAP10"": -71.33333333333333}",11.2300,19.2600,21
8f962858-6ffe-4918-a022-1790a46bcb27,Tag2,Carleton University,Canal Building,1,Hall 1,2026-04-05T02:50:39.357066+00:00,0.1000,"{""WAP6"": -73.66666666666667, ""WAP1"": -54.666666666666664, ""WAP10"": -71.33333333333333}",10.6400,18.2900,21
e26b0711-057b-4251-b819-f05652db40c9,Tag3,Carleton University,Canal Building,1,Lobby,2026-04-05T02:52:17.230147+00:00,0.0760,"{""WAP1"": -73.66666666666667, ""WAP10"": -68.33333333333333}",14.2000,35.2700,24
6d4287d5-2191-4de1-964d-9cdcf8984094,Tag2,Carleton University,Canal Building,1,Hall 1,2026-04-05T02:52:17.230147+00:00,0.3170,"{""WAP6"": -73.66666666666667, ""WAP1"": -56.0, ""WAP10"": -74.66666666666667}",11.2000,18.5300,24
8b072b73-b1ac-4bcd-b7c0-e46f9fa08e51,Tag2,Carleton University,Canal Building,1,Hall 1,2026-04-05T02:52:17.230147+00:00,0.1000,"{""WAP6"": -73.66666666666667, ""WAP1"": -56.0, ""WAP10"": -74.66666666666667}",10.6100,17.7300,24
68b4db6b-97b7-4bd9-b1cf-03c9acbeb520,Tag2,Carleton University,Canal Building,1,Hall 1,2026-04-05T02:52:17.230147+00:00,0.3170,"{""WAP6"": -73.66666666666667, ""WAP1"": -56.0, ""WAP10"": -74.66666666666667}",11.2000,18.5300,24
ac1631c7-7e8d-47ed-bf9b-290de5c5c90c,Tag2,Carleton University,Canal Building,1,Hall 1,2026-04-05T02:52:17.230147+00:00,0.1000,"{""WAP6"": -73.66666666666667, ""WAP1"": -56.0, ""WAP10"": -74.66666666666667}",10.6100,17.7300,24
716ee3d3-8691-4cbd-b622-0a42dbc2709a,Tag3,Carleton University,Canal Building,1,Lobby,2026-04-05T02:53:54.335054+00:00,0.0670,"{""WAP1"": -73.66666666666667, ""WAP10"": -59.666666666666664}",15.4500,40.6300,27
0651bb45-773c-4cad-b647-5b251dab7f91,Tag2,Carleton University,Canal Building,1,Hall 1,2026-04-05T02:53:54.335054+00:00,0.3870,"{""WAP6"": -73.33333333333333, ""WAP1"": -55.666666666666664, ""WAP10"": -68.33333333333333}",11.6200,20.6500,27
184d5048-dcb6-47e2-8d49-f34bd66a1da5,Tag2,Carleton University,Canal Building,1,Hall 1,2026-04-05T02:53:54.335054+00:00,0.1000,"{""WAP6"": -73.33333333333333, ""WAP1"": -55.666666666666664, ""WAP10"": -68.33333333333333}",11.0000,19.5600,27
bf5708a5-c5d4-494a-be56-3c34000c6666,Tag2,Carleton University,Canal Building,1,Hall 1,2026-04-05T02:53:54.335054+00:00,0.3870,"{""WAP6"": -73.33333333333333, ""WAP1"": -55.666666666666664, ""WAP10"": -68.33333333333333}",11.6200,20.6500,27
ecd56f85-c2f3-4be2-80f2-cb17c6aa2d61,Tag2,Carleton University,Canal Building,1,Hall 1,2026-04-05T02:53:54.335054+00:00,0.1000,"{""WAP6"": -73.33333333333333, ""WAP1"": -55.666666666666664, ""WAP10"": -68.33333333333333}",11.0000,19.5600,27
0a25dee9-a4e7-46bc-b5d6-0838c4e72cd4,Tag3,Carleton University,Canal Building,1,Lobby,2026-04-05T02:55:32.938238+00:00,0.0670,"{""WAP1"": -74.33333333333333, ""WAP10"": -56.666666666666664}",15.7100,41.7500,30
3f54dc92-afd3-4e7d-bf3f-a1d948e2d311,Tag2,Carleton University,Canal Building,1,Privacy Zone,2026-04-05T02:55:32.938238+00:00,0.4540,"{""WAP6"": -72.33333333333333, ""WAP1"": -56.333333333333336, ""WAP10"": -63.0}",12.3500,23.7000,30
779aee6b-592c-408d-903c-e9bcf2494379,Tag2,Carleton University,Canal Building,1,Hall 1,2026-04-05T02:55:32.938238+00:00,0.1000,"{""WAP6"": -72.33333333333333, ""WAP1"": -56.333333333333336, ""WAP10"": -63.0}",11.8400,22.9900,30
99732c10-95fa-46a2-9260-d2553419dc65,Tag2,Carleton University,Canal Building,1,Privacy Zone,2026-04-05T02:55:32.938238+00:00,0.4540,"{""WAP6"": -72.33333333333333, ""WAP1"": -56.333333333333336, ""WAP10"": -63.0}",12.3500,23.7000,30
e9ebdf53-8014-4ece-8406-822aecfcb9a9,Tag2,Carleton University,Canal Building,1,Hall 1,2026-04-05T02:55:32.938238+00:00,0.1000,"{""WAP6"": -72.33333333333333, ""WAP1"": -56.333333333333336, ""WAP10"": -63.0}",11.8400,22.9900,30
5472b4c7-3576-4378-b72b-37ae29a1063e,Tag3,Carleton University,Canal Building,1,Lobby,2026-04-05T02:58:49.155372+00:00,0.0670,"{""WAP1"": -75.33333333333333, ""WAP10"": -55.333333333333336}",15.8200,42.2300,33
f3f99770-3b86-4ae3-bb98-07cb503fc1e7,Tag2,Carleton University,Canal Building,1,Privacy Zone,2026-04-05T02:58:49.155372+00:00,0.4480,"{""WAP6"": -73.0, ""WAP1"": -57.666666666666664, ""WAP10"": -64.0}",12.4200,23.8100,33
95afd233-bda8-4e9f-91f7-d6425cd42e3b,Tag2,Carleton University,Canal Building,1,Hall 1,2026-04-05T02:58:49.155372+00:00,0.1000,"{""WAP6"": -73.0, ""WAP1"": -57.666666666666664, ""WAP10"": -64.0}",11.9300,23.1700,33
11df1b8c-c6b0-43a7-af93-9863d9f25565,Tag2,Carleton University,Canal Building,1,Privacy Zone,2026-04-05T02:58:49.155372+00:00,0.4480,"{""WAP6"": -73.0, ""WAP1"": -57.666666666666664, ""WAP10"": -64.0}",12.4200,23.8100,33
2f79cb58-ff38-48be-a56d-8310404c592c,Tag2,Carleton University,Canal Building,1,Hall 1,2026-04-05T02:58:49.155372+00:00,0.1000,"{""WAP6"": -73.0, ""WAP1"": -57.666666666666664, ""WAP10"": -64.0}",11.9300,23.1700,33
c6e62448-b917-4d4c-b3ce-eec1274b9444,Tag3,Carleton University,Canal Building,1,Lobby,2026-04-05T03:02:09.220717+00:00,0.0670,"{""WAP1"": -74.0, ""WAP10"": -56.333333333333336}",15.7100,41.7500,36
58e489c9-fd0a-42e9-a6cc-6e5d70dee9a2,Tag2,Carleton University,Canal Building,1,Lobby,2026-04-05T03:02:09.220717+00:00,0.4370,"{""WAP6"": -73.33333333333333, ""WAP1"": -58.0, ""WAP10"": -63.666666666666664}",12.5100,24.2600,36
5fa746ef-d01b-4d41-ae47-0fada108ed10,Tag2,Carleton University,Canal Building,1,Privacy Zone,2026-04-05T03:02:09.220717+00:00,0.1000,"{""WAP6"": -73.33333333333333, ""WAP1"": -58.0, ""WAP10"": -63.666666666666664}",12.0400,23.7100,36
5be0da65-5256-4c6a-bc3d-b683e187da83,Tag2,Carleton University,Canal Building,1,Lobby,2026-04-05T03:02:09.220717+00:00,0.4370,"{""WAP6"": -73.33333333333333, ""WAP1"": -58.0, ""WAP10"": -63.666666666666664}",12.5100,24.2600,36
7136e8bd-a0fb-4442-be05-7c26579bd676,Tag2,Carleton University,Canal Building,1,Privacy Zone,2026-04-05T03:02:09.220717+00:00,0.1000,"{""WAP6"": -73.33333333333333, ""WAP1"": -58.0, ""WAP10"": -63.666666666666664}",12.0400,23.7100,36
a7a3ee28-cd2c-438d-b68c-8e37107de577,Tag3,Carleton University,Canal Building,1,Lobby,2026-04-05T03:03:35.705669+00:00,0.0670,"{""WAP1"": -75.0, ""WAP10"": -55.333333333333336}",15.8100,42.1700,39
5094a6ce-c86e-4e19-9aa9-b8cf12497d9f,Tag2,Carleton University,Canal Building,1,Privacy Zone,2026-04-05T03:03:35.705669+00:00,0.5080,"{""WAP6"": -72.0, ""WAP1"": -58.0, ""WAP10"": -63.333333333333336}",12.6200,24.2400,39
fd969c9b-c0fa-4dfd-85c8-661557fc9c26,Tag2,Carleton University,Canal Building,1,Privacy Zone,2026-04-05T03:03:35.705669+00:00,0.1000,"{""WAP6"": -72.0, ""WAP1"": -58.0, ""WAP10"": -63.333333333333336}",12.1700,23.7900,39
93f050ae-5338-47ab-a128-b30ab06c403c,Tag2,Carleton University,Canal Building,1,Privacy Zone,2026-04-05T03:03:35.705669+00:00,0.5080,"{""WAP6"": -72.0, ""WAP1"": -58.0, ""WAP10"": -63.333333333333336}",12.6200,24.2400,39
c3cf381d-1cb7-4792-9779-b3df34b44802,Tag2,Carleton University,Canal Building,1,Privacy Zone,2026-04-05T03:03:35.705669+00:00,0.1000,"{""WAP6"": -72.0, ""WAP1"": -58.0, ""WAP10"": -63.333333333333336}",12.1700,23.7900,39
b16c1235-34fa-453a-a288-52c11c996539,Tag2,Carleton University,Canal Building,1,Privacy Zone,2026-04-05T03:05:46.070125+00:00,0.5080,"{""WAP6"": -72.0, ""WAP1"": -58.0, ""WAP10"": -64.5}",12.4800,23.4600,41
5b79490a-f8b5-4845-95b3-92b50a2bc7af,Tag2,Carleton University,Canal Building,1,Hall 1,2026-04-05T03:05:46.070125+00:00,0.1000,"{""WAP6"": -72.0, ""WAP1"": -58.0, ""WAP10"": -64.5}",11.9800,22.8400,41
493db125-7649-4fb1-a243-ef7b7558c6fc,Tag3,Carleton University,Canal Building,1,Lobby,2026-04-05T03:05:46.070125+00:00,0.0670,"{""WAP1"": -74.5, ""WAP10"": -56.5}",15.7300,41.8300,41
01defbad-f859-415c-aebc-d5d8374f2f92,Tag2,Carleton University,Canal Building,1,Privacy Zone,2026-04-05T03:05:46.070125+00:00,0.5080,"{""WAP6"": -72.0, ""WAP1"": -58.0, ""WAP10"": -64.5}",12.4800,23.4600,41
a7b15e0c-3d2e-42dd-bb99-96096cb77a0f,Tag2,Carleton University,Canal Building,1,Hall 1,2026-04-05T03:05:46.070125+00:00,0.1000,"{""WAP6"": -72.0, ""WAP1"": -58.0, ""WAP10"": -64.5}",11.9800,22.8400,41
1503bd5b-15f2-4be1-8f96-ae93269ecb4a,Tag2,Carleton University,Canal Building,1,Lobby,2026-04-05T03:07:25.363094+00:00,0.4810,"{""WAP6"": -72.66666666666667, ""WAP1"": -58.333333333333336, ""WAP10"": -63.333333333333336}",12.6400,24.5300,44
129a1f40-0679-404a-91ea-ef02fd397da8,Tag2,Carleton University,Canal Building,1,Privacy Zone,2026-04-05T03:07:25.363094+00:00,0.1000,"{""WAP6"": -72.66666666666667, ""WAP1"": -58.333333333333336, ""WAP10"": -63.333333333333336}",12.2100,24.1400,44
613b3b01-8bc6-4470-b353-7c799161bb88,Tag3,Carleton University,Canal Building,1,Lobby,2026-04-05T03:07:25.363094+00:00,0.0670,"{""WAP1"": -74.0, ""WAP10"": -55.666666666666664}",15.7500,41.9100,44
b1061971-3b82-4ef6-b23f-acf9caa5baa6,Tag2,Carleton University,Canal Building,1,Lobby,2026-04-05T03:07:25.363094+00:00,0.4810,"{""WAP6"": -72.66666666666667, ""WAP1"": -58.333333333333336, ""WAP10"": -63.333333333333336}",12.6400,24.5300,44
40af162e-e7f3-41f3-86c8-e98b7a0205bc,Tag2,Carleton University,Canal Building,1,Privacy Zone,2026-04-05T03:07:25.363094+00:00,0.1000,"{""WAP6"": -72.66666666666667, ""WAP1"": -58.333333333333336, ""WAP10"": -63.333333333333336}",12.2100,24.1400,44
0a074172-11cf-452e-ad4b-5c2654faefe2,Tag2,Carleton University,Canal Building,1,Privacy Zone,2026-04-05T03:09:04.341733+00:00,0.5100,"{""WAP6"": -71.66666666666667, ""WAP1"": -57.333333333333336, ""WAP10"": -63.0}",12.5600,24.0800,47
837d8697-6517-4d23-8d32-94282dc50ccf,Tag2,Carleton University,Canal Building,1,Privacy Zone,2026-04-05T03:09:04.341733+00:00,0.1000,"{""WAP6"": -71.66666666666667, ""WAP1"": -57.333333333333336, ""WAP10"": -63.0}",12.0900,23.5700,47
c0d9fbc8-7f49-4879-a625-eeda8311603a,Tag3,Carleton University,Canal Building,1,Lobby,2026-04-05T03:09:04.341733+00:00,0.0670,"{""WAP1"": -74.66666666666667, ""WAP10"": -55.666666666666664}",15.7800,42.0400,47
63364459-c0f2-41c4-933e-df292f8e5238,Tag2,Carleton University,Canal Building,1,Privacy Zone,2026-04-05T03:09:04.341733+00:00,0.5100,"{""WAP6"": -71.66666666666667, ""WAP1"": -57.333333333333336, ""WAP10"": -63.0}",12.5600,24.0800,47
2be12c54-7a1f-43fa-83d1-868678fc158c,Tag2,Carleton University,Canal Building,1,Privacy Zone,2026-04-05T03:09:04.341733+00:00,0.1000,"{""WAP6"": -71.66666666666667, ""WAP1"": -57.333333333333336, ""WAP10"": -63.0}",12.0900,23.5700,47
d5d6b063-9a83-45cf-adcf-5557234a4edc,Tag2,Carleton University,Canal Building,1,Lobby,2026-04-05T03:10:34.934615+00:00,0.5080,"{""WAP6"": -72.0, ""WAP1"": -58.0, ""WAP10"": -63.0}",12.6600,24.4700,49
c1be5055-f7f2-47ea-92a7-a62ae4328f27,Tag2,Carleton University,Canal Building,1,Privacy Zone,2026-04-05T03:10:34.934615+00:00,0.1000,"{""WAP6"": -72.0, ""WAP1"": -58.0, ""WAP10"": -63.0}",12.2300,24.0800,49
fd1e74e2-10ae-4ab3-8fb6-51263f42eb76,Tag3,Carleton University,Canal Building,1,Lobby,2026-04-05T03:10:34.934615+00:00,0.0670,"{""WAP1"": -75.0, ""WAP10"": -55.0}",15.8200,42.2300,49
9ead91cc-0647-4316-98f1-0534aec8a370,Tag2,Carleton University,Canal Building,1,Lobby,2026-04-05T03:10:34.934615+00:00,0.5080,"{""WAP6"": -72.0, ""WAP1"": -58.0, ""WAP10"": -63.0}",12.6600,24.4700,49
527eca67-dd71-4b60-9887-263defb021fc,Tag2,Carleton University,Canal Building,1,Privacy Zone,2026-04-05T03:10:34.934615+00:00,0.1000,"{""WAP6"": -72.0, ""WAP1"": -58.0, ""WAP10"": -63.0}",12.2300,24.0800,49
ec5332c4-a1a3-4313-a7fb-086043730f0d,Tag2,Carleton University,Canal Building,1,Privacy Zone,2026-04-05T03:40:44.139003+00:00,0.5080,"{""WAP10"": -66.0, ""WAP1"": -58.0, ""WAP6"": -72.0}",12.3100,22.5200,8
e2e4cd00-f2bc-4e3d-882f-38dfecbf46ac,Tag2,Carleton University,Canal Building,1,Hall 1,2026-04-05T03:40:44.139003+00:00,0.1000,"{""WAP10"": -66.0, ""WAP1"": -58.0, ""WAP6"": -72.0}",11.7500,21.7300,8
37ac4d8a-bda0-498e-860a-231960e7921a,Tag2,Carleton University,Canal Building,1,Privacy Zone,2026-04-05T03:40:44.139003+00:00,0.5080,"{""WAP10"": -66.0, ""WAP1"": -58.0, ""WAP6"": -72.0}",12.3100,22.5200,8
f0bcdf80-a676-4866-8c99-64eba05f6e32,Tag2,Carleton University,Canal Building,1,Hall 1,2026-04-05T03:40:44.139003+00:00,0.1000,"{""WAP10"": -66.0, ""WAP1"": -58.0, ""WAP6"": -72.0}",11.7500,21.7300,8
